"LocationAbbr","LocationDesc","Year","Datasource","TopicDesc","MeasureDesc","Data_Value","Data_Value_Unit","Data_Value_Type","GeoLocation","Source","TopicTypeId","TopicId","MeasureId"
"AL","Alabama","2019","OW","The Tax Burden on Tobacco","Cigarette Sales","165,763,113","$","Dollars","POINT (-86.631860762 32.840571122)","Table 12- Orzechowski and Walker, Tax Burden on Tobacco","POL","450POL","450CGS"
"AK","Alaska","2019","OW","The Tax Burden on Tobacco","Cigarette Sales","44,773,153","$","Dollars","POINT (-147.722059036 64.845079957001)","Table 12- Orzechowski and Walker, Tax Burden on Tobacco","POL","450POL","450CGS"
"AZ","Arizona","2019","OW","The Tax Burden on Tobacco","Cigarette Sales","296,712,275","$","Dollars","POINT (-111.763811277 34.86597028)","Table 12- Orzechowski and Walker, Tax Burden on Tobacco","POL","450POL","450CGS"
"AR","Arkansas","2019","OW","The Tax Burden on Tobacco","Cigarette Sales","161,909,335","$","Dollars","POINT (-92.274490743 34.748650124)","Table 12- Orzechowski and Walker, Tax Burden on Tobacco","POL","450POL","450CGS"
"CA","California","2019","OW","The Tax Burden on Tobacco","Cigarette Sales","1,791,254,942","$","Dollars","POINT (-120.999999538 37.638640123)","Table 12- Orzechowski and Walker, Tax Burden on Tobacco","POL","450POL","450CGS"
"CO","Colorado","2019","OW","The Tax Burden on Tobacco","Cigarette Sales","145,551,255","$","Dollars","POINT (-106.133610921 38.843840757)","Table 12- Orzechowski and Walker, Tax Burden on Tobacco","POL","450POL","450CGS"
"CT","Connecticut","2019","OW","The Tax Burden on Tobacco","Cigarette Sales","343,079,595","$","Dollars","POINT (-72.649840952 41.56266102)","Table 12- Orzechowski and Walker, Tax Burden on Tobacco","POL","450POL","450CGS"
"DE","Delaware","2019","OW","The Tax Burden on Tobacco","Cigarette Sales","113,012,160","$","Dollars","POINT (-75.577741168 39.008830667)","Table 12- Orzechowski and Walker, Tax Burden on Tobacco","POL","450POL","450CGS"
"DC","District of Columbia","2019","OW","The Tax Burden on Tobacco","Cigarette Sales","27,419,844","$","Dollars","POINT (-77.031961127 38.890371385)","Table 12- Orzechowski and Walker, Tax Burden on Tobacco","POL","450POL","450CGS"
"FL","Florida","2019","OW","The Tax Burden on Tobacco","Cigarette Sales","1,033,636,106","$","Dollars","POINT (-81.928960539 28.932040377)","Table 12- Orzechowski and Walker, Tax Burden on Tobacco","POL","450POL","450CGS"
"GA","Georgia","2019","OW","The Tax Burden on Tobacco","Cigarette Sales","168,549,095","$","Dollars","POINT (-83.627580346 32.839681093)","Table 12- Orzechowski and Walker, Tax Burden on Tobacco","POL","450POL","450CGS"
"HI","Hawaii","2019","OW","The Tax Burden on Tobacco","Cigarette Sales","102,478,034","$","Dollars","POINT (-157.857749403 21.304850435)","Table 12- Orzechowski and Walker, Tax Burden on Tobacco","POL","450POL","450CGS"
"ID","Idaho","2019","OW","The Tax Burden on Tobacco","Cigarette Sales","35,817,868","$","Dollars","POINT (-114.363730042 43.682630005)","Table 12- Orzechowski and Walker, Tax Burden on Tobacco","POL","450POL","450CGS"
"IL","Illinois","2019","OW","The Tax Burden on Tobacco","Cigarette Sales","739,007,280","$","Dollars","POINT (-88.997710178 40.485010283)","Table 12- Orzechowski and Walker, Tax Burden on Tobacco","POL","450POL","450CGS"
"IN","Indiana","2019","OW","The Tax Burden on Tobacco","Cigarette Sales","371,597,683","$","Dollars","POINT (-86.149960194 39.766910452)","Table 12- Orzechowski and Walker, Tax Burden on Tobacco","POL","450POL","450CGS"
"IA","Iowa","2019","OW","The Tax Burden on Tobacco","Cigarette Sales","178,920,957","$","Dollars","POINT (-93.816490556 42.469400913)","Table 12- Orzechowski and Walker, Tax Burden on Tobacco","POL","450POL","450CGS"
"KS","Kansas","2019","OW","The Tax Burden on Tobacco","Cigarette Sales","116,778,114","$","Dollars","POINT (-98.200781227 38.3477403)","Table 12- Orzechowski and Walker, Tax Burden on Tobacco","POL","450POL","450CGS"
"KY","Kentucky","2019","OW","The Tax Burden on Tobacco","Cigarette Sales","360,354,376","$","Dollars","POINT (-84.774971048 37.645970271)","Table 12- Orzechowski and Walker, Tax Burden on Tobacco","POL","450POL","450CGS"
"LA","Louisiana","2019","OW","The Tax Burden on Tobacco","Cigarette Sales","255,857,940","$","Dollars","POINT (-92.445680071 31.312660644)","Table 12- Orzechowski and Walker, Tax Burden on Tobacco","POL","450POL","450CGS"
"ME","Maine","2019","OW","The Tax Burden on Tobacco","Cigarette Sales","114,109,159","$","Dollars","POINT (-68.985031336 45.254228894001)","Table 12- Orzechowski and Walker, Tax Burden on Tobacco","POL","450POL","450CGS"
"MD","Maryland","2019","OW","The Tax Burden on Tobacco","Cigarette Sales","318,978,500","$","Dollars","POINT (-76.609260111 39.290580964)","Table 12- Orzechowski and Walker, Tax Burden on Tobacco","POL","450POL","450CGS"
"MA","Massachusetts","2019","OW","The Tax Burden on Tobacco","Cigarette Sales","516,455,432","$","Dollars","POINT (-72.082690675 42.27687047)","Table 12- Orzechowski and Walker, Tax Burden on Tobacco","POL","450POL","450CGS"
"MI","Michigan","2019","OW","The Tax Burden on Tobacco","Cigarette Sales","824,738,945","$","Dollars","POINT (-84.71439027 44.661319543001)","Table 12- Orzechowski and Walker, Tax Burden on Tobacco","POL","450POL","450CGS"
"MN","Minnesota","2019","OW","The Tax Burden on Tobacco","Cigarette Sales","499,434,097","$","Dollars","POINT (-94.794200503 46.355648736)","Table 12- Orzechowski and Walker, Tax Burden on Tobacco","POL","450POL","450CGS"
"MS","Mississippi","2019","OW","The Tax Burden on Tobacco","Cigarette Sales","109,232,428","$","Dollars","POINT (-89.538030825 32.745510099)","Table 12- Orzechowski and Walker, Tax Burden on Tobacco","POL","450POL","450CGS"
"MO","Missouri","2019","OW","The Tax Burden on Tobacco","Cigarette Sales","75,182,712","$","Dollars","POINT (-92.566300053 38.635790776)","Table 12- Orzechowski and Walker, Tax Burden on Tobacco","POL","450POL","450CGS"
"MT","Montana","2019","OW","The Tax Burden on Tobacco","Cigarette Sales","67,151,551","$","Dollars","POINT (-109.424420645 47.066528972)","Table 12- Orzechowski and Walker, Tax Burden on Tobacco","POL","450POL","450CGS"
"NE","Nebraska","2019","OW","The Tax Burden on Tobacco","Cigarette Sales","50,168,160","$","Dollars","POINT (-99.365720623 41.641040988001)","Table 12- Orzechowski and Walker, Tax Burden on Tobacco","POL","450POL","450CGS"
"NV","Nevada","2019","OW","The Tax Burden on Tobacco","Cigarette Sales","174,921,930","$","Dollars","POINT (-117.071840564 39.49324039)","Table 12- Orzechowski and Walker, Tax Burden on Tobacco","POL","450POL","450CGS"
"NH","New Hampshire","2019","OW","The Tax Burden on Tobacco","Cigarette Sales","189,399,120","$","Dollars","POINT (-71.50036092 43.655950113)","Table 12- Orzechowski and Walker, Tax Burden on Tobacco","POL","450POL","450CGS"
"NJ","New Jersey","2019","OW","The Tax Burden on Tobacco","Cigarette Sales","579,978,900","$","Dollars","POINT (-74.273691288 40.130570048)","Table 12- Orzechowski and Walker, Tax Burden on Tobacco","POL","450POL","450CGS"
"NM","New Mexico","2019","OW","The Tax Burden on Tobacco","Cigarette Sales","78,666,356","$","Dollars","POINT (-106.240580985 34.520880952)","Table 12- Orzechowski and Walker, Tax Burden on Tobacco","POL","450POL","450CGS"
"NY","New York","2019","OW","The Tax Burden on Tobacco","Cigarette Sales","995,653,069","$","Dollars","POINT (-75.543970427 42.827001032)","Table 12- Orzechowski and Walker, Tax Burden on Tobacco","POL","450POL","450CGS"
"NC","North Carolina","2019","OW","The Tax Burden on Tobacco","Cigarette Sales","241,091,949","$","Dollars","POINT (-79.159250463 35.466220975)","Table 12- Orzechowski and Walker, Tax Burden on Tobacco","POL","450POL","450CGS"
"ND","North Dakota","2019","OW","The Tax Burden on Tobacco","Cigarette Sales","20,034,034","$","Dollars","POINT (-100.118421049 47.475319779)","Table 12- Orzechowski and Walker, Tax Burden on Tobacco","POL","450POL","450CGS"
"OH","Ohio","2019","OW","The Tax Burden on Tobacco","Cigarette Sales","855,373,680","$","Dollars","POINT (-82.404260056 40.060210141)","Table 12- Orzechowski and Walker, Tax Burden on Tobacco","POL","450POL","450CGS"
"OK","Oklahoma","2019","OW","The Tax Burden on Tobacco","Cigarette Sales","342,481,889","$","Dollars","POINT (-97.521070214 35.472031356)","Table 12- Orzechowski and Walker, Tax Burden on Tobacco","POL","450POL","450CGS"
"OR","Oregon","2019","OW","The Tax Burden on Tobacco","Cigarette Sales","194,987,726","$","Dollars","POINT (-120.155031326 44.567449424)","Table 12- Orzechowski and Walker, Tax Burden on Tobacco","POL","450POL","450CGS"
"PA","Pennsylvania","2019","OW","The Tax Burden on Tobacco","Cigarette Sales","1,187,425,200","$","Dollars","POINT (-77.860700294 40.793730152)","Table 12- Orzechowski and Walker, Tax Burden on Tobacco","POL","450POL","450CGS"
"RI","Rhode Island","2019","OW","The Tax Burden on Tobacco","Cigarette Sales","130,740,848","$","Dollars","POINT (-71.522470314 41.708280193)","Table 12- Orzechowski and Walker, Tax Burden on Tobacco","POL","450POL","450CGS"
"SC","South Carolina","2019","OW","The Tax Burden on Tobacco","Cigarette Sales","157,479,471","$","Dollars","POINT (-81.045371207 33.998821303)","Table 12- Orzechowski and Walker, Tax Burden on Tobacco","POL","450POL","450CGS"
"SD","South Dakota","2019","OW","The Tax Burden on Tobacco","Cigarette Sales","47,222,260","$","Dollars","POINT (-100.373530637 44.353130053)","Table 12- Orzechowski and Walker, Tax Burden on Tobacco","POL","450POL","450CGS"
"TN","Tennessee","2019","OW","The Tax Burden on Tobacco","Cigarette Sales","232,877,687","$","Dollars","POINT (-85.774490914 35.68094058)","Table 12- Orzechowski and Walker, Tax Burden on Tobacco","POL","450POL","450CGS"
"TX","Texas","2019","OW","The Tax Burden on Tobacco","Cigarette Sales","1,168,588,119","$","Dollars","POINT (-99.426770206 31.827240407)","Table 12- Orzechowski and Walker, Tax Burden on Tobacco","POL","450POL","450CGS"
"UT","Utah","2019","OW","The Tax Burden on Tobacco","Cigarette Sales","85,293,589","$","Dollars","POINT (-111.587130635 39.360700171)","Table 12- Orzechowski and Walker, Tax Burden on Tobacco","POL","450POL","450CGS"
"VT","Vermont","2019","OW","The Tax Burden on Tobacco","Cigarette Sales","60,801,534","$","Dollars","POINT (-72.517640791 43.625381239)","Table 12- Orzechowski and Walker, Tax Burden on Tobacco","POL","450POL","450CGS"
"VA","Virginia","2019","OW","The Tax Burden on Tobacco","Cigarette Sales","131,839,584","$","Dollars","POINT (-78.457890463 37.542680674)","Table 12- Orzechowski and Walker, Tax Burden on Tobacco","POL","450POL","450CGS"
"WA","Washington","2019","OW","The Tax Burden on Tobacco","Cigarette Sales","345,688,015","$","Dollars","POINT (-120.47001079 47.522278629)","Table 12- Orzechowski and Walker, Tax Burden on Tobacco","POL","450POL","450CGS"
"WV","West Virginia","2019","OW","The Tax Burden on Tobacco","Cigarette Sales","162,543,400","$","Dollars","POINT (-80.712640135 38.665510202)","Table 12- Orzechowski and Walker, Tax Burden on Tobacco","POL","450POL","450CGS"
"WI","Wisconsin","2019","OW","The Tax Burden on Tobacco","Cigarette Sales","518,420,169","$","Dollars","POINT (-89.816370742 44.393191174)","Table 12- Orzechowski and Walker, Tax Burden on Tobacco","POL","450POL","450CGS"
"WY","Wyoming","2019","OW","The Tax Burden on Tobacco","Cigarette Sales","17,125,915","$","Dollars","POINT (-108.109830353 43.235541343)","Table 12- Orzechowski and Walker, Tax Burden on Tobacco","POL","450POL","450CGS"
"AL","Alabama","2018","OW","The Tax Burden on Tobacco","Cigarette Sales","172,649,066","$","Dollars","POINT (-86.631860762 32.840571122)","Table 12- Orzechowski and Walker, Tax Burden on Tobacco","POL","450POL","450CGS"
"AK","Alaska","2018","OW","The Tax Burden on Tobacco","Cigarette Sales","46,021,896","$","Dollars","POINT (-147.722059036 64.845079957001)","Table 12- Orzechowski and Walker, Tax Burden on Tobacco","POL","450POL","450CGS"
"AZ","Arizona","2018","OW","The Tax Burden on Tobacco","Cigarette Sales","306,302,317","$","Dollars","POINT (-111.763811277 34.86597028)","Table 12- Orzechowski and Walker, Tax Burden on Tobacco","POL","450POL","450CGS"
"AR","Arkansas","2018","OW","The Tax Burden on Tobacco","Cigarette Sales","167,579,954","$","Dollars","POINT (-92.274490743 34.748650124)","Table 12- Orzechowski and Walker, Tax Burden on Tobacco","POL","450POL","450CGS"
"CA","California","2018","OW","The Tax Burden on Tobacco","Cigarette Sales","1,887,613,448","$","Dollars","POINT (-120.999999538 37.638640123)","Table 12- Orzechowski and Walker, Tax Burden on Tobacco","POL","450POL","450CGS"
"CO","Colorado","2018","OW","The Tax Burden on Tobacco","Cigarette Sales","151,345,229","$","Dollars","POINT (-106.133610921 38.843840757)","Table 12- Orzechowski and Walker, Tax Burden on Tobacco","POL","450POL","450CGS"
"CT","Connecticut","2018","OW","The Tax Burden on Tobacco","Cigarette Sales","355,589,691","$","Dollars","POINT (-72.649840952 41.56266102)","Table 12- Orzechowski and Walker, Tax Burden on Tobacco","POL","450POL","450CGS"
"DE","Delaware","2018","OW","The Tax Burden on Tobacco","Cigarette Sales","122,111,640","$","Dollars","POINT (-75.577741168 39.008830667)","Table 12- Orzechowski and Walker, Tax Burden on Tobacco","POL","450POL","450CGS"
"DC","District of Columbia","2018","OW","The Tax Burden on Tobacco","Cigarette Sales","26,287,476","$","Dollars","POINT (-77.031961127 38.890371385)","Table 12- Orzechowski and Walker, Tax Burden on Tobacco","POL","450POL","450CGS"
"FL","Florida","2018","OW","The Tax Burden on Tobacco","Cigarette Sales","1,079,117,307","$","Dollars","POINT (-81.928960539 28.932040377)","Table 12- Orzechowski and Walker, Tax Burden on Tobacco","POL","450POL","450CGS"
"GA","Georgia","2018","OW","The Tax Burden on Tobacco","Cigarette Sales","176,268,257","$","Dollars","POINT (-83.627580346 32.839681093)","Table 12- Orzechowski and Walker, Tax Burden on Tobacco","POL","450POL","450CGS"
"HI","Hawaii","2018","OW","The Tax Burden on Tobacco","Cigarette Sales","110,762,991","$","Dollars","POINT (-157.857749403 21.304850435)","Table 12- Orzechowski and Walker, Tax Burden on Tobacco","POL","450POL","450CGS"
"ID","Idaho","2018","OW","The Tax Burden on Tobacco","Cigarette Sales","36,938,983","$","Dollars","POINT (-114.363730042 43.682630005)","Table 12- Orzechowski and Walker, Tax Burden on Tobacco","POL","450POL","450CGS"
"IL","Illinois","2018","OW","The Tax Burden on Tobacco","Cigarette Sales","717,644,664","$","Dollars","POINT (-88.997710178 40.485010283)","Table 12- Orzechowski and Walker, Tax Burden on Tobacco","POL","450POL","450CGS"
"IN","Indiana","2018","OW","The Tax Burden on Tobacco","Cigarette Sales","381,595,301","$","Dollars","POINT (-86.149960194 39.766910452)","Table 12- Orzechowski and Walker, Tax Burden on Tobacco","POL","450POL","450CGS"
"IA","Iowa","2018","OW","The Tax Burden on Tobacco","Cigarette Sales","184,380,885","$","Dollars","POINT (-93.816490556 42.469400913)","Table 12- Orzechowski and Walker, Tax Burden on Tobacco","POL","450POL","450CGS"
"KS","Kansas","2018","OW","The Tax Burden on Tobacco","Cigarette Sales","125,124,787","$","Dollars","POINT (-98.200781227 38.3477403)","Table 12- Orzechowski and Walker, Tax Burden on Tobacco","POL","450POL","450CGS"
"KY","Kentucky","2018","OW","The Tax Burden on Tobacco","Cigarette Sales","218,118,592","$","Dollars","POINT (-84.774971048 37.645970271)","Table 12- Orzechowski and Walker, Tax Burden on Tobacco","POL","450POL","450CGS"
"LA","Louisiana","2018","OW","The Tax Burden on Tobacco","Cigarette Sales","271,025,460","$","Dollars","POINT (-92.445680071 31.312660644)","Table 12- Orzechowski and Walker, Tax Burden on Tobacco","POL","450POL","450CGS"
"ME","Maine","2018","OW","The Tax Burden on Tobacco","Cigarette Sales","121,342,286","$","Dollars","POINT (-68.985031336 45.254228894001)","Table 12- Orzechowski and Walker, Tax Burden on Tobacco","POL","450POL","450CGS"
"MD","Maryland","2018","OW","The Tax Burden on Tobacco","Cigarette Sales","334,523,847","$","Dollars","POINT (-76.609260111 39.290580964)","Table 12- Orzechowski and Walker, Tax Burden on Tobacco","POL","450POL","450CGS"
"MA","Massachusetts","2018","OW","The Tax Burden on Tobacco","Cigarette Sales","553,737,951","$","Dollars","POINT (-72.082690675 42.27687047)","Table 12- Orzechowski and Walker, Tax Burden on Tobacco","POL","450POL","450CGS"
"MI","Michigan","2018","OW","The Tax Burden on Tobacco","Cigarette Sales","847,193,364","$","Dollars","POINT (-84.71439027 44.661319543001)","Table 12- Orzechowski and Walker, Tax Burden on Tobacco","POL","450POL","450CGS"
"MN","Minnesota","2018","OW","The Tax Burden on Tobacco","Cigarette Sales","525,536,700","$","Dollars","POINT (-94.794200503 46.355648736)","Table 12- Orzechowski and Walker, Tax Burden on Tobacco","POL","450POL","450CGS"
"MS","Mississippi","2018","OW","The Tax Burden on Tobacco","Cigarette Sales","114,261,849","$","Dollars","POINT (-89.538030825 32.745510099)","Table 12- Orzechowski and Walker, Tax Burden on Tobacco","POL","450POL","450CGS"
"MO","Missouri","2018","OW","The Tax Burden on Tobacco","Cigarette Sales","78,287,803","$","Dollars","POINT (-92.566300053 38.635790776)","Table 12- Orzechowski and Walker, Tax Burden on Tobacco","POL","450POL","450CGS"
"MT","Montana","2018","OW","The Tax Burden on Tobacco","Cigarette Sales","66,653,461","$","Dollars","POINT (-109.424420645 47.066528972)","Table 12- Orzechowski and Walker, Tax Burden on Tobacco","POL","450POL","450CGS"
"NE","Nebraska","2018","OW","The Tax Burden on Tobacco","Cigarette Sales","53,278,320","$","Dollars","POINT (-99.365720623 41.641040988001)","Table 12- Orzechowski and Walker, Tax Burden on Tobacco","POL","450POL","450CGS"
"NV","Nevada","2018","OW","The Tax Burden on Tobacco","Cigarette Sales","170,633,520","$","Dollars","POINT (-117.071840564 39.49324039)","Table 12- Orzechowski and Walker, Tax Burden on Tobacco","POL","450POL","450CGS"
"NH","New Hampshire","2018","OW","The Tax Burden on Tobacco","Cigarette Sales","200,202,084","$","Dollars","POINT (-71.50036092 43.655950113)","Table 12- Orzechowski and Walker, Tax Burden on Tobacco","POL","450POL","450CGS"
"NJ","New Jersey","2018","OW","The Tax Burden on Tobacco","Cigarette Sales","628,149,600","$","Dollars","POINT (-74.273691288 40.130570048)","Table 12- Orzechowski and Walker, Tax Burden on Tobacco","POL","450POL","450CGS"
"NM","New Mexico","2018","OW","The Tax Burden on Tobacco","Cigarette Sales","81,709,972","$","Dollars","POINT (-106.240580985 34.520880952)","Table 12- Orzechowski and Walker, Tax Burden on Tobacco","POL","450POL","450CGS"
"NY","New York","2018","OW","The Tax Burden on Tobacco","Cigarette Sales","1,079,839,812","$","Dollars","POINT (-75.543970427 42.827001032)","Table 12- Orzechowski and Walker, Tax Burden on Tobacco","POL","450POL","450CGS"
"NC","North Carolina","2018","OW","The Tax Burden on Tobacco","Cigarette Sales","245,944,066","$","Dollars","POINT (-79.159250463 35.466220975)","Table 12- Orzechowski and Walker, Tax Burden on Tobacco","POL","450POL","450CGS"
"ND","North Dakota","2018","OW","The Tax Burden on Tobacco","Cigarette Sales","20,885,069","$","Dollars","POINT (-100.118421049 47.475319779)","Table 12- Orzechowski and Walker, Tax Burden on Tobacco","POL","450POL","450CGS"
"OH","Ohio","2018","OW","The Tax Burden on Tobacco","Cigarette Sales","887,432,640","$","Dollars","POINT (-82.404260056 40.060210141)","Table 12- Orzechowski and Walker, Tax Burden on Tobacco","POL","450POL","450CGS"
"OK","Oklahoma","2018","OW","The Tax Burden on Tobacco","Cigarette Sales","235,127,629","$","Dollars","POINT (-97.521070214 35.472031356)","Table 12- Orzechowski and Walker, Tax Burden on Tobacco","POL","450POL","450CGS"
"OR","Oregon","2018","OW","The Tax Burden on Tobacco","Cigarette Sales","203,897,712","$","Dollars","POINT (-120.155031326 44.567449424)","Table 12- Orzechowski and Walker, Tax Burden on Tobacco","POL","450POL","450CGS"
"PA","Pennsylvania","2018","OW","The Tax Burden on Tobacco","Cigarette Sales","1,259,258,980","$","Dollars","POINT (-77.860700294 40.793730152)","Table 12- Orzechowski and Walker, Tax Burden on Tobacco","POL","450POL","450CGS"
"RI","Rhode Island","2018","OW","The Tax Burden on Tobacco","Cigarette Sales","138,099,021","$","Dollars","POINT (-71.522470314 41.708280193)","Table 12- Orzechowski and Walker, Tax Burden on Tobacco","POL","450POL","450CGS"
"SC","South Carolina","2018","OW","The Tax Burden on Tobacco","Cigarette Sales","151,957,884","$","Dollars","POINT (-81.045371207 33.998821303)","Table 12- Orzechowski and Walker, Tax Burden on Tobacco","POL","450POL","450CGS"
"SD","South Dakota","2018","OW","The Tax Burden on Tobacco","Cigarette Sales","54,892,816","$","Dollars","POINT (-100.373530637 44.353130053)","Table 12- Orzechowski and Walker, Tax Burden on Tobacco","POL","450POL","450CGS"
"TN","Tennessee","2018","OW","The Tax Burden on Tobacco","Cigarette Sales","233,013,693","$","Dollars","POINT (-85.774490914 35.68094058)","Table 12- Orzechowski and Walker, Tax Burden on Tobacco","POL","450POL","450CGS"
"TX","Texas","2018","OW","The Tax Burden on Tobacco","Cigarette Sales","1,190,923,717","$","Dollars","POINT (-99.426770206 31.827240407)","Table 12- Orzechowski and Walker, Tax Burden on Tobacco","POL","450POL","450CGS"
"UT","Utah","2018","OW","The Tax Burden on Tobacco","Cigarette Sales","90,276,188","$","Dollars","POINT (-111.587130635 39.360700171)","Table 12- Orzechowski and Walker, Tax Burden on Tobacco","POL","450POL","450CGS"
"VT","Vermont","2018","OW","The Tax Burden on Tobacco","Cigarette Sales","63,033,678","$","Dollars","POINT (-72.517640791 43.625381239)","Table 12- Orzechowski and Walker, Tax Burden on Tobacco","POL","450POL","450CGS"
"VA","Virginia","2018","OW","The Tax Burden on Tobacco","Cigarette Sales","141,561,600","$","Dollars","POINT (-78.457890463 37.542680674)","Table 12- Orzechowski and Walker, Tax Burden on Tobacco","POL","450POL","450CGS"
"WA","Washington","2018","OW","The Tax Burden on Tobacco","Cigarette Sales","357,444,614","$","Dollars","POINT (-120.47001079 47.522278629)","Table 12- Orzechowski and Walker, Tax Burden on Tobacco","POL","450POL","450CGS"
"WV","West Virginia","2018","OW","The Tax Burden on Tobacco","Cigarette Sales","165,050,460","$","Dollars","POINT (-80.712640135 38.665510202)","Table 12- Orzechowski and Walker, Tax Burden on Tobacco","POL","450POL","450CGS"
"WI","Wisconsin","2018","OW","The Tax Burden on Tobacco","Cigarette Sales","543,000,892","$","Dollars","POINT (-89.816370742 44.393191174)","Table 12- Orzechowski and Walker, Tax Burden on Tobacco","POL","450POL","450CGS"
"WY","Wyoming","2018","OW","The Tax Burden on Tobacco","Cigarette Sales","17,523,389","$","Dollars","POINT (-108.109830353 43.235541343)","Table 12- Orzechowski and Walker, Tax Burden on Tobacco","POL","450POL","450CGS"
"AL","Alabama","2017","OW","The Tax Burden on Tobacco","Cigarette Sales","180,386,973","$","Dollars","POINT (-86.631860762 32.840571122)","Table 12- Orzechowski and Walker, Tax Burden on Tobacco","POL","450POL","450CGS"
"AK","Alaska","2017","OW","The Tax Burden on Tobacco","Cigarette Sales","48,857,026","$","Dollars","POINT (-147.722059036 64.845079957001)","Table 12- Orzechowski and Walker, Tax Burden on Tobacco","POL","450POL","450CGS"
"AZ","Arizona","2017","OW","The Tax Burden on Tobacco","Cigarette Sales","316,089,295","$","Dollars","POINT (-111.763811277 34.86597028)","Table 12- Orzechowski and Walker, Tax Burden on Tobacco","POL","450POL","450CGS"
"AR","Arkansas","2017","OW","The Tax Burden on Tobacco","Cigarette Sales","173,931,263","$","Dollars","POINT (-92.274490743 34.748650124)","Table 12- Orzechowski and Walker, Tax Burden on Tobacco","POL","450POL","450CGS"
"CA","California","2017","OW","The Tax Burden on Tobacco","Cigarette Sales","956,712,690","$","Dollars","POINT (-120.999999538 37.638640123)","Table 12- Orzechowski and Walker, Tax Burden on Tobacco","POL","450POL","450CGS"
"CO","Colorado","2017","OW","The Tax Burden on Tobacco","Cigarette Sales","160,413,997","$","Dollars","POINT (-106.133610921 38.843840757)","Table 12- Orzechowski and Walker, Tax Burden on Tobacco","POL","450POL","450CGS"
"CT","Connecticut","2017","OW","The Tax Burden on Tobacco","Cigarette Sales","369,918,221","$","Dollars","POINT (-72.649840952 41.56266102)","Table 12- Orzechowski and Walker, Tax Burden on Tobacco","POL","450POL","450CGS"
"DE","Delaware","2017","OW","The Tax Burden on Tobacco","Cigarette Sales","110,384,640","$","Dollars","POINT (-75.577741168 39.008830667)","Table 12- Orzechowski and Walker, Tax Burden on Tobacco","POL","450POL","450CGS"
"DC","District of Columbia","2017","OW","The Tax Burden on Tobacco","Cigarette Sales","26,237,239","$","Dollars","POINT (-77.031961127 38.890371385)","Table 12- Orzechowski and Walker, Tax Burden on Tobacco","POL","450POL","450CGS"
"FL","Florida","2017","OW","The Tax Burden on Tobacco","Cigarette Sales","1,120,838,366","$","Dollars","POINT (-81.928960539 28.932040377)","Table 12- Orzechowski and Walker, Tax Burden on Tobacco","POL","450POL","450CGS"
"GA","Georgia","2017","OW","The Tax Burden on Tobacco","Cigarette Sales","173,981,707","$","Dollars","POINT (-83.627580346 32.839681093)","Table 12- Orzechowski and Walker, Tax Burden on Tobacco","POL","450POL","450CGS"
"HI","Hawaii","2017","OW","The Tax Burden on Tobacco","Cigarette Sales","114,926,266","$","Dollars","POINT (-157.857749403 21.304850435)","Table 12- Orzechowski and Walker, Tax Burden on Tobacco","POL","450POL","450CGS"
"ID","Idaho","2017","OW","The Tax Burden on Tobacco","Cigarette Sales","37,394,232","$","Dollars","POINT (-114.363730042 43.682630005)","Table 12- Orzechowski and Walker, Tax Burden on Tobacco","POL","450POL","450CGS"
"IL","Illinois","2017","OW","The Tax Burden on Tobacco","Cigarette Sales","778,864,680","$","Dollars","POINT (-88.997710178 40.485010283)","Table 12- Orzechowski and Walker, Tax Burden on Tobacco","POL","450POL","450CGS"
"IN","Indiana","2017","OW","The Tax Burden on Tobacco","Cigarette Sales","401,065,746","$","Dollars","POINT (-86.149960194 39.766910452)","Table 12- Orzechowski and Walker, Tax Burden on Tobacco","POL","450POL","450CGS"
"IA","Iowa","2017","OW","The Tax Burden on Tobacco","Cigarette Sales","192,098,768","$","Dollars","POINT (-93.816490556 42.469400913)","Table 12- Orzechowski and Walker, Tax Burden on Tobacco","POL","450POL","450CGS"
"KS","Kansas","2017","OW","The Tax Burden on Tobacco","Cigarette Sales","133,706,394","$","Dollars","POINT (-98.200781227 38.3477403)","Table 12- Orzechowski and Walker, Tax Burden on Tobacco","POL","450POL","450CGS"
"KY","Kentucky","2017","OW","The Tax Burden on Tobacco","Cigarette Sales","227,949,828","$","Dollars","POINT (-84.774971048 37.645970271)","Table 12- Orzechowski and Walker, Tax Burden on Tobacco","POL","450POL","450CGS"
"LA","Louisiana","2017","OW","The Tax Burden on Tobacco","Cigarette Sales","291,204,720","$","Dollars","POINT (-92.445680071 31.312660644)","Table 12- Orzechowski and Walker, Tax Burden on Tobacco","POL","450POL","450CGS"
"ME","Maine","2017","OW","The Tax Burden on Tobacco","Cigarette Sales","132,100,000","$","Dollars","POINT (-68.985031336 45.254228894001)","Table 12- Orzechowski and Walker, Tax Burden on Tobacco","POL","450POL","450CGS"
"MD","Maryland","2017","OW","The Tax Burden on Tobacco","Cigarette Sales","349,725,701","$","Dollars","POINT (-76.609260111 39.290580964)","Table 12- Orzechowski and Walker, Tax Burden on Tobacco","POL","450POL","450CGS"
"MA","Massachusetts","2017","OW","The Tax Burden on Tobacco","Cigarette Sales","580,250,385","$","Dollars","POINT (-72.082690675 42.27687047)","Table 12- Orzechowski and Walker, Tax Burden on Tobacco","POL","450POL","450CGS"
"MI","Michigan","2017","OW","The Tax Burden on Tobacco","Cigarette Sales","882,046,000","$","Dollars","POINT (-84.71439027 44.661319543001)","Table 12- Orzechowski and Walker, Tax Burden on Tobacco","POL","450POL","450CGS"
"MN","Minnesota","2017","OW","The Tax Burden on Tobacco","Cigarette Sales","556,792,999","$","Dollars","POINT (-94.794200503 46.355648736)","Table 12- Orzechowski and Walker, Tax Burden on Tobacco","POL","450POL","450CGS"
"MS","Mississippi","2017","OW","The Tax Burden on Tobacco","Cigarette Sales","120,701,453","$","Dollars","POINT (-89.538030825 32.745510099)","Table 12- Orzechowski and Walker, Tax Burden on Tobacco","POL","450POL","450CGS"
"MO","Missouri","2017","OW","The Tax Burden on Tobacco","Cigarette Sales","82,344,100","$","Dollars","POINT (-92.566300053 38.635790776)","Table 12- Orzechowski and Walker, Tax Burden on Tobacco","POL","450POL","450CGS"
"MT","Montana","2017","OW","The Tax Burden on Tobacco","Cigarette Sales","72,871,384","$","Dollars","POINT (-109.424420645 47.066528972)","Table 12- Orzechowski and Walker, Tax Burden on Tobacco","POL","450POL","450CGS"
"NE","Nebraska","2017","OW","The Tax Burden on Tobacco","Cigarette Sales","53,023,680","$","Dollars","POINT (-99.365720623 41.641040988001)","Table 12- Orzechowski and Walker, Tax Burden on Tobacco","POL","450POL","450CGS"
"NV","Nevada","2017","OW","The Tax Burden on Tobacco","Cigarette Sales","191,998,080","$","Dollars","POINT (-117.071840564 39.49324039)","Table 12- Orzechowski and Walker, Tax Burden on Tobacco","POL","450POL","450CGS"
"NH","New Hampshire","2017","OW","The Tax Burden on Tobacco","Cigarette Sales","208,028,237","$","Dollars","POINT (-71.50036092 43.655950113)","Table 12- Orzechowski and Walker, Tax Burden on Tobacco","POL","450POL","450CGS"
"NJ","New Jersey","2017","OW","The Tax Burden on Tobacco","Cigarette Sales","660,069,000","$","Dollars","POINT (-74.273691288 40.130570048)","Table 12- Orzechowski and Walker, Tax Burden on Tobacco","POL","450POL","450CGS"
"NM","New Mexico","2017","OW","The Tax Burden on Tobacco","Cigarette Sales","83,074,493","$","Dollars","POINT (-106.240580985 34.520880952)","Table 12- Orzechowski and Walker, Tax Burden on Tobacco","POL","450POL","450CGS"
"NY","New York","2017","OW","The Tax Burden on Tobacco","Cigarette Sales","1,141,061,696","$","Dollars","POINT (-75.543970427 42.827001032)","Table 12- Orzechowski and Walker, Tax Burden on Tobacco","POL","450POL","450CGS"
"NC","North Carolina","2017","OW","The Tax Burden on Tobacco","Cigarette Sales","249,011,980","$","Dollars","POINT (-79.159250463 35.466220975)","Table 12- Orzechowski and Walker, Tax Burden on Tobacco","POL","450POL","450CGS"
"ND","North Dakota","2017","OW","The Tax Burden on Tobacco","Cigarette Sales","21,731,736","$","Dollars","POINT (-100.118421049 47.475319779)","Table 12- Orzechowski and Walker, Tax Burden on Tobacco","POL","450POL","450CGS"
"OH","Ohio","2017","OW","The Tax Burden on Tobacco","Cigarette Sales","930,666,000","$","Dollars","POINT (-82.404260056 40.060210141)","Table 12- Orzechowski and Walker, Tax Burden on Tobacco","POL","450POL","450CGS"
"OK","Oklahoma","2017","OW","The Tax Burden on Tobacco","Cigarette Sales","244,622,480","$","Dollars","POINT (-97.521070214 35.472031356)","Table 12- Orzechowski and Walker, Tax Burden on Tobacco","POL","450POL","450CGS"
"OR","Oregon","2017","OW","The Tax Burden on Tobacco","Cigarette Sales","206,957,210","$","Dollars","POINT (-120.155031326 44.567449424)","Table 12- Orzechowski and Walker, Tax Burden on Tobacco","POL","450POL","450CGS"
"PA","Pennsylvania","2017","OW","The Tax Burden on Tobacco","Cigarette Sales","1,348,660,440","$","Dollars","POINT (-77.860700294 40.793730152)","Table 12- Orzechowski and Walker, Tax Burden on Tobacco","POL","450POL","450CGS"
"RI","Rhode Island","2017","OW","The Tax Burden on Tobacco","Cigarette Sales","135,317,715","$","Dollars","POINT (-71.522470314 41.708280193)","Table 12- Orzechowski and Walker, Tax Burden on Tobacco","POL","450POL","450CGS"
"SC","South Carolina","2017","OW","The Tax Burden on Tobacco","Cigarette Sales","154,924,581","$","Dollars","POINT (-81.045371207 33.998821303)","Table 12- Orzechowski and Walker, Tax Burden on Tobacco","POL","450POL","450CGS"
"SD","South Dakota","2017","OW","The Tax Burden on Tobacco","Cigarette Sales","55,127,979","$","Dollars","POINT (-100.373530637 44.353130053)","Table 12- Orzechowski and Walker, Tax Burden on Tobacco","POL","450POL","450CGS"
"TN","Tennessee","2017","OW","The Tax Burden on Tobacco","Cigarette Sales","244,100,257","$","Dollars","POINT (-85.774490914 35.68094058)","Table 12- Orzechowski and Walker, Tax Burden on Tobacco","POL","450POL","450CGS"
"TX","Texas","2017","OW","The Tax Burden on Tobacco","Cigarette Sales","1,253,705,378","$","Dollars","POINT (-99.426770206 31.827240407)","Table 12- Orzechowski and Walker, Tax Burden on Tobacco","POL","450POL","450CGS"
"UT","Utah","2017","OW","The Tax Burden on Tobacco","Cigarette Sales","95,612,556","$","Dollars","POINT (-111.587130635 39.360700171)","Table 12- Orzechowski and Walker, Tax Burden on Tobacco","POL","450POL","450CGS"
"VT","Vermont","2017","OW","The Tax Burden on Tobacco","Cigarette Sales","69,405,666","$","Dollars","POINT (-72.517640791 43.625381239)","Table 12- Orzechowski and Walker, Tax Burden on Tobacco","POL","450POL","450CGS"
"VA","Virginia","2017","OW","The Tax Burden on Tobacco","Cigarette Sales","153,421,427","$","Dollars","POINT (-78.457890463 37.542680674)","Table 12- Orzechowski and Walker, Tax Burden on Tobacco","POL","450POL","450CGS"
"WA","Washington","2017","OW","The Tax Burden on Tobacco","Cigarette Sales","375,686,850","$","Dollars","POINT (-120.47001079 47.522278629)","Table 12- Orzechowski and Walker, Tax Burden on Tobacco","POL","450POL","450CGS"
"WV","West Virginia","2017","OW","The Tax Burden on Tobacco","Cigarette Sales","180,702,900","$","Dollars","POINT (-80.712640135 38.665510202)","Table 12- Orzechowski and Walker, Tax Burden on Tobacco","POL","450POL","450CGS"
"WI","Wisconsin","2017","OW","The Tax Burden on Tobacco","Cigarette Sales","568,176,307","$","Dollars","POINT (-89.816370742 44.393191174)","Table 12- Orzechowski and Walker, Tax Burden on Tobacco","POL","450POL","450CGS"
"WY","Wyoming","2017","OW","The Tax Burden on Tobacco","Cigarette Sales","18,353,556","$","Dollars","POINT (-108.109830353 43.235541343)","Table 12- Orzechowski and Walker, Tax Burden on Tobacco","POL","450POL","450CGS"
"AL","Alabama","2016","OW","The Tax Burden on Tobacco","Cigarette Sales","163,948,123","$","Dollars","POINT (-86.631860762 32.840571122)","Table 12- Orzechowski and Walker, Tax Burden on Tobacco","POL","450POL","450CGS"
"AK","Alaska","2016","OW","The Tax Burden on Tobacco","Cigarette Sales","52,573,488","$","Dollars","POINT (-147.722059036 64.845079957001)","Table 12- Orzechowski and Walker, Tax Burden on Tobacco","POL","450POL","450CGS"
"AZ","Arizona","2016","OW","The Tax Burden on Tobacco","Cigarette Sales","318,976,882","$","Dollars","POINT (-111.763811277 34.86597028)","Table 12- Orzechowski and Walker, Tax Burden on Tobacco","POL","450POL","450CGS"
"AR","Arkansas","2016","OW","The Tax Burden on Tobacco","Cigarette Sales","179,027,016","$","Dollars","POINT (-92.274490743 34.748650124)","Table 12- Orzechowski and Walker, Tax Burden on Tobacco","POL","450POL","450CGS"
"CA","California","2016","OW","The Tax Burden on Tobacco","Cigarette Sales","748,095,546","$","Dollars","POINT (-120.999999538 37.638640123)","Table 12- Orzechowski and Walker, Tax Burden on Tobacco","POL","450POL","450CGS"
"CO","Colorado","2016","OW","The Tax Burden on Tobacco","Cigarette Sales","163,999,393","$","Dollars","POINT (-106.133610921 38.843840757)","Table 12- Orzechowski and Walker, Tax Burden on Tobacco","POL","450POL","450CGS"
"CT","Connecticut","2016","OW","The Tax Burden on Tobacco","Cigarette Sales","364,451,380","$","Dollars","POINT (-72.649840952 41.56266102)","Table 12- Orzechowski and Walker, Tax Burden on Tobacco","POL","450POL","450CGS"
"DE","Delaware","2016","OW","The Tax Burden on Tobacco","Cigarette Sales","102,862,770","$","Dollars","POINT (-75.577741168 39.008830667)","Table 12- Orzechowski and Walker, Tax Burden on Tobacco","POL","450POL","450CGS"
"DC","District of Columbia","2016","OW","The Tax Burden on Tobacco","Cigarette Sales","29,405,456","$","Dollars","POINT (-77.031961127 38.890371385)","Table 12- Orzechowski and Walker, Tax Burden on Tobacco","POL","450POL","450CGS"
"FL","Florida","2016","OW","The Tax Burden on Tobacco","Cigarette Sales","1,127,472,852","$","Dollars","POINT (-81.928960539 28.932040377)","Table 12- Orzechowski and Walker, Tax Burden on Tobacco","POL","450POL","450CGS"
"GA","Georgia","2016","OW","The Tax Burden on Tobacco","Cigarette Sales","178,868,901","$","Dollars","POINT (-83.627580346 32.839681093)","Table 12- Orzechowski and Walker, Tax Burden on Tobacco","POL","450POL","450CGS"
"HI","Hawaii","2016","OW","The Tax Burden on Tobacco","Cigarette Sales","116,382,902","$","Dollars","POINT (-157.857749403 21.304850435)","Table 12- Orzechowski and Walker, Tax Burden on Tobacco","POL","450POL","450CGS"
"ID","Idaho","2016","OW","The Tax Burden on Tobacco","Cigarette Sales","38,434,618","$","Dollars","POINT (-114.363730042 43.682630005)","Table 12- Orzechowski and Walker, Tax Burden on Tobacco","POL","450POL","450CGS"
"IL","Illinois","2016","OW","The Tax Burden on Tobacco","Cigarette Sales","802,981,080","$","Dollars","POINT (-88.997710178 40.485010283)","Table 12- Orzechowski and Walker, Tax Burden on Tobacco","POL","450POL","450CGS"
"IN","Indiana","2016","OW","The Tax Burden on Tobacco","Cigarette Sales","431,322,426","$","Dollars","POINT (-86.149960194 39.766910452)","Table 12- Orzechowski and Walker, Tax Burden on Tobacco","POL","450POL","450CGS"
"IA","Iowa","2016","OW","The Tax Burden on Tobacco","Cigarette Sales","202,215,543","$","Dollars","POINT (-93.816490556 42.469400913)","Table 12- Orzechowski and Walker, Tax Burden on Tobacco","POL","450POL","450CGS"
"KS","Kansas","2016","OW","The Tax Burden on Tobacco","Cigarette Sales","139,982,444","$","Dollars","POINT (-98.200781227 38.3477403)","Table 12- Orzechowski and Walker, Tax Burden on Tobacco","POL","450POL","450CGS"
"KY","Kentucky","2016","OW","The Tax Burden on Tobacco","Cigarette Sales","230,963,773","$","Dollars","POINT (-84.774971048 37.645970271)","Table 12- Orzechowski and Walker, Tax Burden on Tobacco","POL","450POL","450CGS"
"LA","Louisiana","2016","OW","The Tax Burden on Tobacco","Cigarette Sales","223,492,940","$","Dollars","POINT (-92.445680071 31.312660644)","Table 12- Orzechowski and Walker, Tax Burden on Tobacco","POL","450POL","450CGS"
"ME","Maine","2016","OW","The Tax Burden on Tobacco","Cigarette Sales","130,842,496","$","Dollars","POINT (-68.985031336 45.254228894001)","Table 12- Orzechowski and Walker, Tax Burden on Tobacco","POL","450POL","450CGS"
"MD","Maryland","2016","OW","The Tax Burden on Tobacco","Cigarette Sales","364,461,221","$","Dollars","POINT (-76.609260111 39.290580964)","Table 12- Orzechowski and Walker, Tax Burden on Tobacco","POL","450POL","450CGS"
"MA","Massachusetts","2016","OW","The Tax Burden on Tobacco","Cigarette Sales","610,824,240","$","Dollars","POINT (-72.082690675 42.27687047)","Table 12- Orzechowski and Walker, Tax Burden on Tobacco","POL","450POL","450CGS"
"MI","Michigan","2016","OW","The Tax Burden on Tobacco","Cigarette Sales","890,658,898","$","Dollars","POINT (-84.71439027 44.661319543001)","Table 12- Orzechowski and Walker, Tax Burden on Tobacco","POL","450POL","450CGS"
"MN","Minnesota","2016","OW","The Tax Burden on Tobacco","Cigarette Sales","566,961,694","$","Dollars","POINT (-94.794200503 46.355648736)","Table 12- Orzechowski and Walker, Tax Burden on Tobacco","POL","450POL","450CGS"
"MS","Mississippi","2016","OW","The Tax Burden on Tobacco","Cigarette Sales","120,442,478","$","Dollars","POINT (-89.538030825 32.745510099)","Table 12- Orzechowski and Walker, Tax Burden on Tobacco","POL","450POL","450CGS"
"MO","Missouri","2016","OW","The Tax Burden on Tobacco","Cigarette Sales","86,274,201","$","Dollars","POINT (-92.566300053 38.635790776)","Table 12- Orzechowski and Walker, Tax Burden on Tobacco","POL","450POL","450CGS"
"MT","Montana","2016","OW","The Tax Burden on Tobacco","Cigarette Sales","74,109,375","$","Dollars","POINT (-109.424420645 47.066528972)","Table 12- Orzechowski and Walker, Tax Burden on Tobacco","POL","450POL","450CGS"
"NE","Nebraska","2016","OW","The Tax Burden on Tobacco","Cigarette Sales","56,137,920","$","Dollars","POINT (-99.365720623 41.641040988001)","Table 12- Orzechowski and Walker, Tax Burden on Tobacco","POL","450POL","450CGS"
"NV","Nevada","2016","OW","The Tax Burden on Tobacco","Cigarette Sales","162,352,531","$","Dollars","POINT (-117.071840564 39.49324039)","Table 12- Orzechowski and Walker, Tax Burden on Tobacco","POL","450POL","450CGS"
"NH","New Hampshire","2016","OW","The Tax Burden on Tobacco","Cigarette Sales","215,563,560","$","Dollars","POINT (-71.50036092 43.655950113)","Table 12- Orzechowski and Walker, Tax Burden on Tobacco","POL","450POL","450CGS"
"NJ","New Jersey","2016","OW","The Tax Burden on Tobacco","Cigarette Sales","679,403,700","$","Dollars","POINT (-74.273691288 40.130570048)","Table 12- Orzechowski and Walker, Tax Burden on Tobacco","POL","450POL","450CGS"
"NM","New Mexico","2016","OW","The Tax Burden on Tobacco","Cigarette Sales","85,115,670","$","Dollars","POINT (-106.240580985 34.520880952)","Table 12- Orzechowski and Walker, Tax Burden on Tobacco","POL","450POL","450CGS"
"NY","New York","2016","OW","The Tax Burden on Tobacco","Cigarette Sales","1,208,849,771","$","Dollars","POINT (-75.543970427 42.827001032)","Table 12- Orzechowski and Walker, Tax Burden on Tobacco","POL","450POL","450CGS"
"NC","North Carolina","2016","OW","The Tax Burden on Tobacco","Cigarette Sales","245,725,427","$","Dollars","POINT (-79.159250463 35.466220975)","Table 12- Orzechowski and Walker, Tax Burden on Tobacco","POL","450POL","450CGS"
"ND","North Dakota","2016","OW","The Tax Burden on Tobacco","Cigarette Sales","23,385,135","$","Dollars","POINT (-100.118421049 47.475319779)","Table 12- Orzechowski and Walker, Tax Burden on Tobacco","POL","450POL","450CGS"
"OH","Ohio","2016","OW","The Tax Burden on Tobacco","Cigarette Sales","944,424,423","$","Dollars","POINT (-82.404260056 40.060210141)","Table 12- Orzechowski and Walker, Tax Burden on Tobacco","POL","450POL","450CGS"
"OK","Oklahoma","2016","OW","The Tax Burden on Tobacco","Cigarette Sales","246,458,891","$","Dollars","POINT (-97.521070214 35.472031356)","Table 12- Orzechowski and Walker, Tax Burden on Tobacco","POL","450POL","450CGS"
"OR","Oregon","2016","OW","The Tax Burden on Tobacco","Cigarette Sales","211,538,289","$","Dollars","POINT (-120.155031326 44.567449424)","Table 12- Orzechowski and Walker, Tax Burden on Tobacco","POL","450POL","450CGS"
"PA","Pennsylvania","2016","OW","The Tax Burden on Tobacco","Cigarette Sales","987,792,000","$","Dollars","POINT (-77.860700294 40.793730152)","Table 12- Orzechowski and Walker, Tax Burden on Tobacco","POL","450POL","450CGS"
"RI","Rhode Island","2016","OW","The Tax Burden on Tobacco","Cigarette Sales","139,500,000","$","Dollars","POINT (-71.522470314 41.708280193)","Table 12- Orzechowski and Walker, Tax Burden on Tobacco","POL","450POL","450CGS"
"SC","South Carolina","2016","OW","The Tax Burden on Tobacco","Cigarette Sales","156,101,358","$","Dollars","POINT (-81.045371207 33.998821303)","Table 12- Orzechowski and Walker, Tax Burden on Tobacco","POL","450POL","450CGS"
"SD","South Dakota","2016","OW","The Tax Burden on Tobacco","Cigarette Sales","58,833,509","$","Dollars","POINT (-100.373530637 44.353130053)","Table 12- Orzechowski and Walker, Tax Burden on Tobacco","POL","450POL","450CGS"
"TN","Tennessee","2016","OW","The Tax Burden on Tobacco","Cigarette Sales","251,898,947","$","Dollars","POINT (-85.774490914 35.68094058)","Table 12- Orzechowski and Walker, Tax Burden on Tobacco","POL","450POL","450CGS"
"TX","Texas","2016","OW","The Tax Burden on Tobacco","Cigarette Sales","1,271,800,731","$","Dollars","POINT (-99.426770206 31.827240407)","Table 12- Orzechowski and Walker, Tax Burden on Tobacco","POL","450POL","450CGS"
"UT","Utah","2016","OW","The Tax Burden on Tobacco","Cigarette Sales","94,338,780","$","Dollars","POINT (-111.587130635 39.360700171)","Table 12- Orzechowski and Walker, Tax Burden on Tobacco","POL","450POL","450CGS"
"VT","Vermont","2016","OW","The Tax Burden on Tobacco","Cigarette Sales","72,105,664","$","Dollars","POINT (-72.517640791 43.625381239)","Table 12- Orzechowski and Walker, Tax Burden on Tobacco","POL","450POL","450CGS"
"VA","Virginia","2016","OW","The Tax Burden on Tobacco","Cigarette Sales","159,945,000","$","Dollars","POINT (-78.457890463 37.542680674)","Table 12- Orzechowski and Walker, Tax Burden on Tobacco","POL","450POL","450CGS"
"WA","Washington","2016","OW","The Tax Burden on Tobacco","Cigarette Sales","390,718,680","$","Dollars","POINT (-120.47001079 47.522278629)","Table 12- Orzechowski and Walker, Tax Burden on Tobacco","POL","450POL","450CGS"
"WV","West Virginia","2016","OW","The Tax Burden on Tobacco","Cigarette Sales","96,872,325","$","Dollars","POINT (-80.712640135 38.665510202)","Table 12- Orzechowski and Walker, Tax Burden on Tobacco","POL","450POL","450CGS"
"WI","Wisconsin","2016","OW","The Tax Burden on Tobacco","Cigarette Sales","577,453,681","$","Dollars","POINT (-89.816370742 44.393191174)","Table 12- Orzechowski and Walker, Tax Burden on Tobacco","POL","450POL","450CGS"
"WY","Wyoming","2016","OW","The Tax Burden on Tobacco","Cigarette Sales","19,196,922","$","Dollars","POINT (-108.109830353 43.235541343)","Table 12- Orzechowski and Walker, Tax Burden on Tobacco","POL","450POL","450CGS"
"AL","Alabama","2015","OW","The Tax Burden on Tobacco","Cigarette Sales","125,105,125","$","Dollars","POINT (-86.631860762 32.840571122)","Table 12- Orzechowski and Walker, Tax Burden on Tobacco","POL","450POL","450CGS"
"AK","Alaska","2015","OW","The Tax Burden on Tobacco","Cigarette Sales","52,702,165","$","Dollars","POINT (-147.722059036 64.845079957001)","Table 12- Orzechowski and Walker, Tax Burden on Tobacco","POL","450POL","450CGS"
"AZ","Arizona","2015","OW","The Tax Burden on Tobacco","Cigarette Sales","310,164,906","$","Dollars","POINT (-111.763811277 34.86597028)","Table 12- Orzechowski and Walker, Tax Burden on Tobacco","POL","450POL","450CGS"
"AR","Arkansas","2015","OW","The Tax Burden on Tobacco","Cigarette Sales","177,322,717","$","Dollars","POINT (-92.274490743 34.748650124)","Table 12- Orzechowski and Walker, Tax Burden on Tobacco","POL","450POL","450CGS"
"CA","California","2015","OW","The Tax Burden on Tobacco","Cigarette Sales","754,358,820","$","Dollars","POINT (-120.999999538 37.638640123)","Table 12- Orzechowski and Walker, Tax Burden on Tobacco","POL","450POL","450CGS"
"CO","Colorado","2015","OW","The Tax Burden on Tobacco","Cigarette Sales","163,117,891","$","Dollars","POINT (-106.133610921 38.843840757)","Table 12- Orzechowski and Walker, Tax Burden on Tobacco","POL","450POL","450CGS"
"CT","Connecticut","2015","OW","The Tax Burden on Tobacco","Cigarette Sales","350,286,669","$","Dollars","POINT (-72.649840952 41.56266102)","Table 12- Orzechowski and Walker, Tax Burden on Tobacco","POL","450POL","450CGS"
"DE","Delaware","2015","OW","The Tax Burden on Tobacco","Cigarette Sales","104,697,728","$","Dollars","POINT (-75.577741168 39.008830667)","Table 12- Orzechowski and Walker, Tax Burden on Tobacco","POL","450POL","450CGS"
"DC","District of Columbia","2015","OW","The Tax Burden on Tobacco","Cigarette Sales","30,616,929","$","Dollars","POINT (-77.031961127 38.890371385)","Table 12- Orzechowski and Walker, Tax Burden on Tobacco","POL","450POL","450CGS"
"FL","Florida","2015","OW","The Tax Burden on Tobacco","Cigarette Sales","1,116,457,891","$","Dollars","POINT (-81.928960539 28.932040377)","Table 12- Orzechowski and Walker, Tax Burden on Tobacco","POL","450POL","450CGS"
"GA","Georgia","2015","OW","The Tax Burden on Tobacco","Cigarette Sales","176,620,010","$","Dollars","POINT (-83.627580346 32.839681093)","Table 12- Orzechowski and Walker, Tax Burden on Tobacco","POL","450POL","450CGS"
"HI","Hawaii","2015","OW","The Tax Burden on Tobacco","Cigarette Sales","121,629,881","$","Dollars","POINT (-157.857749403 21.304850435)","Table 12- Orzechowski and Walker, Tax Burden on Tobacco","POL","450POL","450CGS"
"ID","Idaho","2015","OW","The Tax Burden on Tobacco","Cigarette Sales","37,998,733","$","Dollars","POINT (-114.363730042 43.682630005)","Table 12- Orzechowski and Walker, Tax Burden on Tobacco","POL","450POL","450CGS"
"IL","Illinois","2015","OW","The Tax Burden on Tobacco","Cigarette Sales","852,943,608","$","Dollars","POINT (-88.997710178 40.485010283)","Table 12- Orzechowski and Walker, Tax Burden on Tobacco","POL","450POL","450CGS"
"IN","Indiana","2015","OW","The Tax Burden on Tobacco","Cigarette Sales","411,617,471","$","Dollars","POINT (-86.149960194 39.766910452)","Table 12- Orzechowski and Walker, Tax Burden on Tobacco","POL","450POL","450CGS"
"IA","Iowa","2015","OW","The Tax Burden on Tobacco","Cigarette Sales","196,434,534","$","Dollars","POINT (-93.816490556 42.469400913)","Table 12- Orzechowski and Walker, Tax Burden on Tobacco","POL","450POL","450CGS"
"KS","Kansas","2015","OW","The Tax Burden on Tobacco","Cigarette Sales","90,235,524","$","Dollars","POINT (-98.200781227 38.3477403)","Table 12- Orzechowski and Walker, Tax Burden on Tobacco","POL","450POL","450CGS"
"KY","Kentucky","2015","OW","The Tax Burden on Tobacco","Cigarette Sales","223,784,402","$","Dollars","POINT (-84.774971048 37.645970271)","Table 12- Orzechowski and Walker, Tax Burden on Tobacco","POL","450POL","450CGS"
"LA","Louisiana","2015","OW","The Tax Burden on Tobacco","Cigarette Sales","123,468,732","$","Dollars","POINT (-92.445680071 31.312660644)","Table 12- Orzechowski and Walker, Tax Burden on Tobacco","POL","450POL","450CGS"
"ME","Maine","2015","OW","The Tax Burden on Tobacco","Cigarette Sales","125,881,350","$","Dollars","POINT (-68.985031336 45.254228894001)","Table 12- Orzechowski and Walker, Tax Burden on Tobacco","POL","450POL","450CGS"
"MD","Maryland","2015","OW","The Tax Burden on Tobacco","Cigarette Sales","361,924,389","$","Dollars","POINT (-76.609260111 39.290580964)","Table 12- Orzechowski and Walker, Tax Burden on Tobacco","POL","450POL","450CGS"
"MA","Massachusetts","2015","OW","The Tax Burden on Tobacco","Cigarette Sales","616,752,630","$","Dollars","POINT (-72.082690675 42.27687047)","Table 12- Orzechowski and Walker, Tax Burden on Tobacco","POL","450POL","450CGS"
"MI","Michigan","2015","OW","The Tax Burden on Tobacco","Cigarette Sales","881,432,929","$","Dollars","POINT (-84.71439027 44.661319543001)","Table 12- Orzechowski and Walker, Tax Burden on Tobacco","POL","450POL","450CGS"
"MN","Minnesota","2015","OW","The Tax Burden on Tobacco","Cigarette Sales","556,668,455","$","Dollars","POINT (-94.794200503 46.355648736)","Table 12- Orzechowski and Walker, Tax Burden on Tobacco","POL","450POL","450CGS"
"MS","Mississippi","2015","OW","The Tax Burden on Tobacco","Cigarette Sales","127,364,519","$","Dollars","POINT (-89.538030825 32.745510099)","Table 12- Orzechowski and Walker, Tax Burden on Tobacco","POL","450POL","450CGS"
"MO","Missouri","2015","OW","The Tax Burden on Tobacco","Cigarette Sales","84,273,554","$","Dollars","POINT (-92.566300053 38.635790776)","Table 12- Orzechowski and Walker, Tax Burden on Tobacco","POL","450POL","450CGS"
"MT","Montana","2015","OW","The Tax Burden on Tobacco","Cigarette Sales","73,322,316","$","Dollars","POINT (-109.424420645 47.066528972)","Table 12- Orzechowski and Walker, Tax Burden on Tobacco","POL","450POL","450CGS"
"NE","Nebraska","2015","OW","The Tax Burden on Tobacco","Cigarette Sales","56,103,360","$","Dollars","POINT (-99.365720623 41.641040988001)","Table 12- Orzechowski and Walker, Tax Burden on Tobacco","POL","450POL","450CGS"
"NV","Nevada","2015","OW","The Tax Burden on Tobacco","Cigarette Sales","105,544,640","$","Dollars","POINT (-117.071840564 39.49324039)","Table 12- Orzechowski and Walker, Tax Burden on Tobacco","POL","450POL","450CGS"
"NH","New Hampshire","2015","OW","The Tax Burden on Tobacco","Cigarette Sales","211,540,105","$","Dollars","POINT (-71.50036092 43.655950113)","Table 12- Orzechowski and Walker, Tax Burden on Tobacco","POL","450POL","450CGS"
"NJ","New Jersey","2015","OW","The Tax Burden on Tobacco","Cigarette Sales","683,842,500","$","Dollars","POINT (-74.273691288 40.130570048)","Table 12- Orzechowski and Walker, Tax Burden on Tobacco","POL","450POL","450CGS"
"NM","New Mexico","2015","OW","The Tax Burden on Tobacco","Cigarette Sales","89,405,940","$","Dollars","POINT (-106.240580985 34.520880952)","Table 12- Orzechowski and Walker, Tax Burden on Tobacco","POL","450POL","450CGS"
"NY","New York","2015","OW","The Tax Burden on Tobacco","Cigarette Sales","1,257,371,747","$","Dollars","POINT (-75.543970427 42.827001032)","Table 12- Orzechowski and Walker, Tax Burden on Tobacco","POL","450POL","450CGS"
"NC","North Carolina","2015","OW","The Tax Burden on Tobacco","Cigarette Sales","242,185,688","$","Dollars","POINT (-79.159250463 35.466220975)","Table 12- Orzechowski and Walker, Tax Burden on Tobacco","POL","450POL","450CGS"
"ND","North Dakota","2015","OW","The Tax Burden on Tobacco","Cigarette Sales","24,665,664","$","Dollars","POINT (-100.118421049 47.475319779)","Table 12- Orzechowski and Walker, Tax Burden on Tobacco","POL","450POL","450CGS"
"OH","Ohio","2015","OW","The Tax Burden on Tobacco","Cigarette Sales","759,166,406","$","Dollars","POINT (-82.404260056 40.060210141)","Table 12- Orzechowski and Walker, Tax Burden on Tobacco","POL","450POL","450CGS"
"OK","Oklahoma","2015","OW","The Tax Burden on Tobacco","Cigarette Sales","249,357,505","$","Dollars","POINT (-97.521070214 35.472031356)","Table 12- Orzechowski and Walker, Tax Burden on Tobacco","POL","450POL","450CGS"
"OR","Oregon","2015","OW","The Tax Burden on Tobacco","Cigarette Sales","210,880,511","$","Dollars","POINT (-120.155031326 44.567449424)","Table 12- Orzechowski and Walker, Tax Burden on Tobacco","POL","450POL","450CGS"
"PA","Pennsylvania","2015","OW","The Tax Burden on Tobacco","Cigarette Sales","993,112,000","$","Dollars","POINT (-77.860700294 40.793730152)","Table 12- Orzechowski and Walker, Tax Burden on Tobacco","POL","450POL","450CGS"
"RI","Rhode Island","2015","OW","The Tax Burden on Tobacco","Cigarette Sales","135,732,649","$","Dollars","POINT (-71.522470314 41.708280193)","Table 12- Orzechowski and Walker, Tax Burden on Tobacco","POL","450POL","450CGS"
"SC","South Carolina","2015","OW","The Tax Burden on Tobacco","Cigarette Sales","153,086,500","$","Dollars","POINT (-81.045371207 33.998821303)","Table 12- Orzechowski and Walker, Tax Burden on Tobacco","POL","450POL","450CGS"
"SD","South Dakota","2015","OW","The Tax Burden on Tobacco","Cigarette Sales","53,164,088","$","Dollars","POINT (-100.373530637 44.353130053)","Table 12- Orzechowski and Walker, Tax Burden on Tobacco","POL","450POL","450CGS"
"TN","Tennessee","2015","OW","The Tax Burden on Tobacco","Cigarette Sales","252,591,583","$","Dollars","POINT (-85.774490914 35.68094058)","Table 12- Orzechowski and Walker, Tax Burden on Tobacco","POL","450POL","450CGS"
"TX","Texas","2015","OW","The Tax Burden on Tobacco","Cigarette Sales","1,270,386,671","$","Dollars","POINT (-99.426770206 31.827240407)","Table 12- Orzechowski and Walker, Tax Burden on Tobacco","POL","450POL","450CGS"
"UT","Utah","2015","OW","The Tax Burden on Tobacco","Cigarette Sales","99,867,180","$","Dollars","POINT (-111.587130635 39.360700171)","Table 12- Orzechowski and Walker, Tax Burden on Tobacco","POL","450POL","450CGS"
"VT","Vermont","2015","OW","The Tax Burden on Tobacco","Cigarette Sales","69,580,500","$","Dollars","POINT (-72.517640791 43.625381239)","Table 12- Orzechowski and Walker, Tax Burden on Tobacco","POL","450POL","450CGS"
"VA","Virginia","2015","OW","The Tax Burden on Tobacco","Cigarette Sales","165,112,900","$","Dollars","POINT (-78.457890463 37.542680674)","Table 12- Orzechowski and Walker, Tax Burden on Tobacco","POL","450POL","450CGS"
"WA","Washington","2015","OW","The Tax Burden on Tobacco","Cigarette Sales","402,360,090","$","Dollars","POINT (-120.47001079 47.522278629)","Table 12- Orzechowski and Walker, Tax Burden on Tobacco","POL","450POL","450CGS"
"WV","West Virginia","2015","OW","The Tax Burden on Tobacco","Cigarette Sales","98,984,095","$","Dollars","POINT (-80.712640135 38.665510202)","Table 12- Orzechowski and Walker, Tax Burden on Tobacco","POL","450POL","450CGS"
"WI","Wisconsin","2015","OW","The Tax Burden on Tobacco","Cigarette Sales","573,562,112","$","Dollars","POINT (-89.816370742 44.393191174)","Table 12- Orzechowski and Walker, Tax Burden on Tobacco","POL","450POL","450CGS"
"WY","Wyoming","2015","OW","The Tax Burden on Tobacco","Cigarette Sales","20,549,408","$","Dollars","POINT (-108.109830353 43.235541343)","Table 12- Orzechowski and Walker, Tax Burden on Tobacco","POL","450POL","450CGS"
"AL","Alabama","2014","OW","The Tax Burden on Tobacco","Cigarette Sales","126,853,195","$","Dollars","POINT (-86.631860762 32.840571122)","Table 12- Orzechowski and Walker, Tax Burden on Tobacco","POL","450POL","450CGS"
"AK","Alaska","2014","OW","The Tax Burden on Tobacco","Cigarette Sales","54,624,390","$","Dollars","POINT (-147.722059036 64.845079957001)","Table 12- Orzechowski and Walker, Tax Burden on Tobacco","POL","450POL","450CGS"
"AZ","Arizona","2014","OW","The Tax Burden on Tobacco","Cigarette Sales","304,872,144","$","Dollars","POINT (-111.763811277 34.86597028)","Table 12- Orzechowski and Walker, Tax Burden on Tobacco","POL","450POL","450CGS"
"AR","Arkansas","2014","OW","The Tax Burden on Tobacco","Cigarette Sales","179,735,100","$","Dollars","POINT (-92.274490743 34.748650124)","Table 12- Orzechowski and Walker, Tax Burden on Tobacco","POL","450POL","450CGS"
"CA","California","2014","OW","The Tax Burden on Tobacco","Cigarette Sales","757,512,960","$","Dollars","POINT (-120.999999538 37.638640123)","Table 12- Orzechowski and Walker, Tax Burden on Tobacco","POL","450POL","450CGS"
"CO","Colorado","2014","OW","The Tax Burden on Tobacco","Cigarette Sales","162,218,960","$","Dollars","POINT (-106.133610921 38.843840757)","Table 12- Orzechowski and Walker, Tax Burden on Tobacco","POL","450POL","450CGS"
"CT","Connecticut","2014","OW","The Tax Burden on Tobacco","Cigarette Sales","367,577,400","$","Dollars","POINT (-72.649840952 41.56266102)","Table 12- Orzechowski and Walker, Tax Burden on Tobacco","POL","450POL","450CGS"
"DE","Delaware","2014","OW","The Tax Burden on Tobacco","Cigarette Sales","105,258,270","$","Dollars","POINT (-75.577741168 39.008830667)","Table 12- Orzechowski and Walker, Tax Burden on Tobacco","POL","450POL","450CGS"
"DC","District of Columbia","2014","OW","The Tax Burden on Tobacco","Cigarette Sales","30,467,365","$","Dollars","POINT (-77.031961127 38.890371385)","Table 12- Orzechowski and Walker, Tax Burden on Tobacco","POL","450POL","450CGS"
"FL","Florida","2014","OW","The Tax Burden on Tobacco","Cigarette Sales","1,109,443,220","$","Dollars","POINT (-81.928960539 28.932040377)","Table 12- Orzechowski and Walker, Tax Burden on Tobacco","POL","450POL","450CGS"
"GA","Georgia","2014","OW","The Tax Burden on Tobacco","Cigarette Sales","181,007,346","$","Dollars","POINT (-83.627580346 32.839681093)","Table 12- Orzechowski and Walker, Tax Burden on Tobacco","POL","450POL","450CGS"
"HI","Hawaii","2014","OW","The Tax Burden on Tobacco","Cigarette Sales","114,112,464","$","Dollars","POINT (-157.857749403 21.304850435)","Table 12- Orzechowski and Walker, Tax Burden on Tobacco","POL","450POL","450CGS"
"ID","Idaho","2014","OW","The Tax Burden on Tobacco","Cigarette Sales","37,515,246","$","Dollars","POINT (-114.363730042 43.682630005)","Table 12- Orzechowski and Walker, Tax Burden on Tobacco","POL","450POL","450CGS"
"IL","Illinois","2014","OW","The Tax Burden on Tobacco","Cigarette Sales","858,052,008","$","Dollars","POINT (-88.997710178 40.485010283)","Table 12- Orzechowski and Walker, Tax Burden on Tobacco","POL","450POL","450CGS"
"IN","Indiana","2014","OW","The Tax Burden on Tobacco","Cigarette Sales","417,532,271","$","Dollars","POINT (-86.149960194 39.766910452)","Table 12- Orzechowski and Walker, Tax Burden on Tobacco","POL","450POL","450CGS"
"IA","Iowa","2014","OW","The Tax Burden on Tobacco","Cigarette Sales","198,425,088","$","Dollars","POINT (-93.816490556 42.469400913)","Table 12- Orzechowski and Walker, Tax Burden on Tobacco","POL","450POL","450CGS"
"KS","Kansas","2014","OW","The Tax Burden on Tobacco","Cigarette Sales","90,240,336","$","Dollars","POINT (-98.200781227 38.3477403)","Table 12- Orzechowski and Walker, Tax Burden on Tobacco","POL","450POL","450CGS"
"KY","Kentucky","2014","OW","The Tax Burden on Tobacco","Cigarette Sales","234,727,105","$","Dollars","POINT (-84.774971048 37.645970271)","Table 12- Orzechowski and Walker, Tax Burden on Tobacco","POL","450POL","450CGS"
"LA","Louisiana","2014","OW","The Tax Burden on Tobacco","Cigarette Sales","108,343,080","$","Dollars","POINT (-92.445680071 31.312660644)","Table 12- Orzechowski and Walker, Tax Burden on Tobacco","POL","450POL","450CGS"
"ME","Maine","2014","OW","The Tax Burden on Tobacco","Cigarette Sales","125,859,707","$","Dollars","POINT (-68.985031336 45.254228894001)","Table 12- Orzechowski and Walker, Tax Burden on Tobacco","POL","450POL","450CGS"
"MD","Maryland","2014","OW","The Tax Burden on Tobacco","Cigarette Sales","374,270,210","$","Dollars","POINT (-76.609260111 39.290580964)","Table 12- Orzechowski and Walker, Tax Burden on Tobacco","POL","450POL","450CGS"
"MA","Massachusetts","2014","OW","The Tax Burden on Tobacco","Cigarette Sales","621,476,706","$","Dollars","POINT (-72.082690675 42.27687047)","Table 12- Orzechowski and Walker, Tax Burden on Tobacco","POL","450POL","450CGS"
"MI","Michigan","2014","OW","The Tax Burden on Tobacco","Cigarette Sales","879,665,787","$","Dollars","POINT (-84.71439027 44.661319543001)","Table 12- Orzechowski and Walker, Tax Burden on Tobacco","POL","450POL","450CGS"
"MN","Minnesota","2014","OW","The Tax Burden on Tobacco","Cigarette Sales","566,700,869","$","Dollars","POINT (-94.794200503 46.355648736)","Table 12- Orzechowski and Walker, Tax Burden on Tobacco","POL","450POL","450CGS"
"MS","Mississippi","2014","OW","The Tax Burden on Tobacco","Cigarette Sales","124,474,160","$","Dollars","POINT (-89.538030825 32.745510099)","Table 12- Orzechowski and Walker, Tax Burden on Tobacco","POL","450POL","450CGS"
"MO","Missouri","2014","OW","The Tax Burden on Tobacco","Cigarette Sales","84,847,006","$","Dollars","POINT (-92.566300053 38.635790776)","Table 12- Orzechowski and Walker, Tax Burden on Tobacco","POL","450POL","450CGS"
"MT","Montana","2014","OW","The Tax Burden on Tobacco","Cigarette Sales","74,316,187","$","Dollars","POINT (-109.424420645 47.066528972)","Table 12- Orzechowski and Walker, Tax Burden on Tobacco","POL","450POL","450CGS"
"NE","Nebraska","2014","OW","The Tax Burden on Tobacco","Cigarette Sales","56,575,680","$","Dollars","POINT (-99.365720623 41.641040988001)","Table 12- Orzechowski and Walker, Tax Burden on Tobacco","POL","450POL","450CGS"
"NV","Nevada","2014","OW","The Tax Burden on Tobacco","Cigarette Sales","92,935,920","$","Dollars","POINT (-117.071840564 39.49324039)","Table 12- Orzechowski and Walker, Tax Burden on Tobacco","POL","450POL","450CGS"
"NH","New Hampshire","2014","OW","The Tax Burden on Tobacco","Cigarette Sales","210,527,196","$","Dollars","POINT (-71.50036092 43.655950113)","Table 12- Orzechowski and Walker, Tax Burden on Tobacco","POL","450POL","450CGS"
"NJ","New Jersey","2014","OW","The Tax Burden on Tobacco","Cigarette Sales","704,600,100","$","Dollars","POINT (-74.273691288 40.130570048)","Table 12- Orzechowski and Walker, Tax Burden on Tobacco","POL","450POL","450CGS"
"NM","New Mexico","2014","OW","The Tax Burden on Tobacco","Cigarette Sales","85,261,335","$","Dollars","POINT (-106.240580985 34.520880952)","Table 12- Orzechowski and Walker, Tax Burden on Tobacco","POL","450POL","450CGS"
"NY","New York","2014","OW","The Tax Burden on Tobacco","Cigarette Sales","1,326,507,365","$","Dollars","POINT (-75.543970427 42.827001032)","Table 12- Orzechowski and Walker, Tax Burden on Tobacco","POL","450POL","450CGS"
"NC","North Carolina","2014","OW","The Tax Burden on Tobacco","Cigarette Sales","251,193,060","$","Dollars","POINT (-79.159250463 35.466220975)","Table 12- Orzechowski and Walker, Tax Burden on Tobacco","POL","450POL","450CGS"
"ND","North Dakota","2014","OW","The Tax Burden on Tobacco","Cigarette Sales","24,123,029","$","Dollars","POINT (-100.118421049 47.475319779)","Table 12- Orzechowski and Walker, Tax Burden on Tobacco","POL","450POL","450CGS"
"OH","Ohio","2014","OW","The Tax Burden on Tobacco","Cigarette Sales","771,577,453","$","Dollars","POINT (-82.404260056 40.060210141)","Table 12- Orzechowski and Walker, Tax Burden on Tobacco","POL","450POL","450CGS"
"OK","Oklahoma","2014","OW","The Tax Burden on Tobacco","Cigarette Sales","238,739,051","$","Dollars","POINT (-97.521070214 35.472031356)","Table 12- Orzechowski and Walker, Tax Burden on Tobacco","POL","450POL","450CGS"
"OR","Oregon","2014","OW","The Tax Burden on Tobacco","Cigarette Sales","201,840,986","$","Dollars","POINT (-120.155031326 44.567449424)","Table 12- Orzechowski and Walker, Tax Burden on Tobacco","POL","450POL","450CGS"
"PA","Pennsylvania","2014","OW","The Tax Burden on Tobacco","Cigarette Sales","1,038,258,000","$","Dollars","POINT (-77.860700294 40.793730152)","Table 12- Orzechowski and Walker, Tax Burden on Tobacco","POL","450POL","450CGS"
"RI","Rhode Island","2014","OW","The Tax Burden on Tobacco","Cigarette Sales","135,240,000","$","Dollars","POINT (-71.522470314 41.708280193)","Table 12- Orzechowski and Walker, Tax Burden on Tobacco","POL","450POL","450CGS"
"SC","South Carolina","2014","OW","The Tax Burden on Tobacco","Cigarette Sales","156,356,758","$","Dollars","POINT (-81.045371207 33.998821303)","Table 12- Orzechowski and Walker, Tax Burden on Tobacco","POL","450POL","450CGS"
"SD","South Dakota","2014","OW","The Tax Burden on Tobacco","Cigarette Sales","54,732,798","$","Dollars","POINT (-100.373530637 44.353130053)","Table 12- Orzechowski and Walker, Tax Burden on Tobacco","POL","450POL","450CGS"
"TN","Tennessee","2014","OW","The Tax Burden on Tobacco","Cigarette Sales","252,266,793","$","Dollars","POINT (-85.774490914 35.68094058)","Table 12- Orzechowski and Walker, Tax Burden on Tobacco","POL","450POL","450CGS"
"TX","Texas","2014","OW","The Tax Burden on Tobacco","Cigarette Sales","1,256,724,107","$","Dollars","POINT (-99.426770206 31.827240407)","Table 12- Orzechowski and Walker, Tax Burden on Tobacco","POL","450POL","450CGS"
"UT","Utah","2014","OW","The Tax Burden on Tobacco","Cigarette Sales","96,248,832","$","Dollars","POINT (-111.587130635 39.360700171)","Table 12- Orzechowski and Walker, Tax Burden on Tobacco","POL","450POL","450CGS"
"VT","Vermont","2014","OW","The Tax Burden on Tobacco","Cigarette Sales","64,804,902","$","Dollars","POINT (-72.517640791 43.625381239)","Table 12- Orzechowski and Walker, Tax Burden on Tobacco","POL","450POL","450CGS"
"VA","Virginia","2014","OW","The Tax Burden on Tobacco","Cigarette Sales","166,131,900","$","Dollars","POINT (-78.457890463 37.542680674)","Table 12- Orzechowski and Walker, Tax Burden on Tobacco","POL","450POL","450CGS"
"WA","Washington","2014","OW","The Tax Burden on Tobacco","Cigarette Sales","393,063,237","$","Dollars","POINT (-120.47001079 47.522278629)","Table 12- Orzechowski and Walker, Tax Burden on Tobacco","POL","450POL","450CGS"
"WV","West Virginia","2014","OW","The Tax Burden on Tobacco","Cigarette Sales","99,334,703","$","Dollars","POINT (-80.712640135 38.665510202)","Table 12- Orzechowski and Walker, Tax Burden on Tobacco","POL","450POL","450CGS"
"WI","Wisconsin","2014","OW","The Tax Burden on Tobacco","Cigarette Sales","576,773,290","$","Dollars","POINT (-89.816370742 44.393191174)","Table 12- Orzechowski and Walker, Tax Burden on Tobacco","POL","450POL","450CGS"
"WY","Wyoming","2014","OW","The Tax Burden on Tobacco","Cigarette Sales","19,739,879","$","Dollars","POINT (-108.109830353 43.235541343)","Table 12- Orzechowski and Walker, Tax Burden on Tobacco","POL","450POL","450CGS"
"AL","Alabama","2013","OW","The Tax Burden on Tobacco","Cigarette Sales","132,215,587","$","Dollars","POINT (-86.631860762 32.840571122)","Table 12- Orzechowski and Walker, Tax Burden on Tobacco","POL","450POL","450CGS"
"AK","Alaska","2013","OW","The Tax Burden on Tobacco","Cigarette Sales","56,983,372","$","Dollars","POINT (-147.722059036 64.845079957001)","Table 12- Orzechowski and Walker, Tax Burden on Tobacco","POL","450POL","450CGS"
"AZ","Arizona","2013","OW","The Tax Burden on Tobacco","Cigarette Sales","316,111,769","$","Dollars","POINT (-111.763811277 34.86597028)","Table 12- Orzechowski and Walker, Tax Burden on Tobacco","POL","450POL","450CGS"
"AR","Arkansas","2013","OW","The Tax Burden on Tobacco","Cigarette Sales","190,245,330","$","Dollars","POINT (-92.274490743 34.748650124)","Table 12- Orzechowski and Walker, Tax Burden on Tobacco","POL","450POL","450CGS"
"CA","California","2013","OW","The Tax Burden on Tobacco","Cigarette Sales","788,753,850","$","Dollars","POINT (-120.999999538 37.638640123)","Table 12- Orzechowski and Walker, Tax Burden on Tobacco","POL","450POL","450CGS"
"CO","Colorado","2013","OW","The Tax Burden on Tobacco","Cigarette Sales","167,059,169","$","Dollars","POINT (-106.133610921 38.843840757)","Table 12- Orzechowski and Walker, Tax Burden on Tobacco","POL","450POL","450CGS"
"CT","Connecticut","2013","OW","The Tax Burden on Tobacco","Cigarette Sales","382,919,319","$","Dollars","POINT (-72.649840952 41.56266102)","Table 12- Orzechowski and Walker, Tax Burden on Tobacco","POL","450POL","450CGS"
"DE","Delaware","2013","OW","The Tax Burden on Tobacco","Cigarette Sales","112,948,060","$","Dollars","POINT (-75.577741168 39.008830667)","Table 12- Orzechowski and Walker, Tax Burden on Tobacco","POL","450POL","450CGS"
"DC","District of Columbia","2013","OW","The Tax Burden on Tobacco","Cigarette Sales","34,304,210","$","Dollars","POINT (-77.031961127 38.890371385)","Table 12- Orzechowski and Walker, Tax Burden on Tobacco","POL","450POL","450CGS"
"FL","Florida","2013","OW","The Tax Burden on Tobacco","Cigarette Sales","1,146,480,000","$","Dollars","POINT (-81.928960539 28.932040377)","Table 12- Orzechowski and Walker, Tax Burden on Tobacco","POL","450POL","450CGS"
"GA","Georgia","2013","OW","The Tax Burden on Tobacco","Cigarette Sales","182,965,037","$","Dollars","POINT (-83.627580346 32.839681093)","Table 12- Orzechowski and Walker, Tax Burden on Tobacco","POL","450POL","450CGS"
"HI","Hawaii","2013","OW","The Tax Burden on Tobacco","Cigarette Sales","120,095,909","$","Dollars","POINT (-157.857749403 21.304850435)","Table 12- Orzechowski and Walker, Tax Burden on Tobacco","POL","450POL","450CGS"
"ID","Idaho","2013","OW","The Tax Burden on Tobacco","Cigarette Sales","39,205,650","$","Dollars","POINT (-114.363730042 43.682630005)","Table 12- Orzechowski and Walker, Tax Burden on Tobacco","POL","450POL","450CGS"
"IL","Illinois","2013","OW","The Tax Burden on Tobacco","Cigarette Sales","808,255,800","$","Dollars","POINT (-88.997710178 40.485010283)","Table 12- Orzechowski and Walker, Tax Burden on Tobacco","POL","450POL","450CGS"
"IN","Indiana","2013","OW","The Tax Burden on Tobacco","Cigarette Sales","434,473,203","$","Dollars","POINT (-86.149960194 39.766910452)","Table 12- Orzechowski and Walker, Tax Burden on Tobacco","POL","450POL","450CGS"
"IA","Iowa","2013","OW","The Tax Burden on Tobacco","Cigarette Sales","202,980,954","$","Dollars","POINT (-93.816490556 42.469400913)","Table 12- Orzechowski and Walker, Tax Burden on Tobacco","POL","450POL","450CGS"
"KS","Kansas","2013","OW","The Tax Burden on Tobacco","Cigarette Sales","93,306,900","$","Dollars","POINT (-98.200781227 38.3477403)","Table 12- Orzechowski and Walker, Tax Burden on Tobacco","POL","450POL","450CGS"
"KY","Kentucky","2013","OW","The Tax Burden on Tobacco","Cigarette Sales","245,793,222","$","Dollars","POINT (-84.774971048 37.645970271)","Table 12- Orzechowski and Walker, Tax Burden on Tobacco","POL","450POL","450CGS"
"LA","Louisiana","2013","OW","The Tax Burden on Tobacco","Cigarette Sales","121,234,140","$","Dollars","POINT (-92.445680071 31.312660644)","Table 12- Orzechowski and Walker, Tax Burden on Tobacco","POL","450POL","450CGS"
"ME","Maine","2013","OW","The Tax Burden on Tobacco","Cigarette Sales","128,879,094","$","Dollars","POINT (-68.985031336 45.254228894001)","Table 12- Orzechowski and Walker, Tax Burden on Tobacco","POL","450POL","450CGS"
"MD","Maryland","2013","OW","The Tax Burden on Tobacco","Cigarette Sales","382,443,200","$","Dollars","POINT (-76.609260111 39.290580964)","Table 12- Orzechowski and Walker, Tax Burden on Tobacco","POL","450POL","450CGS"
"MA","Massachusetts","2013","OW","The Tax Burden on Tobacco","Cigarette Sales","536,736,894","$","Dollars","POINT (-72.082690675 42.27687047)","Table 12- Orzechowski and Walker, Tax Burden on Tobacco","POL","450POL","450CGS"
"MI","Michigan","2013","OW","The Tax Burden on Tobacco","Cigarette Sales","896,272,083","$","Dollars","POINT (-84.71439027 44.661319543001)","Table 12- Orzechowski and Walker, Tax Burden on Tobacco","POL","450POL","450CGS"
"MN","Minnesota","2013","OW","The Tax Burden on Tobacco","Cigarette Sales","372,223,925","$","Dollars","POINT (-94.794200503 46.355648736)","Table 12- Orzechowski and Walker, Tax Burden on Tobacco","POL","450POL","450CGS"
"MS","Mississippi","2013","OW","The Tax Burden on Tobacco","Cigarette Sales","129,738,515","$","Dollars","POINT (-89.538030825 32.745510099)","Table 12- Orzechowski and Walker, Tax Burden on Tobacco","POL","450POL","450CGS"
"MO","Missouri","2013","OW","The Tax Burden on Tobacco","Cigarette Sales","89,523,695","$","Dollars","POINT (-92.566300053 38.635790776)","Table 12- Orzechowski and Walker, Tax Burden on Tobacco","POL","450POL","450CGS"
"MT","Montana","2013","OW","The Tax Burden on Tobacco","Cigarette Sales","75,664,883","$","Dollars","POINT (-109.424420645 47.066528972)","Table 12- Orzechowski and Walker, Tax Burden on Tobacco","POL","450POL","450CGS"
"NE","Nebraska","2013","OW","The Tax Burden on Tobacco","Cigarette Sales","60,778,560","$","Dollars","POINT (-99.365720623 41.641040988001)","Table 12- Orzechowski and Walker, Tax Burden on Tobacco","POL","450POL","450CGS"
"NV","Nevada","2013","OW","The Tax Burden on Tobacco","Cigarette Sales","95,794,651","$","Dollars","POINT (-117.071840564 39.49324039)","Table 12- Orzechowski and Walker, Tax Burden on Tobacco","POL","450POL","450CGS"
"NH","New Hampshire","2013","OW","The Tax Burden on Tobacco","Cigarette Sales","198,896,040","$","Dollars","POINT (-71.50036092 43.655950113)","Table 12- Orzechowski and Walker, Tax Burden on Tobacco","POL","450POL","450CGS"
"NJ","New Jersey","2013","OW","The Tax Burden on Tobacco","Cigarette Sales","733,079,700","$","Dollars","POINT (-74.273691288 40.130570048)","Table 12- Orzechowski and Walker, Tax Burden on Tobacco","POL","450POL","450CGS"
"NM","New Mexico","2013","OW","The Tax Burden on Tobacco","Cigarette Sales","91,475,753","$","Dollars","POINT (-106.240580985 34.520880952)","Table 12- Orzechowski and Walker, Tax Burden on Tobacco","POL","450POL","450CGS"
"NY","New York","2013","OW","The Tax Burden on Tobacco","Cigarette Sales","1,425,269,207","$","Dollars","POINT (-75.543970427 42.827001032)","Table 12- Orzechowski and Walker, Tax Burden on Tobacco","POL","450POL","450CGS"
"NC","North Carolina","2013","OW","The Tax Burden on Tobacco","Cigarette Sales","252,227,647","$","Dollars","POINT (-79.159250463 35.466220975)","Table 12- Orzechowski and Walker, Tax Burden on Tobacco","POL","450POL","450CGS"
"ND","North Dakota","2013","OW","The Tax Burden on Tobacco","Cigarette Sales","22,359,059","$","Dollars","POINT (-100.118421049 47.475319779)","Table 12- Orzechowski and Walker, Tax Burden on Tobacco","POL","450POL","450CGS"
"OH","Ohio","2013","OW","The Tax Burden on Tobacco","Cigarette Sales","789,832,969","$","Dollars","POINT (-82.404260056 40.060210141)","Table 12- Orzechowski and Walker, Tax Burden on Tobacco","POL","450POL","450CGS"
"OK","Oklahoma","2013","OW","The Tax Burden on Tobacco","Cigarette Sales","230,708,318","$","Dollars","POINT (-97.521070214 35.472031356)","Table 12- Orzechowski and Walker, Tax Burden on Tobacco","POL","450POL","450CGS"
"OR","Oregon","2013","OW","The Tax Burden on Tobacco","Cigarette Sales","199,223,787","$","Dollars","POINT (-120.155031326 44.567449424)","Table 12- Orzechowski and Walker, Tax Burden on Tobacco","POL","450POL","450CGS"
"PA","Pennsylvania","2013","OW","The Tax Burden on Tobacco","Cigarette Sales","1,078,116,000","$","Dollars","POINT (-77.860700294 40.793730152)","Table 12- Orzechowski and Walker, Tax Burden on Tobacco","POL","450POL","450CGS"
"RI","Rhode Island","2013","OW","The Tax Burden on Tobacco","Cigarette Sales","129,608,951","$","Dollars","POINT (-71.522470314 41.708280193)","Table 12- Orzechowski and Walker, Tax Burden on Tobacco","POL","450POL","450CGS"
"SC","South Carolina","2013","OW","The Tax Burden on Tobacco","Cigarette Sales","163,002,662","$","Dollars","POINT (-81.045371207 33.998821303)","Table 12- Orzechowski and Walker, Tax Burden on Tobacco","POL","450POL","450CGS"
"SD","South Dakota","2013","OW","The Tax Burden on Tobacco","Cigarette Sales","54,473,910","$","Dollars","POINT (-100.373530637 44.353130053)","Table 12- Orzechowski and Walker, Tax Burden on Tobacco","POL","450POL","450CGS"
"TN","Tennessee","2013","OW","The Tax Burden on Tobacco","Cigarette Sales","265,091,159","$","Dollars","POINT (-85.774490914 35.68094058)","Table 12- Orzechowski and Walker, Tax Burden on Tobacco","POL","450POL","450CGS"
"TX","Texas","2013","OW","The Tax Burden on Tobacco","Cigarette Sales","1,329,662,430","$","Dollars","POINT (-99.426770206 31.827240407)","Table 12- Orzechowski and Walker, Tax Burden on Tobacco","POL","450POL","450CGS"
"UT","Utah","2013","OW","The Tax Burden on Tobacco","Cigarette Sales","104,045,712","$","Dollars","POINT (-111.587130635 39.360700171)","Table 12- Orzechowski and Walker, Tax Burden on Tobacco","POL","450POL","450CGS"
"VT","Vermont","2013","OW","The Tax Burden on Tobacco","Cigarette Sales","67,417,623","$","Dollars","POINT (-72.517640791 43.625381239)","Table 12- Orzechowski and Walker, Tax Burden on Tobacco","POL","450POL","450CGS"
"VA","Virginia","2013","OW","The Tax Burden on Tobacco","Cigarette Sales","171,078,000","$","Dollars","POINT (-78.457890463 37.542680674)","Table 12- Orzechowski and Walker, Tax Burden on Tobacco","POL","450POL","450CGS"
"WA","Washington","2013","OW","The Tax Burden on Tobacco","Cigarette Sales","407,722,946","$","Dollars","POINT (-120.47001079 47.522278629)","Table 12- Orzechowski and Walker, Tax Burden on Tobacco","POL","450POL","450CGS"
"WV","West Virginia","2013","OW","The Tax Burden on Tobacco","Cigarette Sales","105,256,965","$","Dollars","POINT (-80.712640135 38.665510202)","Table 12- Orzechowski and Walker, Tax Burden on Tobacco","POL","450POL","450CGS"
"WI","Wisconsin","2013","OW","The Tax Burden on Tobacco","Cigarette Sales","573,163,403","$","Dollars","POINT (-89.816370742 44.393191174)","Table 12- Orzechowski and Walker, Tax Burden on Tobacco","POL","450POL","450CGS"
"WY","Wyoming","2013","OW","The Tax Burden on Tobacco","Cigarette Sales","21,036,314","$","Dollars","POINT (-108.109830353 43.235541343)","Table 12- Orzechowski and Walker, Tax Burden on Tobacco","POL","450POL","450CGS"
"AL","Alabama","2012","OW","The Tax Burden on Tobacco","Cigarette Sales","137,207,735","$","Dollars","POINT (-86.631860762 32.840571122)","Table 12- Orzechowski and Walker, Tax Burden on Tobacco","POL","450POL","450CGS"
"AK","Alaska","2012","OW","The Tax Burden on Tobacco","Cigarette Sales","59,586,835","$","Dollars","POINT (-147.722059036 64.845079957001)","Table 12- Orzechowski and Walker, Tax Burden on Tobacco","POL","450POL","450CGS"
"AZ","Arizona","2012","OW","The Tax Burden on Tobacco","Cigarette Sales","322,217,444","$","Dollars","POINT (-111.763811277 34.86597028)","Table 12- Orzechowski and Walker, Tax Burden on Tobacco","POL","450POL","450CGS"
"AR","Arkansas","2012","OW","The Tax Burden on Tobacco","Cigarette Sales","199,654,545","$","Dollars","POINT (-92.274490743 34.748650124)","Table 12- Orzechowski and Walker, Tax Burden on Tobacco","POL","450POL","450CGS"
"CA","California","2012","OW","The Tax Burden on Tobacco","Cigarette Sales","827,497,368","$","Dollars","POINT (-120.999999538 37.638640123)","Table 12- Orzechowski and Walker, Tax Burden on Tobacco","POL","450POL","450CGS"
"CO","Colorado","2012","OW","The Tax Burden on Tobacco","Cigarette Sales","174,467,790","$","Dollars","POINT (-106.133610921 38.843840757)","Table 12- Orzechowski and Walker, Tax Burden on Tobacco","POL","450POL","450CGS"
"CT","Connecticut","2012","OW","The Tax Burden on Tobacco","Cigarette Sales","410,490,194","$","Dollars","POINT (-72.649840952 41.56266102)","Table 12- Orzechowski and Walker, Tax Burden on Tobacco","POL","450POL","450CGS"
"DE","Delaware","2012","OW","The Tax Burden on Tobacco","Cigarette Sales","122,961,514","$","Dollars","POINT (-75.577741168 39.008830667)","Table 12- Orzechowski and Walker, Tax Burden on Tobacco","POL","450POL","450CGS"
"DC","District of Columbia","2012","OW","The Tax Burden on Tobacco","Cigarette Sales","34,148,060","$","Dollars","POINT (-77.031961127 38.890371385)","Table 12- Orzechowski and Walker, Tax Burden on Tobacco","POL","450POL","450CGS"
"FL","Florida","2012","OW","The Tax Burden on Tobacco","Cigarette Sales","1,171,575,000","$","Dollars","POINT (-81.928960539 28.932040377)","Table 12- Orzechowski and Walker, Tax Burden on Tobacco","POL","450POL","450CGS"
"GA","Georgia","2012","OW","The Tax Burden on Tobacco","Cigarette Sales","192,791,460","$","Dollars","POINT (-83.627580346 32.839681093)","Table 12- Orzechowski and Walker, Tax Burden on Tobacco","POL","450POL","450CGS"
"HI","Hawaii","2012","OW","The Tax Burden on Tobacco","Cigarette Sales","130,994,720","$","Dollars","POINT (-157.857749403 21.304850435)","Table 12- Orzechowski and Walker, Tax Burden on Tobacco","POL","450POL","450CGS"
"ID","Idaho","2012","OW","The Tax Burden on Tobacco","Cigarette Sales","39,326,625","$","Dollars","POINT (-114.363730042 43.682630005)","Table 12- Orzechowski and Walker, Tax Burden on Tobacco","POL","450POL","450CGS"
"IL","Illinois","2012","OW","The Tax Burden on Tobacco","Cigarette Sales","588,935,400","$","Dollars","POINT (-88.997710178 40.485010283)","Table 12- Orzechowski and Walker, Tax Burden on Tobacco","POL","450POL","450CGS"
"IN","Indiana","2012","OW","The Tax Burden on Tobacco","Cigarette Sales","428,080,840","$","Dollars","POINT (-86.149960194 39.766910452)","Table 12- Orzechowski and Walker, Tax Burden on Tobacco","POL","450POL","450CGS"
"IA","Iowa","2012","OW","The Tax Burden on Tobacco","Cigarette Sales","202,808,381","$","Dollars","POINT (-93.816490556 42.469400913)","Table 12- Orzechowski and Walker, Tax Burden on Tobacco","POL","450POL","450CGS"
"KS","Kansas","2012","OW","The Tax Burden on Tobacco","Cigarette Sales","97,502,160","$","Dollars","POINT (-98.200781227 38.3477403)","Table 12- Orzechowski and Walker, Tax Burden on Tobacco","POL","450POL","450CGS"
"KY","Kentucky","2012","OW","The Tax Burden on Tobacco","Cigarette Sales","262,353,165","$","Dollars","POINT (-84.774971048 37.645970271)","Table 12- Orzechowski and Walker, Tax Burden on Tobacco","POL","450POL","450CGS"
"LA","Louisiana","2012","OW","The Tax Burden on Tobacco","Cigarette Sales","118,425,474","$","Dollars","POINT (-92.445680071 31.312660644)","Table 12- Orzechowski and Walker, Tax Burden on Tobacco","POL","450POL","450CGS"
"ME","Maine","2012","OW","The Tax Burden on Tobacco","Cigarette Sales","131,373,120","$","Dollars","POINT (-68.985031336 45.254228894001)","Table 12- Orzechowski and Walker, Tax Burden on Tobacco","POL","450POL","450CGS"
"MD","Maryland","2012","OW","The Tax Burden on Tobacco","Cigarette Sales","401,550,000","$","Dollars","POINT (-76.609260111 39.290580964)","Table 12- Orzechowski and Walker, Tax Burden on Tobacco","POL","450POL","450CGS"
"MA","Massachusetts","2012","OW","The Tax Burden on Tobacco","Cigarette Sales","553,406,808","$","Dollars","POINT (-72.082690675 42.27687047)","Table 12- Orzechowski and Walker, Tax Burden on Tobacco","POL","450POL","450CGS"
"MI","Michigan","2012","OW","The Tax Burden on Tobacco","Cigarette Sales","922,370,520","$","Dollars","POINT (-84.71439027 44.661319543001)","Table 12- Orzechowski and Walker, Tax Burden on Tobacco","POL","450POL","450CGS"
"MN","Minnesota","2012","OW","The Tax Burden on Tobacco","Cigarette Sales","322,516,525","$","Dollars","POINT (-94.794200503 46.355648736)","Table 12- Orzechowski and Walker, Tax Burden on Tobacco","POL","450POL","450CGS"
"MS","Mississippi","2012","OW","The Tax Burden on Tobacco","Cigarette Sales","134,743,995","$","Dollars","POINT (-89.538030825 32.745510099)","Table 12- Orzechowski and Walker, Tax Burden on Tobacco","POL","450POL","450CGS"
"MO","Missouri","2012","OW","The Tax Burden on Tobacco","Cigarette Sales","91,349,531","$","Dollars","POINT (-92.566300053 38.635790776)","Table 12- Orzechowski and Walker, Tax Burden on Tobacco","POL","450POL","450CGS"
"MT","Montana","2012","OW","The Tax Burden on Tobacco","Cigarette Sales","77,265,829","$","Dollars","POINT (-109.424420645 47.066528972)","Table 12- Orzechowski and Walker, Tax Burden on Tobacco","POL","450POL","450CGS"
"NE","Nebraska","2012","OW","The Tax Burden on Tobacco","Cigarette Sales","61,948,800","$","Dollars","POINT (-99.365720623 41.641040988001)","Table 12- Orzechowski and Walker, Tax Burden on Tobacco","POL","450POL","450CGS"
"NV","Nevada","2012","OW","The Tax Burden on Tobacco","Cigarette Sales","95,094,310","$","Dollars","POINT (-117.071840564 39.49324039)","Table 12- Orzechowski and Walker, Tax Burden on Tobacco","POL","450POL","450CGS"
"NH","New Hampshire","2012","OW","The Tax Burden on Tobacco","Cigarette Sales","207,917,640","$","Dollars","POINT (-71.50036092 43.655950113)","Table 12- Orzechowski and Walker, Tax Burden on Tobacco","POL","450POL","450CGS"
"NJ","New Jersey","2012","OW","The Tax Burden on Tobacco","Cigarette Sales","753,264,900","$","Dollars","POINT (-74.273691288 40.130570048)","Table 12- Orzechowski and Walker, Tax Burden on Tobacco","POL","450POL","450CGS"
"NM","New Mexico","2012","OW","The Tax Burden on Tobacco","Cigarette Sales","92,328,577","$","Dollars","POINT (-106.240580985 34.520880952)","Table 12- Orzechowski and Walker, Tax Burden on Tobacco","POL","450POL","450CGS"
"NY","New York","2012","OW","The Tax Burden on Tobacco","Cigarette Sales","1,531,170,092","$","Dollars","POINT (-75.543970427 42.827001032)","Table 12- Orzechowski and Walker, Tax Burden on Tobacco","POL","450POL","450CGS"
"NC","North Carolina","2012","OW","The Tax Burden on Tobacco","Cigarette Sales","263,600,000","$","Dollars","POINT (-79.159250463 35.466220975)","Table 12- Orzechowski and Walker, Tax Burden on Tobacco","POL","450POL","450CGS"
"ND","North Dakota","2012","OW","The Tax Burden on Tobacco","Cigarette Sales","22,420,469","$","Dollars","POINT (-100.118421049 47.475319779)","Table 12- Orzechowski and Walker, Tax Burden on Tobacco","POL","450POL","450CGS"
"OH","Ohio","2012","OW","The Tax Burden on Tobacco","Cigarette Sales","804,236,250","$","Dollars","POINT (-82.404260056 40.060210141)","Table 12- Orzechowski and Walker, Tax Burden on Tobacco","POL","450POL","450CGS"
"OK","Oklahoma","2012","OW","The Tax Burden on Tobacco","Cigarette Sales","245,663,922","$","Dollars","POINT (-97.521070214 35.472031356)","Table 12- Orzechowski and Walker, Tax Burden on Tobacco","POL","450POL","450CGS"
"OR","Oregon","2012","OW","The Tax Burden on Tobacco","Cigarette Sales","204,178,765","$","Dollars","POINT (-120.155031326 44.567449424)","Table 12- Orzechowski and Walker, Tax Burden on Tobacco","POL","450POL","450CGS"
"PA","Pennsylvania","2012","OW","The Tax Burden on Tobacco","Cigarette Sales","1,122,129,000","$","Dollars","POINT (-77.860700294 40.793730152)","Table 12- Orzechowski and Walker, Tax Burden on Tobacco","POL","450POL","450CGS"
"RI","Rhode Island","2012","OW","The Tax Burden on Tobacco","Cigarette Sales","130,103,086","$","Dollars","POINT (-71.522470314 41.708280193)","Table 12- Orzechowski and Walker, Tax Burden on Tobacco","POL","450POL","450CGS"
"SC","South Carolina","2012","OW","The Tax Burden on Tobacco","Cigarette Sales","164,019,425","$","Dollars","POINT (-81.045371207 33.998821303)","Table 12- Orzechowski and Walker, Tax Burden on Tobacco","POL","450POL","450CGS"
"SD","South Dakota","2012","OW","The Tax Burden on Tobacco","Cigarette Sales","53,980,032","$","Dollars","POINT (-100.373530637 44.353130053)","Table 12- Orzechowski and Walker, Tax Burden on Tobacco","POL","450POL","450CGS"
"TN","Tennessee","2012","OW","The Tax Burden on Tobacco","Cigarette Sales","271,048,763","$","Dollars","POINT (-85.774490914 35.68094058)","Table 12- Orzechowski and Walker, Tax Burden on Tobacco","POL","450POL","450CGS"
"TX","Texas","2012","OW","The Tax Burden on Tobacco","Cigarette Sales","1,330,330,418","$","Dollars","POINT (-99.426770206 31.827240407)","Table 12- Orzechowski and Walker, Tax Burden on Tobacco","POL","450POL","450CGS"
"UT","Utah","2012","OW","The Tax Burden on Tobacco","Cigarette Sales","110,249,352","$","Dollars","POINT (-111.587130635 39.360700171)","Table 12- Orzechowski and Walker, Tax Burden on Tobacco","POL","450POL","450CGS"
"VT","Vermont","2012","OW","The Tax Burden on Tobacco","Cigarette Sales","73,270,456","$","Dollars","POINT (-72.517640791 43.625381239)","Table 12- Orzechowski and Walker, Tax Burden on Tobacco","POL","450POL","450CGS"
"VA","Virginia","2012","OW","The Tax Burden on Tobacco","Cigarette Sales","175,753,500","$","Dollars","POINT (-78.457890463 37.542680674)","Table 12- Orzechowski and Walker, Tax Burden on Tobacco","POL","450POL","450CGS"
"WA","Washington","2012","OW","The Tax Burden on Tobacco","Cigarette Sales","425,647,356","$","Dollars","POINT (-120.47001079 47.522278629)","Table 12- Orzechowski and Walker, Tax Burden on Tobacco","POL","450POL","450CGS"
"WV","West Virginia","2012","OW","The Tax Burden on Tobacco","Cigarette Sales","107,151,660","$","Dollars","POINT (-80.712640135 38.665510202)","Table 12- Orzechowski and Walker, Tax Burden on Tobacco","POL","450POL","450CGS"
"WI","Wisconsin","2012","OW","The Tax Burden on Tobacco","Cigarette Sales","591,894,863","$","Dollars","POINT (-89.816370742 44.393191174)","Table 12- Orzechowski and Walker, Tax Burden on Tobacco","POL","450POL","450CGS"
"WY","Wyoming","2012","OW","The Tax Burden on Tobacco","Cigarette Sales","20,917,040","$","Dollars","POINT (-108.109830353 43.235541343)","Table 12- Orzechowski and Walker, Tax Burden on Tobacco","POL","450POL","450CGS"
"AL","Alabama","2011","OW","The Tax Burden on Tobacco","Cigarette Sales","138,999,738","$","Dollars","POINT (-86.631860762 32.840571122)","Table 12- Orzechowski and Walker, Tax Burden on Tobacco","POL","450POL","450CGS"
"AK","Alaska","2011","OW","The Tax Burden on Tobacco","Cigarette Sales","61,478,147","$","Dollars","POINT (-147.722059036 64.845079957001)","Table 12- Orzechowski and Walker, Tax Burden on Tobacco","POL","450POL","450CGS"
"AZ","Arizona","2011","OW","The Tax Burden on Tobacco","Cigarette Sales","328,721,247","$","Dollars","POINT (-111.763811277 34.86597028)","Table 12- Orzechowski and Walker, Tax Burden on Tobacco","POL","450POL","450CGS"
"AR","Arkansas","2011","OW","The Tax Burden on Tobacco","Cigarette Sales","200,418,005","$","Dollars","POINT (-92.274490743 34.748650124)","Table 12- Orzechowski and Walker, Tax Burden on Tobacco","POL","450POL","450CGS"
"CA","California","2011","OW","The Tax Burden on Tobacco","Cigarette Sales","843,072,021","$","Dollars","POINT (-120.999999538 37.638640123)","Table 12- Orzechowski and Walker, Tax Burden on Tobacco","POL","450POL","450CGS"
"CO","Colorado","2011","OW","The Tax Burden on Tobacco","Cigarette Sales","171,531,588","$","Dollars","POINT (-106.133610921 38.843840757)","Table 12- Orzechowski and Walker, Tax Burden on Tobacco","POL","450POL","450CGS"
"CT","Connecticut","2011","OW","The Tax Burden on Tobacco","Cigarette Sales","389,770,000","$","Dollars","POINT (-72.649840952 41.56266102)","Table 12- Orzechowski and Walker, Tax Burden on Tobacco","POL","450POL","450CGS"
"DE","Delaware","2011","OW","The Tax Burden on Tobacco","Cigarette Sales","125,650,238","$","Dollars","POINT (-75.577741168 39.008830667)","Table 12- Orzechowski and Walker, Tax Burden on Tobacco","POL","450POL","450CGS"
"DC","District of Columbia","2011","OW","The Tax Burden on Tobacco","Cigarette Sales","36,360,219","$","Dollars","POINT (-77.031961127 38.890371385)","Table 12- Orzechowski and Walker, Tax Burden on Tobacco","POL","450POL","450CGS"
"FL","Florida","2011","OW","The Tax Burden on Tobacco","Cigarette Sales","1,250,816,674","$","Dollars","POINT (-81.928960539 28.932040377)","Table 12- Orzechowski and Walker, Tax Burden on Tobacco","POL","450POL","450CGS"
"GA","Georgia","2011","OW","The Tax Burden on Tobacco","Cigarette Sales","194,648,490","$","Dollars","POINT (-83.627580346 32.839681093)","Table 12- Orzechowski and Walker, Tax Burden on Tobacco","POL","450POL","450CGS"
"HI","Hawaii","2011","OW","The Tax Burden on Tobacco","Cigarette Sales","135,647,918","$","Dollars","POINT (-157.857749403 21.304850435)","Table 12- Orzechowski and Walker, Tax Burden on Tobacco","POL","450POL","450CGS"
"ID","Idaho","2011","OW","The Tax Burden on Tobacco","Cigarette Sales","40,626,245","$","Dollars","POINT (-114.363730042 43.682630005)","Table 12- Orzechowski and Walker, Tax Burden on Tobacco","POL","450POL","450CGS"
"IL","Illinois","2011","OW","The Tax Burden on Tobacco","Cigarette Sales","570,146,571","$","Dollars","POINT (-88.997710178 40.485010283)","Table 12- Orzechowski and Walker, Tax Burden on Tobacco","POL","450POL","450CGS"
"IN","Indiana","2011","OW","The Tax Burden on Tobacco","Cigarette Sales","448,763,368","$","Dollars","POINT (-86.149960194 39.766910452)","Table 12- Orzechowski and Walker, Tax Burden on Tobacco","POL","450POL","450CGS"
"IA","Iowa","2011","OW","The Tax Burden on Tobacco","Cigarette Sales","204,155,253","$","Dollars","POINT (-93.816490556 42.469400913)","Table 12- Orzechowski and Walker, Tax Burden on Tobacco","POL","450POL","450CGS"
"KS","Kansas","2011","OW","The Tax Burden on Tobacco","Cigarette Sales","95,864,364","$","Dollars","POINT (-98.200781227 38.3477403)","Table 12- Orzechowski and Walker, Tax Burden on Tobacco","POL","450POL","450CGS"
"KY","Kentucky","2011","OW","The Tax Burden on Tobacco","Cigarette Sales","270,015,864","$","Dollars","POINT (-84.774971048 37.645970271)","Table 12- Orzechowski and Walker, Tax Burden on Tobacco","POL","450POL","450CGS"
"LA","Louisiana","2011","OW","The Tax Burden on Tobacco","Cigarette Sales","128,614,885","$","Dollars","POINT (-92.445680071 31.312660644)","Table 12- Orzechowski and Walker, Tax Burden on Tobacco","POL","450POL","450CGS"
"ME","Maine","2011","OW","The Tax Burden on Tobacco","Cigarette Sales","135,831,050","$","Dollars","POINT (-68.985031336 45.254228894001)","Table 12- Orzechowski and Walker, Tax Burden on Tobacco","POL","450POL","450CGS"
"MD","Maryland","2011","OW","The Tax Burden on Tobacco","Cigarette Sales","399,135,000","$","Dollars","POINT (-76.609260111 39.290580964)","Table 12- Orzechowski and Walker, Tax Burden on Tobacco","POL","450POL","450CGS"
"MA","Massachusetts","2011","OW","The Tax Burden on Tobacco","Cigarette Sales","561,567,069","$","Dollars","POINT (-72.082690675 42.27687047)","Table 12- Orzechowski and Walker, Tax Burden on Tobacco","POL","450POL","450CGS"
"MI","Michigan","2011","OW","The Tax Burden on Tobacco","Cigarette Sales","916,872,910","$","Dollars","POINT (-84.71439027 44.661319543001)","Table 12- Orzechowski and Walker, Tax Burden on Tobacco","POL","450POL","450CGS"
"MN","Minnesota","2011","OW","The Tax Burden on Tobacco","Cigarette Sales","430,295,481","$","Dollars","POINT (-94.794200503 46.355648736)","Table 12- Orzechowski and Walker, Tax Burden on Tobacco","POL","450POL","450CGS"
"MS","Mississippi","2011","OW","The Tax Burden on Tobacco","Cigarette Sales","137,064,421","$","Dollars","POINT (-89.538030825 32.745510099)","Table 12- Orzechowski and Walker, Tax Burden on Tobacco","POL","450POL","450CGS"
"MO","Missouri","2011","OW","The Tax Burden on Tobacco","Cigarette Sales","92,748,361","$","Dollars","POINT (-92.566300053 38.635790776)","Table 12- Orzechowski and Walker, Tax Burden on Tobacco","POL","450POL","450CGS"
"MT","Montana","2011","OW","The Tax Burden on Tobacco","Cigarette Sales","76,430,979","$","Dollars","POINT (-109.424420645 47.066528972)","Table 12- Orzechowski and Walker, Tax Burden on Tobacco","POL","450POL","450CGS"
"NE","Nebraska","2011","OW","The Tax Burden on Tobacco","Cigarette Sales","62,516,160","$","Dollars","POINT (-99.365720623 41.641040988001)","Table 12- Orzechowski and Walker, Tax Burden on Tobacco","POL","450POL","450CGS"
"NV","Nevada","2011","OW","The Tax Burden on Tobacco","Cigarette Sales","98,666,160","$","Dollars","POINT (-117.071840564 39.49324039)","Table 12- Orzechowski and Walker, Tax Burden on Tobacco","POL","450POL","450CGS"
"NH","New Hampshire","2011","OW","The Tax Burden on Tobacco","Cigarette Sales","218,390,304","$","Dollars","POINT (-71.50036092 43.655950113)","Table 12- Orzechowski and Walker, Tax Burden on Tobacco","POL","450POL","450CGS"
"NJ","New Jersey","2011","OW","The Tax Burden on Tobacco","Cigarette Sales","771,157,800","$","Dollars","POINT (-74.273691288 40.130570048)","Table 12- Orzechowski and Walker, Tax Burden on Tobacco","POL","450POL","450CGS"
"NM","New Mexico","2011","OW","The Tax Burden on Tobacco","Cigarette Sales","93,300,922","$","Dollars","POINT (-106.240580985 34.520880952)","Table 12- Orzechowski and Walker, Tax Burden on Tobacco","POL","450POL","450CGS"
"NY","New York","2011","OW","The Tax Burden on Tobacco","Cigarette Sales","1,543,947,044","$","Dollars","POINT (-75.543970427 42.827001032)","Table 12- Orzechowski and Walker, Tax Burden on Tobacco","POL","450POL","450CGS"
"NC","North Carolina","2011","OW","The Tax Burden on Tobacco","Cigarette Sales","261,362,556","$","Dollars","POINT (-79.159250463 35.466220975)","Table 12- Orzechowski and Walker, Tax Burden on Tobacco","POL","450POL","450CGS"
"ND","North Dakota","2011","OW","The Tax Burden on Tobacco","Cigarette Sales","20,433,411","$","Dollars","POINT (-100.118421049 47.475319779)","Table 12- Orzechowski and Walker, Tax Burden on Tobacco","POL","450POL","450CGS"
"OH","Ohio","2011","OW","The Tax Burden on Tobacco","Cigarette Sales","818,437,395","$","Dollars","POINT (-82.404260056 40.060210141)","Table 12- Orzechowski and Walker, Tax Burden on Tobacco","POL","450POL","450CGS"
"OK","Oklahoma","2011","OW","The Tax Burden on Tobacco","Cigarette Sales","239,314,439","$","Dollars","POINT (-97.521070214 35.472031356)","Table 12- Orzechowski and Walker, Tax Burden on Tobacco","POL","450POL","450CGS"
"OR","Oregon","2011","OW","The Tax Burden on Tobacco","Cigarette Sales","212,364,953","$","Dollars","POINT (-120.155031326 44.567449424)","Table 12- Orzechowski and Walker, Tax Burden on Tobacco","POL","450POL","450CGS"
"PA","Pennsylvania","2011","OW","The Tax Burden on Tobacco","Cigarette Sales","1,145,644,000","$","Dollars","POINT (-77.860700294 40.793730152)","Table 12- Orzechowski and Walker, Tax Burden on Tobacco","POL","450POL","450CGS"
"RI","Rhode Island","2011","OW","The Tax Burden on Tobacco","Cigarette Sales","132,345,000","$","Dollars","POINT (-71.522470314 41.708280193)","Table 12- Orzechowski and Walker, Tax Burden on Tobacco","POL","450POL","450CGS"
"SC","South Carolina","2011","OW","The Tax Burden on Tobacco","Cigarette Sales","138,031,843","$","Dollars","POINT (-81.045371207 33.998821303)","Table 12- Orzechowski and Walker, Tax Burden on Tobacco","POL","450POL","450CGS"
"SD","South Dakota","2011","OW","The Tax Burden on Tobacco","Cigarette Sales","54,607,887","$","Dollars","POINT (-100.373530637 44.353130053)","Table 12- Orzechowski and Walker, Tax Burden on Tobacco","POL","450POL","450CGS"
"TN","Tennessee","2011","OW","The Tax Burden on Tobacco","Cigarette Sales","282,037,904","$","Dollars","POINT (-85.774490914 35.68094058)","Table 12- Orzechowski and Walker, Tax Burden on Tobacco","POL","450POL","450CGS"
"TX","Texas","2011","OW","The Tax Burden on Tobacco","Cigarette Sales","1,359,519,880","$","Dollars","POINT (-99.426770206 31.827240407)","Table 12- Orzechowski and Walker, Tax Burden on Tobacco","POL","450POL","450CGS"
"UT","Utah","2011","OW","The Tax Burden on Tobacco","Cigarette Sales","104,570,910","$","Dollars","POINT (-111.587130635 39.360700171)","Table 12- Orzechowski and Walker, Tax Burden on Tobacco","POL","450POL","450CGS"
"VT","Vermont","2011","OW","The Tax Burden on Tobacco","Cigarette Sales","67,896,109","$","Dollars","POINT (-72.517640791 43.625381239)","Table 12- Orzechowski and Walker, Tax Burden on Tobacco","POL","450POL","450CGS"
"VA","Virginia","2011","OW","The Tax Burden on Tobacco","Cigarette Sales","160,997,100","$","Dollars","POINT (-78.457890463 37.542680674)","Table 12- Orzechowski and Walker, Tax Burden on Tobacco","POL","450POL","450CGS"
"WA","Washington","2011","OW","The Tax Burden on Tobacco","Cigarette Sales","433,534,241","$","Dollars","POINT (-120.47001079 47.522278629)","Table 12- Orzechowski and Walker, Tax Burden on Tobacco","POL","450POL","450CGS"
"WV","West Virginia","2011","OW","The Tax Burden on Tobacco","Cigarette Sales","109,958,145","$","Dollars","POINT (-80.712640135 38.665510202)","Table 12- Orzechowski and Walker, Tax Burden on Tobacco","POL","450POL","450CGS"
"WI","Wisconsin","2011","OW","The Tax Burden on Tobacco","Cigarette Sales","609,094,792","$","Dollars","POINT (-89.816370742 44.393191174)","Table 12- Orzechowski and Walker, Tax Burden on Tobacco","POL","450POL","450CGS"
"WY","Wyoming","2011","OW","The Tax Burden on Tobacco","Cigarette Sales","23,884,954","$","Dollars","POINT (-108.109830353 43.235541343)","Table 12- Orzechowski and Walker, Tax Burden on Tobacco","POL","450POL","450CGS"
"AL","Alabama","2010","OW","The Tax Burden on Tobacco","Cigarette Sales","143,144,386","$","Dollars","POINT (-86.631860762 32.840571122)","Table 12- Orzechowski and Walker, Tax Burden on Tobacco","POL","450POL","450CGS"
"AK","Alaska","2010","OW","The Tax Burden on Tobacco","Cigarette Sales","61,237,633","$","Dollars","POINT (-147.722059036 64.845079957001)","Table 12- Orzechowski and Walker, Tax Burden on Tobacco","POL","450POL","450CGS"
"AZ","Arizona","2010","OW","The Tax Burden on Tobacco","Cigarette Sales","327,381,714","$","Dollars","POINT (-111.763811277 34.86597028)","Table 12- Orzechowski and Walker, Tax Burden on Tobacco","POL","450POL","450CGS"
"AR","Arkansas","2010","OW","The Tax Burden on Tobacco","Cigarette Sales","206,311,982","$","Dollars","POINT (-92.274490743 34.748650124)","Table 12- Orzechowski and Walker, Tax Burden on Tobacco","POL","450POL","450CGS"
"CA","California","2010","OW","The Tax Burden on Tobacco","Cigarette Sales","845,928,927","$","Dollars","POINT (-120.999999538 37.638640123)","Table 12- Orzechowski and Walker, Tax Burden on Tobacco","POL","450POL","450CGS"
"CO","Colorado","2010","OW","The Tax Burden on Tobacco","Cigarette Sales","176,557,976","$","Dollars","POINT (-106.133610921 38.843840757)","Table 12- Orzechowski and Walker, Tax Burden on Tobacco","POL","450POL","450CGS"
"CT","Connecticut","2010","OW","The Tax Burden on Tobacco","Cigarette Sales","382,087,683","$","Dollars","POINT (-72.649840952 41.56266102)","Table 12- Orzechowski and Walker, Tax Burden on Tobacco","POL","450POL","450CGS"
"DE","Delaware","2010","OW","The Tax Burden on Tobacco","Cigarette Sales","128,799,000","$","Dollars","POINT (-75.577741168 39.008830667)","Table 12- Orzechowski and Walker, Tax Burden on Tobacco","POL","450POL","450CGS"
"DC","District of Columbia","2010","OW","The Tax Burden on Tobacco","Cigarette Sales","32,258,549","$","Dollars","POINT (-77.031961127 38.890371385)","Table 12- Orzechowski and Walker, Tax Burden on Tobacco","POL","450POL","450CGS"
"FL","Florida","2010","OW","The Tax Burden on Tobacco","Cigarette Sales","1,242,236,429","$","Dollars","POINT (-81.928960539 28.932040377)","Table 12- Orzechowski and Walker, Tax Burden on Tobacco","POL","450POL","450CGS"
"GA","Georgia","2010","OW","The Tax Burden on Tobacco","Cigarette Sales","201,281,850","$","Dollars","POINT (-83.627580346 32.839681093)","Table 12- Orzechowski and Walker, Tax Burden on Tobacco","POL","450POL","450CGS"
"HI","Hawaii","2010","OW","The Tax Burden on Tobacco","Cigarette Sales","119,926,740","$","Dollars","POINT (-157.857749403 21.304850435)","Table 12- Orzechowski and Walker, Tax Burden on Tobacco","POL","450POL","450CGS"
"ID","Idaho","2010","OW","The Tax Burden on Tobacco","Cigarette Sales","40,925,442","$","Dollars","POINT (-114.363730042 43.682630005)","Table 12- Orzechowski and Walker, Tax Burden on Tobacco","POL","450POL","450CGS"
"IL","Illinois","2010","OW","The Tax Burden on Tobacco","Cigarette Sales","558,323,640","$","Dollars","POINT (-88.997710178 40.485010283)","Table 12- Orzechowski and Walker, Tax Burden on Tobacco","POL","450POL","450CGS"
"IN","Indiana","2010","OW","The Tax Burden on Tobacco","Cigarette Sales","462,532,256","$","Dollars","POINT (-86.149960194 39.766910452)","Table 12- Orzechowski and Walker, Tax Burden on Tobacco","POL","450POL","450CGS"
"IA","Iowa","2010","OW","The Tax Burden on Tobacco","Cigarette Sales","210,730,238","$","Dollars","POINT (-93.816490556 42.469400913)","Table 12- Orzechowski and Walker, Tax Burden on Tobacco","POL","450POL","450CGS"
"KS","Kansas","2010","OW","The Tax Burden on Tobacco","Cigarette Sales","100,798,776","$","Dollars","POINT (-98.200781227 38.3477403)","Table 12- Orzechowski and Walker, Tax Burden on Tobacco","POL","450POL","450CGS"
"KY","Kentucky","2010","OW","The Tax Burden on Tobacco","Cigarette Sales","286,428,979","$","Dollars","POINT (-84.774971048 37.645970271)","Table 12- Orzechowski and Walker, Tax Burden on Tobacco","POL","450POL","450CGS"
"LA","Louisiana","2010","OW","The Tax Burden on Tobacco","Cigarette Sales","120,075,428","$","Dollars","POINT (-92.445680071 31.312660644)","Table 12- Orzechowski and Walker, Tax Burden on Tobacco","POL","450POL","450CGS"
"ME","Maine","2010","OW","The Tax Burden on Tobacco","Cigarette Sales","139,402,925","$","Dollars","POINT (-68.985031336 45.254228894001)","Table 12- Orzechowski and Walker, Tax Burden on Tobacco","POL","450POL","450CGS"
"MD","Maryland","2010","OW","The Tax Burden on Tobacco","Cigarette Sales","399,213,000","$","Dollars","POINT (-76.609260111 39.290580964)","Table 12- Orzechowski and Walker, Tax Burden on Tobacco","POL","450POL","450CGS"
"MA","Massachusetts","2010","OW","The Tax Burden on Tobacco","Cigarette Sales","557,284,758","$","Dollars","POINT (-72.082690675 42.27687047)","Table 12- Orzechowski and Walker, Tax Burden on Tobacco","POL","450POL","450CGS"
"MI","Michigan","2010","OW","The Tax Burden on Tobacco","Cigarette Sales","972,127,950","$","Dollars","POINT (-84.71439027 44.661319543001)","Table 12- Orzechowski and Walker, Tax Burden on Tobacco","POL","450POL","450CGS"
"MN","Minnesota","2010","OW","The Tax Burden on Tobacco","Cigarette Sales","380,217,228","$","Dollars","POINT (-94.794200503 46.355648736)","Table 12- Orzechowski and Walker, Tax Burden on Tobacco","POL","450POL","450CGS"
"MS","Mississippi","2010","OW","The Tax Burden on Tobacco","Cigarette Sales","141,054,278","$","Dollars","POINT (-89.538030825 32.745510099)","Table 12- Orzechowski and Walker, Tax Burden on Tobacco","POL","450POL","450CGS"
"MO","Missouri","2010","OW","The Tax Burden on Tobacco","Cigarette Sales","93,970,942","$","Dollars","POINT (-92.566300053 38.635790776)","Table 12- Orzechowski and Walker, Tax Burden on Tobacco","POL","450POL","450CGS"
"MT","Montana","2010","OW","The Tax Burden on Tobacco","Cigarette Sales","78,492,027","$","Dollars","POINT (-109.424420645 47.066528972)","Table 12- Orzechowski and Walker, Tax Burden on Tobacco","POL","450POL","450CGS"
"NE","Nebraska","2010","OW","The Tax Burden on Tobacco","Cigarette Sales","63,205,440","$","Dollars","POINT (-99.365720623 41.641040988001)","Table 12- Orzechowski and Walker, Tax Burden on Tobacco","POL","450POL","450CGS"
"NV","Nevada","2010","OW","The Tax Burden on Tobacco","Cigarette Sales","101,634,480","$","Dollars","POINT (-117.071840564 39.49324039)","Table 12- Orzechowski and Walker, Tax Burden on Tobacco","POL","450POL","450CGS"
"NH","New Hampshire","2010","OW","The Tax Burden on Tobacco","Cigarette Sales","229,636,416","$","Dollars","POINT (-71.50036092 43.655950113)","Table 12- Orzechowski and Walker, Tax Burden on Tobacco","POL","450POL","450CGS"
"NJ","New Jersey","2010","OW","The Tax Burden on Tobacco","Cigarette Sales","732,240,000","$","Dollars","POINT (-74.273691288 40.130570048)","Table 12- Orzechowski and Walker, Tax Burden on Tobacco","POL","450POL","450CGS"
"NM","New Mexico","2010","OW","The Tax Burden on Tobacco","Cigarette Sales","55,792,327","$","Dollars","POINT (-106.240580985 34.520880952)","Table 12- Orzechowski and Walker, Tax Burden on Tobacco","POL","450POL","450CGS"
"NY","New York","2010","OW","The Tax Burden on Tobacco","Cigarette Sales","1,299,942,364","$","Dollars","POINT (-75.543970427 42.827001032)","Table 12- Orzechowski and Walker, Tax Burden on Tobacco","POL","450POL","450CGS"
"NC","North Carolina","2010","OW","The Tax Burden on Tobacco","Cigarette Sales","249,604,191","$","Dollars","POINT (-79.159250463 35.466220975)","Table 12- Orzechowski and Walker, Tax Burden on Tobacco","POL","450POL","450CGS"
"ND","North Dakota","2010","OW","The Tax Burden on Tobacco","Cigarette Sales","19,736,955","$","Dollars","POINT (-100.118421049 47.475319779)","Table 12- Orzechowski and Walker, Tax Burden on Tobacco","POL","450POL","450CGS"
"OH","Ohio","2010","OW","The Tax Burden on Tobacco","Cigarette Sales","855,091,219","$","Dollars","POINT (-82.404260056 40.060210141)","Table 12- Orzechowski and Walker, Tax Burden on Tobacco","POL","450POL","450CGS"
"OK","Oklahoma","2010","OW","The Tax Burden on Tobacco","Cigarette Sales","235,251,213","$","Dollars","POINT (-97.521070214 35.472031356)","Table 12- Orzechowski and Walker, Tax Burden on Tobacco","POL","450POL","450CGS"
"OR","Oregon","2010","OW","The Tax Burden on Tobacco","Cigarette Sales","202,267,007","$","Dollars","POINT (-120.155031326 44.567449424)","Table 12- Orzechowski and Walker, Tax Burden on Tobacco","POL","450POL","450CGS"
"PA","Pennsylvania","2010","OW","The Tax Burden on Tobacco","Cigarette Sales","1,087,816,000","$","Dollars","POINT (-77.860700294 40.793730152)","Table 12- Orzechowski and Walker, Tax Burden on Tobacco","POL","450POL","450CGS"
"RI","Rhode Island","2010","OW","The Tax Burden on Tobacco","Cigarette Sales","135,251,400","$","Dollars","POINT (-71.522470314 41.708280193)","Table 12- Orzechowski and Walker, Tax Burden on Tobacco","POL","450POL","450CGS"
"SC","South Carolina","2010","OW","The Tax Burden on Tobacco","Cigarette Sales","26,912,128","$","Dollars","POINT (-81.045371207 33.998821303)","Table 12- Orzechowski and Walker, Tax Burden on Tobacco","POL","450POL","450CGS"
"SD","South Dakota","2010","OW","The Tax Burden on Tobacco","Cigarette Sales","60,417,938","$","Dollars","POINT (-100.373530637 44.353130053)","Table 12- Orzechowski and Walker, Tax Burden on Tobacco","POL","450POL","450CGS"
"TN","Tennessee","2010","OW","The Tax Burden on Tobacco","Cigarette Sales","283,488,219","$","Dollars","POINT (-85.774490914 35.68094058)","Table 12- Orzechowski and Walker, Tax Burden on Tobacco","POL","450POL","450CGS"
"TX","Texas","2010","OW","The Tax Burden on Tobacco","Cigarette Sales","1,249,918,085","$","Dollars","POINT (-99.426770206 31.827240407)","Table 12- Orzechowski and Walker, Tax Burden on Tobacco","POL","450POL","450CGS"
"UT","Utah","2010","OW","The Tax Burden on Tobacco","Cigarette Sales","54,495,284","$","Dollars","POINT (-111.587130635 39.360700171)","Table 12- Orzechowski and Walker, Tax Burden on Tobacco","POL","450POL","450CGS"
"VT","Vermont","2010","OW","The Tax Burden on Tobacco","Cigarette Sales","66,469,471","$","Dollars","POINT (-72.517640791 43.625381239)","Table 12- Orzechowski and Walker, Tax Burden on Tobacco","POL","450POL","450CGS"
"VA","Virginia","2010","OW","The Tax Burden on Tobacco","Cigarette Sales","162,996,600","$","Dollars","POINT (-78.457890463 37.542680674)","Table 12- Orzechowski and Walker, Tax Burden on Tobacco","POL","450POL","450CGS"
"WA","Washington","2010","OW","The Tax Burden on Tobacco","Cigarette Sales","389,057,619","$","Dollars","POINT (-120.47001079 47.522278629)","Table 12- Orzechowski and Walker, Tax Burden on Tobacco","POL","450POL","450CGS"
"WV","West Virginia","2010","OW","The Tax Burden on Tobacco","Cigarette Sales","113,101,478","$","Dollars","POINT (-80.712640135 38.665510202)","Table 12- Orzechowski and Walker, Tax Burden on Tobacco","POL","450POL","450CGS"
"WI","Wisconsin","2010","OW","The Tax Burden on Tobacco","Cigarette Sales","648,822,851","$","Dollars","POINT (-89.816370742 44.393191174)","Table 12- Orzechowski and Walker, Tax Burden on Tobacco","POL","450POL","450CGS"
"WY","Wyoming","2010","OW","The Tax Burden on Tobacco","Cigarette Sales","21,445,910","$","Dollars","POINT (-108.109830353 43.235541343)","Table 12- Orzechowski and Walker, Tax Burden on Tobacco","POL","450POL","450CGS"
"AL","Alabama","2009","OW","The Tax Burden on Tobacco","Cigarette Sales","149,746,028","$","Dollars","POINT (-86.631860762 32.840571122)","Table 12- Orzechowski and Walker, Tax Burden on Tobacco","POL","450POL","450CGS"
"AK","Alaska","2009","OW","The Tax Burden on Tobacco","Cigarette Sales","62,882,219","$","Dollars","POINT (-147.722059036 64.845079957001)","Table 12- Orzechowski and Walker, Tax Burden on Tobacco","POL","450POL","450CGS"
"AZ","Arizona","2009","OW","The Tax Burden on Tobacco","Cigarette Sales","371,476,941","$","Dollars","POINT (-111.763811277 34.86597028)","Table 12- Orzechowski and Walker, Tax Burden on Tobacco","POL","450POL","450CGS"
"AR","Arkansas","2009","OW","The Tax Burden on Tobacco","Cigarette Sales","148,826,375","$","Dollars","POINT (-92.274490743 34.748650124)","Table 12- Orzechowski and Walker, Tax Burden on Tobacco","POL","450POL","450CGS"
"CA","California","2009","OW","The Tax Burden on Tobacco","Cigarette Sales","920,204,311","$","Dollars","POINT (-120.999999538 37.638640123)","Table 12- Orzechowski and Walker, Tax Burden on Tobacco","POL","450POL","450CGS"
"CO","Colorado","2009","OW","The Tax Burden on Tobacco","Cigarette Sales","191,018,492","$","Dollars","POINT (-106.133610921 38.843840757)","Table 12- Orzechowski and Walker, Tax Burden on Tobacco","POL","450POL","450CGS"
"CT","Connecticut","2009","OW","The Tax Burden on Tobacco","Cigarette Sales","321,568,623","$","Dollars","POINT (-72.649840952 41.56266102)","Table 12- Orzechowski and Walker, Tax Burden on Tobacco","POL","450POL","450CGS"
"DE","Delaware","2009","OW","The Tax Burden on Tobacco","Cigarette Sales","125,387,267","$","Dollars","POINT (-75.577741168 39.008830667)","Table 12- Orzechowski and Walker, Tax Burden on Tobacco","POL","450POL","450CGS"
"DC","District of Columbia","2009","OW","The Tax Burden on Tobacco","Cigarette Sales","33,245,000","$","Dollars","POINT (-77.031961127 38.890371385)","Table 12- Orzechowski and Walker, Tax Burden on Tobacco","POL","450POL","450CGS"
"FL","Florida","2009","OW","The Tax Burden on Tobacco","Cigarette Sales","426,710,826","$","Dollars","POINT (-81.928960539 28.932040377)","Table 12- Orzechowski and Walker, Tax Burden on Tobacco","POL","450POL","450CGS"
"GA","Georgia","2009","OW","The Tax Burden on Tobacco","Cigarette Sales","210,616,950","$","Dollars","POINT (-83.627580346 32.839681093)","Table 12- Orzechowski and Walker, Tax Burden on Tobacco","POL","450POL","450CGS"
"HI","Hawaii","2009","OW","The Tax Burden on Tobacco","Cigarette Sales","104,433,576","$","Dollars","POINT (-157.857749403 21.304850435)","Table 12- Orzechowski and Walker, Tax Burden on Tobacco","POL","450POL","450CGS"
"ID","Idaho","2009","OW","The Tax Burden on Tobacco","Cigarette Sales","45,510,004","$","Dollars","POINT (-114.363730042 43.682630005)","Table 12- Orzechowski and Walker, Tax Burden on Tobacco","POL","450POL","450CGS"
"IL","Illinois","2009","OW","The Tax Burden on Tobacco","Cigarette Sales","571,347,840","$","Dollars","POINT (-88.997710178 40.485010283)","Table 12- Orzechowski and Walker, Tax Burden on Tobacco","POL","450POL","450CGS"
"IN","Indiana","2009","OW","The Tax Burden on Tobacco","Cigarette Sales","500,769,869","$","Dollars","POINT (-86.149960194 39.766910452)","Table 12- Orzechowski and Walker, Tax Burden on Tobacco","POL","450POL","450CGS"
"IA","Iowa","2009","OW","The Tax Burden on Tobacco","Cigarette Sales","220,212,197","$","Dollars","POINT (-93.816490556 42.469400913)","Table 12- Orzechowski and Walker, Tax Burden on Tobacco","POL","450POL","450CGS"
"KS","Kansas","2009","OW","The Tax Burden on Tobacco","Cigarette Sales","108,641,160","$","Dollars","POINT (-98.200781227 38.3477403)","Table 12- Orzechowski and Walker, Tax Burden on Tobacco","POL","450POL","450CGS"
"KY","Kentucky","2009","OW","The Tax Burden on Tobacco","Cigarette Sales","196,124,108","$","Dollars","POINT (-84.774971048 37.645970271)","Table 12- Orzechowski and Walker, Tax Burden on Tobacco","POL","450POL","450CGS"
"LA","Louisiana","2009","OW","The Tax Burden on Tobacco","Cigarette Sales","131,009,400","$","Dollars","POINT (-92.445680071 31.312660644)","Table 12- Orzechowski and Walker, Tax Burden on Tobacco","POL","450POL","450CGS"
"ME","Maine","2009","OW","The Tax Burden on Tobacco","Cigarette Sales","139,173,005","$","Dollars","POINT (-68.985031336 45.254228894001)","Table 12- Orzechowski and Walker, Tax Burden on Tobacco","POL","450POL","450CGS"
"MD","Maryland","2009","OW","The Tax Burden on Tobacco","Cigarette Sales","399,318,000","$","Dollars","POINT (-76.609260111 39.290580964)","Table 12- Orzechowski and Walker, Tax Burden on Tobacco","POL","450POL","450CGS"
"MA","Massachusetts","2009","OW","The Tax Burden on Tobacco","Cigarette Sales","562,776,156","$","Dollars","POINT (-72.082690675 42.27687047)","Table 12- Orzechowski and Walker, Tax Burden on Tobacco","POL","450POL","450CGS"
"MI","Michigan","2009","OW","The Tax Burden on Tobacco","Cigarette Sales","1,011,635,371","$","Dollars","POINT (-84.71439027 44.661319543001)","Table 12- Orzechowski and Walker, Tax Burden on Tobacco","POL","450POL","450CGS"
"MN","Minnesota","2009","OW","The Tax Burden on Tobacco","Cigarette Sales","382,044,989","$","Dollars","POINT (-94.794200503 46.355648736)","Table 12- Orzechowski and Walker, Tax Burden on Tobacco","POL","450POL","450CGS"
"MS","Mississippi","2009","OW","The Tax Burden on Tobacco","Cigarette Sales","67,920,064","$","Dollars","POINT (-89.538030825 32.745510099)","Table 12- Orzechowski and Walker, Tax Burden on Tobacco","POL","450POL","450CGS"
"MO","Missouri","2009","OW","The Tax Burden on Tobacco","Cigarette Sales","97,731,135","$","Dollars","POINT (-92.566300053 38.635790776)","Table 12- Orzechowski and Walker, Tax Burden on Tobacco","POL","450POL","450CGS"
"MT","Montana","2009","OW","The Tax Burden on Tobacco","Cigarette Sales","81,852,136","$","Dollars","POINT (-109.424420645 47.066528972)","Table 12- Orzechowski and Walker, Tax Burden on Tobacco","POL","450POL","450CGS"
"NE","Nebraska","2009","OW","The Tax Burden on Tobacco","Cigarette Sales","68,243,520","$","Dollars","POINT (-99.365720623 41.641040988001)","Table 12- Orzechowski and Walker, Tax Burden on Tobacco","POL","450POL","450CGS"
"NV","Nevada","2009","OW","The Tax Burden on Tobacco","Cigarette Sales","111,131,905","$","Dollars","POINT (-117.071840564 39.49324039)","Table 12- Orzechowski and Walker, Tax Burden on Tobacco","POL","450POL","450CGS"
"NH","New Hampshire","2009","OW","The Tax Burden on Tobacco","Cigarette Sales","190,829,172","$","Dollars","POINT (-71.50036092 43.655950113)","Table 12- Orzechowski and Walker, Tax Burden on Tobacco","POL","450POL","450CGS"
"NJ","New Jersey","2009","OW","The Tax Burden on Tobacco","Cigarette Sales","728,052,925","$","Dollars","POINT (-74.273691288 40.130570048)","Table 12- Orzechowski and Walker, Tax Burden on Tobacco","POL","450POL","450CGS"
"NM","New Mexico","2009","OW","The Tax Burden on Tobacco","Cigarette Sales","58,893,015","$","Dollars","POINT (-106.240580985 34.520880952)","Table 12- Orzechowski and Walker, Tax Burden on Tobacco","POL","450POL","450CGS"
"NY","New York","2009","OW","The Tax Burden on Tobacco","Cigarette Sales","1,330,335,699","$","Dollars","POINT (-75.543970427 42.827001032)","Table 12- Orzechowski and Walker, Tax Burden on Tobacco","POL","450POL","450CGS"
"NC","North Carolina","2009","OW","The Tax Burden on Tobacco","Cigarette Sales","224,747,751","$","Dollars","POINT (-79.159250463 35.466220975)","Table 12- Orzechowski and Walker, Tax Burden on Tobacco","POL","450POL","450CGS"
"ND","North Dakota","2009","OW","The Tax Burden on Tobacco","Cigarette Sales","20,583,345","$","Dollars","POINT (-100.118421049 47.475319779)","Table 12- Orzechowski and Walker, Tax Burden on Tobacco","POL","450POL","450CGS"
"OH","Ohio","2009","OW","The Tax Burden on Tobacco","Cigarette Sales","884,138,000","$","Dollars","POINT (-82.404260056 40.060210141)","Table 12- Orzechowski and Walker, Tax Burden on Tobacco","POL","450POL","450CGS"
"OK","Oklahoma","2009","OW","The Tax Burden on Tobacco","Cigarette Sales","241,081,728","$","Dollars","POINT (-97.521070214 35.472031356)","Table 12- Orzechowski and Walker, Tax Burden on Tobacco","POL","450POL","450CGS"
"OR","Oregon","2009","OW","The Tax Burden on Tobacco","Cigarette Sales","216,407,000","$","Dollars","POINT (-120.155031326 44.567449424)","Table 12- Orzechowski and Walker, Tax Burden on Tobacco","POL","450POL","450CGS"
"PA","Pennsylvania","2009","OW","The Tax Burden on Tobacco","Cigarette Sales","995,500,000","$","Dollars","POINT (-77.860700294 40.793730152)","Table 12- Orzechowski and Walker, Tax Burden on Tobacco","POL","450POL","450CGS"
"RI","Rhode Island","2009","OW","The Tax Burden on Tobacco","Cigarette Sales","124,880,200","$","Dollars","POINT (-71.522470314 41.708280193)","Table 12- Orzechowski and Walker, Tax Burden on Tobacco","POL","450POL","450CGS"
"SC","South Carolina","2009","OW","The Tax Burden on Tobacco","Cigarette Sales","26,656,877","$","Dollars","POINT (-81.045371207 33.998821303)","Table 12- Orzechowski and Walker, Tax Burden on Tobacco","POL","450POL","450CGS"
"SD","South Dakota","2009","OW","The Tax Burden on Tobacco","Cigarette Sales","61,646,193","$","Dollars","POINT (-100.373530637 44.353130053)","Table 12- Orzechowski and Walker, Tax Burden on Tobacco","POL","450POL","450CGS"
"TN","Tennessee","2009","OW","The Tax Burden on Tobacco","Cigarette Sales","296,801,064","$","Dollars","POINT (-85.774490914 35.68094058)","Table 12- Orzechowski and Walker, Tax Burden on Tobacco","POL","450POL","450CGS"
"TX","Texas","2009","OW","The Tax Burden on Tobacco","Cigarette Sales","1,211,322,317","$","Dollars","POINT (-99.426770206 31.827240407)","Table 12- Orzechowski and Walker, Tax Burden on Tobacco","POL","450POL","450CGS"
"UT","Utah","2009","OW","The Tax Burden on Tobacco","Cigarette Sales","52,419,000","$","Dollars","POINT (-111.587130635 39.360700171)","Table 12- Orzechowski and Walker, Tax Burden on Tobacco","POL","450POL","450CGS"
"VT","Vermont","2009","OW","The Tax Burden on Tobacco","Cigarette Sales","61,819,885","$","Dollars","POINT (-72.517640791 43.625381239)","Table 12- Orzechowski and Walker, Tax Burden on Tobacco","POL","450POL","450CGS"
"VA","Virginia","2009","OW","The Tax Burden on Tobacco","Cigarette Sales","170,247,840","$","Dollars","POINT (-78.457890463 37.542680674)","Table 12- Orzechowski and Walker, Tax Burden on Tobacco","POL","450POL","450CGS"
"WA","Washington","2009","OW","The Tax Burden on Tobacco","Cigarette Sales","400,186,980","$","Dollars","POINT (-120.47001079 47.522278629)","Table 12- Orzechowski and Walker, Tax Burden on Tobacco","POL","450POL","450CGS"
"WV","West Virginia","2009","OW","The Tax Burden on Tobacco","Cigarette Sales","115,566,000","$","Dollars","POINT (-80.712640135 38.665510202)","Table 12- Orzechowski and Walker, Tax Burden on Tobacco","POL","450POL","450CGS"
"WI","Wisconsin","2009","OW","The Tax Burden on Tobacco","Cigarette Sales","555,223,007","$","Dollars","POINT (-89.816370742 44.393191174)","Table 12- Orzechowski and Walker, Tax Burden on Tobacco","POL","450POL","450CGS"
"WY","Wyoming","2009","OW","The Tax Burden on Tobacco","Cigarette Sales","24,459,794","$","Dollars","POINT (-108.109830353 43.235541343)","Table 12- Orzechowski and Walker, Tax Burden on Tobacco","POL","450POL","450CGS"
"AL","Alabama","2008","OW","The Tax Burden on Tobacco","Cigarette Sales","153,461,159","$","Dollars","POINT (-86.631860762 32.840571122)","Table 12- Orzechowski and Walker, Tax Burden on Tobacco","POL","450POL","450CGS"
"AK","Alaska","2008","OW","The Tax Burden on Tobacco","Cigarette Sales","64,193,492","$","Dollars","POINT (-147.722059036 64.845079957001)","Table 12- Orzechowski and Walker, Tax Burden on Tobacco","POL","450POL","450CGS"
"AZ","Arizona","2008","OW","The Tax Burden on Tobacco","Cigarette Sales","397,172,122","$","Dollars","POINT (-111.763811277 34.86597028)","Table 12- Orzechowski and Walker, Tax Burden on Tobacco","POL","450POL","450CGS"
"AR","Arkansas","2008","OW","The Tax Burden on Tobacco","Cigarette Sales","128,864,614","$","Dollars","POINT (-92.274490743 34.748650124)","Table 12- Orzechowski and Walker, Tax Burden on Tobacco","POL","450POL","450CGS"
"CA","California","2008","OW","The Tax Burden on Tobacco","Cigarette Sales","963,072,445","$","Dollars","POINT (-120.999999538 37.638640123)","Table 12- Orzechowski and Walker, Tax Burden on Tobacco","POL","450POL","450CGS"
"CO","Colorado","2008","OW","The Tax Burden on Tobacco","Cigarette Sales","197,765,465","$","Dollars","POINT (-106.133610921 38.843840757)","Table 12- Orzechowski and Walker, Tax Burden on Tobacco","POL","450POL","450CGS"
"CT","Connecticut","2008","OW","The Tax Burden on Tobacco","Cigarette Sales","331,970,817","$","Dollars","POINT (-72.649840952 41.56266102)","Table 12- Orzechowski and Walker, Tax Burden on Tobacco","POL","450POL","450CGS"
"DE","Delaware","2008","OW","The Tax Burden on Tobacco","Cigarette Sales","118,708,899","$","Dollars","POINT (-75.577741168 39.008830667)","Table 12- Orzechowski and Walker, Tax Burden on Tobacco","POL","450POL","450CGS"
"DC","District of Columbia","2008","OW","The Tax Burden on Tobacco","Cigarette Sales","22,865,000","$","Dollars","POINT (-77.031961127 38.890371385)","Table 12- Orzechowski and Walker, Tax Burden on Tobacco","POL","450POL","450CGS"
"FL","Florida","2008","OW","The Tax Burden on Tobacco","Cigarette Sales","410,912,748","$","Dollars","POINT (-81.928960539 28.932040377)","Table 12- Orzechowski and Walker, Tax Burden on Tobacco","POL","450POL","450CGS"
"GA","Georgia","2008","OW","The Tax Burden on Tobacco","Cigarette Sales","217,615,500","$","Dollars","POINT (-83.627580346 32.839681093)","Table 12- Orzechowski and Walker, Tax Burden on Tobacco","POL","450POL","450CGS"
"HI","Hawaii","2008","OW","The Tax Burden on Tobacco","Cigarette Sales","101,560,050","$","Dollars","POINT (-157.857749403 21.304850435)","Table 12- Orzechowski and Walker, Tax Burden on Tobacco","POL","450POL","450CGS"
"ID","Idaho","2008","OW","The Tax Burden on Tobacco","Cigarette Sales","47,784,823","$","Dollars","POINT (-114.363730042 43.682630005)","Table 12- Orzechowski and Walker, Tax Burden on Tobacco","POL","450POL","450CGS"
"IL","Illinois","2008","OW","The Tax Burden on Tobacco","Cigarette Sales","603,787,800","$","Dollars","POINT (-88.997710178 40.485010283)","Table 12- Orzechowski and Walker, Tax Burden on Tobacco","POL","450POL","450CGS"
"IN","Indiana","2008","OW","The Tax Burden on Tobacco","Cigarette Sales","515,812,582","$","Dollars","POINT (-86.149960194 39.766910452)","Table 12- Orzechowski and Walker, Tax Burden on Tobacco","POL","450POL","450CGS"
"IA","Iowa","2008","OW","The Tax Burden on Tobacco","Cigarette Sales","234,137,140","$","Dollars","POINT (-93.816490556 42.469400913)","Table 12- Orzechowski and Walker, Tax Burden on Tobacco","POL","450POL","450CGS"
"KS","Kansas","2008","OW","The Tax Burden on Tobacco","Cigarette Sales","113,466,516","$","Dollars","POINT (-98.200781227 38.3477403)","Table 12- Orzechowski and Walker, Tax Burden on Tobacco","POL","450POL","450CGS"
"KY","Kentucky","2008","OW","The Tax Burden on Tobacco","Cigarette Sales","179,456,098","$","Dollars","POINT (-84.774971048 37.645970271)","Table 12- Orzechowski and Walker, Tax Burden on Tobacco","POL","450POL","450CGS"
"LA","Louisiana","2008","OW","The Tax Burden on Tobacco","Cigarette Sales","135,854,712","$","Dollars","POINT (-92.445680071 31.312660644)","Table 12- Orzechowski and Walker, Tax Burden on Tobacco","POL","450POL","450CGS"
"ME","Maine","2008","OW","The Tax Burden on Tobacco","Cigarette Sales","145,430,452","$","Dollars","POINT (-68.985031336 45.254228894001)","Table 12- Orzechowski and Walker, Tax Burden on Tobacco","POL","450POL","450CGS"
"MD","Maryland","2008","OW","The Tax Burden on Tobacco","Cigarette Sales","343,692,000","$","Dollars","POINT (-76.609260111 39.290580964)","Table 12- Orzechowski and Walker, Tax Burden on Tobacco","POL","450POL","450CGS"
"MA","Massachusetts","2008","OW","The Tax Burden on Tobacco","Cigarette Sales","419,593,968","$","Dollars","POINT (-72.082690675 42.27687047)","Table 12- Orzechowski and Walker, Tax Burden on Tobacco","POL","450POL","450CGS"
"MI","Michigan","2008","OW","The Tax Burden on Tobacco","Cigarette Sales","1,055,969,027","$","Dollars","POINT (-84.71439027 44.661319543001)","Table 12- Orzechowski and Walker, Tax Burden on Tobacco","POL","450POL","450CGS"
"MN","Minnesota","2008","OW","The Tax Burden on Tobacco","Cigarette Sales","394,520,391","$","Dollars","POINT (-94.794200503 46.355648736)","Table 12- Orzechowski and Walker, Tax Burden on Tobacco","POL","450POL","450CGS"
"MS","Mississippi","2008","OW","The Tax Burden on Tobacco","Cigarette Sales","49,152,733","$","Dollars","POINT (-89.538030825 32.745510099)","Table 12- Orzechowski and Walker, Tax Burden on Tobacco","POL","450POL","450CGS"
"MO","Missouri","2008","OW","The Tax Burden on Tobacco","Cigarette Sales","100,064,900","$","Dollars","POINT (-92.566300053 38.635790776)","Table 12- Orzechowski and Walker, Tax Burden on Tobacco","POL","450POL","450CGS"
"MT","Montana","2008","OW","The Tax Burden on Tobacco","Cigarette Sales","85,625,847","$","Dollars","POINT (-109.424420645 47.066528972)","Table 12- Orzechowski and Walker, Tax Burden on Tobacco","POL","450POL","450CGS"
"NE","Nebraska","2008","OW","The Tax Burden on Tobacco","Cigarette Sales","71,763,480","$","Dollars","POINT (-99.365720623 41.641040988001)","Table 12- Orzechowski and Walker, Tax Burden on Tobacco","POL","450POL","450CGS"
"NV","Nevada","2008","OW","The Tax Burden on Tobacco","Cigarette Sales","130,032,657","$","Dollars","POINT (-117.071840564 39.49324039)","Table 12- Orzechowski and Walker, Tax Burden on Tobacco","POL","450POL","450CGS"
"NH","New Hampshire","2008","OW","The Tax Burden on Tobacco","Cigarette Sales","161,215,200","$","Dollars","POINT (-71.50036092 43.655950113)","Table 12- Orzechowski and Walker, Tax Burden on Tobacco","POL","450POL","450CGS"
"NJ","New Jersey","2008","OW","The Tax Burden on Tobacco","Cigarette Sales","764,747,319","$","Dollars","POINT (-74.273691288 40.130570048)","Table 12- Orzechowski and Walker, Tax Burden on Tobacco","POL","450POL","450CGS"
"NM","New Mexico","2008","OW","The Tax Burden on Tobacco","Cigarette Sales","61,027,102","$","Dollars","POINT (-106.240580985 34.520880952)","Table 12- Orzechowski and Walker, Tax Burden on Tobacco","POL","450POL","450CGS"
"NY","New York","2008","OW","The Tax Burden on Tobacco","Cigarette Sales","959,566,346","$","Dollars","POINT (-75.543970427 42.827001032)","Table 12- Orzechowski and Walker, Tax Burden on Tobacco","POL","450POL","450CGS"
"NC","North Carolina","2008","OW","The Tax Burden on Tobacco","Cigarette Sales","233,795,276","$","Dollars","POINT (-79.159250463 35.466220975)","Table 12- Orzechowski and Walker, Tax Burden on Tobacco","POL","450POL","450CGS"
"ND","North Dakota","2008","OW","The Tax Burden on Tobacco","Cigarette Sales","20,870,634","$","Dollars","POINT (-100.118421049 47.475319779)","Table 12- Orzechowski and Walker, Tax Burden on Tobacco","POL","450POL","450CGS"
"OH","Ohio","2008","OW","The Tax Burden on Tobacco","Cigarette Sales","927,900,797","$","Dollars","POINT (-82.404260056 40.060210141)","Table 12- Orzechowski and Walker, Tax Burden on Tobacco","POL","450POL","450CGS"
"OK","Oklahoma","2008","OW","The Tax Burden on Tobacco","Cigarette Sales","225,326,586","$","Dollars","POINT (-97.521070214 35.472031356)","Table 12- Orzechowski and Walker, Tax Burden on Tobacco","POL","450POL","450CGS"
"OR","Oregon","2008","OW","The Tax Burden on Tobacco","Cigarette Sales","222,958,892","$","Dollars","POINT (-120.155031326 44.567449424)","Table 12- Orzechowski and Walker, Tax Burden on Tobacco","POL","450POL","450CGS"
"PA","Pennsylvania","2008","OW","The Tax Burden on Tobacco","Cigarette Sales","1,031,871,000","$","Dollars","POINT (-77.860700294 40.793730152)","Table 12- Orzechowski and Walker, Tax Burden on Tobacco","POL","450POL","450CGS"
"RI","Rhode Island","2008","OW","The Tax Burden on Tobacco","Cigarette Sales","113,504,400","$","Dollars","POINT (-71.522470314 41.708280193)","Table 12- Orzechowski and Walker, Tax Burden on Tobacco","POL","450POL","450CGS"
"SC","South Carolina","2008","OW","The Tax Burden on Tobacco","Cigarette Sales","27,468,584","$","Dollars","POINT (-81.045371207 33.998821303)","Table 12- Orzechowski and Walker, Tax Burden on Tobacco","POL","450POL","450CGS"
"SD","South Dakota","2008","OW","The Tax Burden on Tobacco","Cigarette Sales","60,271,330","$","Dollars","POINT (-100.373530637 44.353130053)","Table 12- Orzechowski and Walker, Tax Burden on Tobacco","POL","450POL","450CGS"
"TN","Tennessee","2008","OW","The Tax Burden on Tobacco","Cigarette Sales","265,812,861","$","Dollars","POINT (-85.774490914 35.68094058)","Table 12- Orzechowski and Walker, Tax Burden on Tobacco","POL","450POL","450CGS"
"TX","Texas","2008","OW","The Tax Burden on Tobacco","Cigarette Sales","1,507,229,486","$","Dollars","POINT (-99.426770206 31.827240407)","Table 12- Orzechowski and Walker, Tax Burden on Tobacco","POL","450POL","450CGS"
"UT","Utah","2008","OW","The Tax Burden on Tobacco","Cigarette Sales","57,540,080","$","Dollars","POINT (-111.587130635 39.360700171)","Table 12- Orzechowski and Walker, Tax Burden on Tobacco","POL","450POL","450CGS"
"VT","Vermont","2008","OW","The Tax Burden on Tobacco","Cigarette Sales","57,330,405","$","Dollars","POINT (-72.517640791 43.625381239)","Table 12- Orzechowski and Walker, Tax Burden on Tobacco","POL","450POL","450CGS"
"VA","Virginia","2008","OW","The Tax Burden on Tobacco","Cigarette Sales","170,273,300","$","Dollars","POINT (-78.457890463 37.542680674)","Table 12- Orzechowski and Walker, Tax Burden on Tobacco","POL","450POL","450CGS"
"WA","Washington","2008","OW","The Tax Burden on Tobacco","Cigarette Sales","421,138,453","$","Dollars","POINT (-120.47001079 47.522278629)","Table 12- Orzechowski and Walker, Tax Burden on Tobacco","POL","450POL","450CGS"
"WV","West Virginia","2008","OW","The Tax Burden on Tobacco","Cigarette Sales","112,409,000","$","Dollars","POINT (-80.712640135 38.665510202)","Table 12- Orzechowski and Walker, Tax Burden on Tobacco","POL","450POL","450CGS"
"WI","Wisconsin","2008","OW","The Tax Burden on Tobacco","Cigarette Sales","460,367,717","$","Dollars","POINT (-89.816370742 44.393191174)","Table 12- Orzechowski and Walker, Tax Burden on Tobacco","POL","450POL","450CGS"
"WY","Wyoming","2008","OW","The Tax Burden on Tobacco","Cigarette Sales","24,786,000","$","Dollars","POINT (-108.109830353 43.235541343)","Table 12- Orzechowski and Walker, Tax Burden on Tobacco","POL","450POL","450CGS"
"AL","Alabama","2007","OW","The Tax Burden on Tobacco","Cigarette Sales","156,820,995","$","Dollars","POINT (-86.631860762 32.840571122)","Table 12- Orzechowski and Walker, Tax Burden on Tobacco","POL","450POL","450CGS"
"AK","Alaska","2007","OW","The Tax Burden on Tobacco","Cigarette Sales","63,849,816","$","Dollars","POINT (-147.722059036 64.845079957001)","Table 12- Orzechowski and Walker, Tax Burden on Tobacco","POL","450POL","450CGS"
"AZ","Arizona","2007","OW","The Tax Burden on Tobacco","Cigarette Sales","354,887,901","$","Dollars","POINT (-111.763811277 34.86597028)","Table 12- Orzechowski and Walker, Tax Burden on Tobacco","POL","450POL","450CGS"
"AR","Arkansas","2007","OW","The Tax Burden on Tobacco","Cigarette Sales","127,394,493","$","Dollars","POINT (-92.274490743 34.748650124)","Table 12- Orzechowski and Walker, Tax Burden on Tobacco","POL","450POL","450CGS"
"CA","California","2007","OW","The Tax Burden on Tobacco","Cigarette Sales","1,007,354,061","$","Dollars","POINT (-120.999999538 37.638640123)","Table 12- Orzechowski and Walker, Tax Burden on Tobacco","POL","450POL","450CGS"
"CO","Colorado","2007","OW","The Tax Burden on Tobacco","Cigarette Sales","204,048,087","$","Dollars","POINT (-106.133610921 38.843840757)","Table 12- Orzechowski and Walker, Tax Burden on Tobacco","POL","450POL","450CGS"
"CT","Connecticut","2007","OW","The Tax Burden on Tobacco","Cigarette Sales","264,019,838","$","Dollars","POINT (-72.649840952 41.56266102)","Table 12- Orzechowski and Walker, Tax Burden on Tobacco","POL","450POL","450CGS"
"DE","Delaware","2007","OW","The Tax Burden on Tobacco","Cigarette Sales","88,005,886","$","Dollars","POINT (-75.577741168 39.008830667)","Table 12- Orzechowski and Walker, Tax Burden on Tobacco","POL","450POL","450CGS"
"DC","District of Columbia","2007","OW","The Tax Burden on Tobacco","Cigarette Sales","22,167,000","$","Dollars","POINT (-77.031961127 38.890371385)","Table 12- Orzechowski and Walker, Tax Burden on Tobacco","POL","450POL","450CGS"
"FL","Florida","2007","OW","The Tax Burden on Tobacco","Cigarette Sales","428,877,036","$","Dollars","POINT (-81.928960539 28.932040377)","Table 12- Orzechowski and Walker, Tax Burden on Tobacco","POL","450POL","450CGS"
"GA","Georgia","2007","OW","The Tax Burden on Tobacco","Cigarette Sales","224,122,904","$","Dollars","POINT (-83.627580346 32.839681093)","Table 12- Orzechowski and Walker, Tax Burden on Tobacco","POL","450POL","450CGS"
"HI","Hawaii","2007","OW","The Tax Burden on Tobacco","Cigarette Sales","88,771,665","$","Dollars","POINT (-157.857749403 21.304850435)","Table 12- Orzechowski and Walker, Tax Burden on Tobacco","POL","450POL","450CGS"
"ID","Idaho","2007","OW","The Tax Burden on Tobacco","Cigarette Sales","48,960,151","$","Dollars","POINT (-114.363730042 43.682630005)","Table 12- Orzechowski and Walker, Tax Burden on Tobacco","POL","450POL","450CGS"
"IL","Illinois","2007","OW","The Tax Burden on Tobacco","Cigarette Sales","611,784,600","$","Dollars","POINT (-88.997710178 40.485010283)","Table 12- Orzechowski and Walker, Tax Burden on Tobacco","POL","450POL","450CGS"
"IN","Indiana","2007","OW","The Tax Burden on Tobacco","Cigarette Sales","358,376,047","$","Dollars","POINT (-86.149960194 39.766910452)","Table 12- Orzechowski and Walker, Tax Burden on Tobacco","POL","450POL","450CGS"
"IA","Iowa","2007","OW","The Tax Burden on Tobacco","Cigarette Sales","124,274,752","$","Dollars","POINT (-93.816490556 42.469400913)","Table 12- Orzechowski and Walker, Tax Burden on Tobacco","POL","450POL","450CGS"
"KS","Kansas","2007","OW","The Tax Burden on Tobacco","Cigarette Sales","116,016,672","$","Dollars","POINT (-98.200781227 38.3477403)","Table 12- Orzechowski and Walker, Tax Burden on Tobacco","POL","450POL","450CGS"
"KY","Kentucky","2007","OW","The Tax Burden on Tobacco","Cigarette Sales","179,100,100","$","Dollars","POINT (-84.774971048 37.645970271)","Table 12- Orzechowski and Walker, Tax Burden on Tobacco","POL","450POL","450CGS"
"LA","Louisiana","2007","OW","The Tax Burden on Tobacco","Cigarette Sales","133,781,330","$","Dollars","POINT (-92.445680071 31.312660644)","Table 12- Orzechowski and Walker, Tax Burden on Tobacco","POL","450POL","450CGS"
"ME","Maine","2007","OW","The Tax Burden on Tobacco","Cigarette Sales","154,736,684","$","Dollars","POINT (-68.985031336 45.254228894001)","Table 12- Orzechowski and Walker, Tax Burden on Tobacco","POL","450POL","450CGS"
"MD","Maryland","2007","OW","The Tax Burden on Tobacco","Cigarette Sales","271,026,450","$","Dollars","POINT (-76.609260111 39.290580964)","Table 12- Orzechowski and Walker, Tax Burden on Tobacco","POL","450POL","450CGS"
"MA","Massachusetts","2007","OW","The Tax Burden on Tobacco","Cigarette Sales","418,448,784","$","Dollars","POINT (-72.082690675 42.27687047)","Table 12- Orzechowski and Walker, Tax Burden on Tobacco","POL","450POL","450CGS"
"MI","Michigan","2007","OW","The Tax Burden on Tobacco","Cigarette Sales","1,111,162,536","$","Dollars","POINT (-84.71439027 44.661319543001)","Table 12- Orzechowski and Walker, Tax Burden on Tobacco","POL","450POL","450CGS"
"MN","Minnesota","2007","OW","The Tax Burden on Tobacco","Cigarette Sales","408,644,067","$","Dollars","POINT (-94.794200503 46.355648736)","Table 12- Orzechowski and Walker, Tax Burden on Tobacco","POL","450POL","450CGS"
"MS","Mississippi","2007","OW","The Tax Burden on Tobacco","Cigarette Sales","46,499,885","$","Dollars","POINT (-89.538030825 32.745510099)","Table 12- Orzechowski and Walker, Tax Burden on Tobacco","POL","450POL","450CGS"
"MO","Missouri","2007","OW","The Tax Burden on Tobacco","Cigarette Sales","99,969,195","$","Dollars","POINT (-92.566300053 38.635790776)","Table 12- Orzechowski and Walker, Tax Burden on Tobacco","POL","450POL","450CGS"
"MT","Montana","2007","OW","The Tax Burden on Tobacco","Cigarette Sales","84,579,607","$","Dollars","POINT (-109.424420645 47.066528972)","Table 12- Orzechowski and Walker, Tax Burden on Tobacco","POL","450POL","450CGS"
"NE","Nebraska","2007","OW","The Tax Burden on Tobacco","Cigarette Sales","67,967,040","$","Dollars","POINT (-99.365720623 41.641040988001)","Table 12- Orzechowski and Walker, Tax Burden on Tobacco","POL","450POL","450CGS"
"NV","Nevada","2007","OW","The Tax Burden on Tobacco","Cigarette Sales","130,839,518","$","Dollars","POINT (-117.071840564 39.49324039)","Table 12- Orzechowski and Walker, Tax Burden on Tobacco","POL","450POL","450CGS"
"NH","New Hampshire","2007","OW","The Tax Burden on Tobacco","Cigarette Sales","138,573,600","$","Dollars","POINT (-71.50036092 43.655950113)","Table 12- Orzechowski and Walker, Tax Burden on Tobacco","POL","450POL","450CGS"
"NJ","New Jersey","2007","OW","The Tax Burden on Tobacco","Cigarette Sales","766,473,718","$","Dollars","POINT (-74.273691288 40.130570048)","Table 12- Orzechowski and Walker, Tax Burden on Tobacco","POL","450POL","450CGS"
"NM","New Mexico","2007","OW","The Tax Burden on Tobacco","Cigarette Sales","61,629,067","$","Dollars","POINT (-106.240580985 34.520880952)","Table 12- Orzechowski and Walker, Tax Burden on Tobacco","POL","450POL","450CGS"
"NY","New York","2007","OW","The Tax Burden on Tobacco","Cigarette Sales","936,456,574","$","Dollars","POINT (-75.543970427 42.827001032)","Table 12- Orzechowski and Walker, Tax Burden on Tobacco","POL","450POL","450CGS"
"NC","North Carolina","2007","OW","The Tax Burden on Tobacco","Cigarette Sales","239,667,652","$","Dollars","POINT (-79.159250463 35.466220975)","Table 12- Orzechowski and Walker, Tax Burden on Tobacco","POL","450POL","450CGS"
"ND","North Dakota","2007","OW","The Tax Burden on Tobacco","Cigarette Sales","21,228,308","$","Dollars","POINT (-100.118421049 47.475319779)","Table 12- Orzechowski and Walker, Tax Burden on Tobacco","POL","450POL","450CGS"
"OH","Ohio","2007","OW","The Tax Burden on Tobacco","Cigarette Sales","972,740,773","$","Dollars","POINT (-82.404260056 40.060210141)","Table 12- Orzechowski and Walker, Tax Burden on Tobacco","POL","450POL","450CGS"
"OK","Oklahoma","2007","OW","The Tax Burden on Tobacco","Cigarette Sales","205,249,740","$","Dollars","POINT (-97.521070214 35.472031356)","Table 12- Orzechowski and Walker, Tax Burden on Tobacco","POL","450POL","450CGS"
"OR","Oregon","2007","OW","The Tax Burden on Tobacco","Cigarette Sales","242,178,361","$","Dollars","POINT (-120.155031326 44.567449424)","Table 12- Orzechowski and Walker, Tax Burden on Tobacco","POL","450POL","450CGS"
"PA","Pennsylvania","2007","OW","The Tax Burden on Tobacco","Cigarette Sales","1,021,357,000","$","Dollars","POINT (-77.860700294 40.793730152)","Table 12- Orzechowski and Walker, Tax Burden on Tobacco","POL","450POL","450CGS"
"RI","Rhode Island","2007","OW","The Tax Burden on Tobacco","Cigarette Sales","118,850,798","$","Dollars","POINT (-71.522470314 41.708280193)","Table 12- Orzechowski and Walker, Tax Burden on Tobacco","POL","450POL","450CGS"
"SC","South Carolina","2007","OW","The Tax Burden on Tobacco","Cigarette Sales","27,553,662","$","Dollars","POINT (-81.045371207 33.998821303)","Table 12- Orzechowski and Walker, Tax Burden on Tobacco","POL","450POL","450CGS"
"SD","South Dakota","2007","OW","The Tax Burden on Tobacco","Cigarette Sales","43,184,955","$","Dollars","POINT (-100.373530637 44.353130053)","Table 12- Orzechowski and Walker, Tax Burden on Tobacco","POL","450POL","450CGS"
"TN","Tennessee","2007","OW","The Tax Burden on Tobacco","Cigarette Sales","129,671,397","$","Dollars","POINT (-85.774490914 35.68094058)","Table 12- Orzechowski and Walker, Tax Burden on Tobacco","POL","450POL","450CGS"
"TX","Texas","2007","OW","The Tax Burden on Tobacco","Cigarette Sales","1,024,383,107","$","Dollars","POINT (-99.426770206 31.827240407)","Table 12- Orzechowski and Walker, Tax Burden on Tobacco","POL","450POL","450CGS"
"UT","Utah","2007","OW","The Tax Burden on Tobacco","Cigarette Sales","58,224,620","$","Dollars","POINT (-111.587130635 39.360700171)","Table 12- Orzechowski and Walker, Tax Burden on Tobacco","POL","450POL","450CGS"
"VT","Vermont","2007","OW","The Tax Burden on Tobacco","Cigarette Sales","60,814,883","$","Dollars","POINT (-72.517640791 43.625381239)","Table 12- Orzechowski and Walker, Tax Burden on Tobacco","POL","450POL","450CGS"
"VA","Virginia","2007","OW","The Tax Burden on Tobacco","Cigarette Sales","174,548,100","$","Dollars","POINT (-78.457890463 37.542680674)","Table 12- Orzechowski and Walker, Tax Burden on Tobacco","POL","450POL","450CGS"
"WA","Washington","2007","OW","The Tax Burden on Tobacco","Cigarette Sales","418,813,578","$","Dollars","POINT (-120.47001079 47.522278629)","Table 12- Orzechowski and Walker, Tax Burden on Tobacco","POL","450POL","450CGS"
"WV","West Virginia","2007","OW","The Tax Burden on Tobacco","Cigarette Sales","110,537,416","$","Dollars","POINT (-80.712640135 38.665510202)","Table 12- Orzechowski and Walker, Tax Burden on Tobacco","POL","450POL","450CGS"
"WI","Wisconsin","2007","OW","The Tax Burden on Tobacco","Cigarette Sales","300,944,734","$","Dollars","POINT (-89.816370742 44.393191174)","Table 12- Orzechowski and Walker, Tax Burden on Tobacco","POL","450POL","450CGS"
"WY","Wyoming","2007","OW","The Tax Burden on Tobacco","Cigarette Sales","25,632,000","$","Dollars","POINT (-108.109830353 43.235541343)","Table 12- Orzechowski and Walker, Tax Burden on Tobacco","POL","450POL","450CGS"
"AL","Alabama","2006","OW","The Tax Burden on Tobacco","Cigarette Sales","161,434,908","$","Dollars","POINT (-86.631860762 32.840571122)","Table 12- Orzechowski and Walker, Tax Burden on Tobacco","POL","450POL","450CGS"
"AK","Alaska","2006","OW","The Tax Burden on Tobacco","Cigarette Sales","57,910,992","$","Dollars","POINT (-147.722059036 64.845079957001)","Table 12- Orzechowski and Walker, Tax Burden on Tobacco","POL","450POL","450CGS"
"AZ","Arizona","2006","OW","The Tax Burden on Tobacco","Cigarette Sales","296,078,470","$","Dollars","POINT (-111.763811277 34.86597028)","Table 12- Orzechowski and Walker, Tax Burden on Tobacco","POL","450POL","450CGS"
"AR","Arkansas","2006","OW","The Tax Burden on Tobacco","Cigarette Sales","133,418,145","$","Dollars","POINT (-92.274490743 34.748650124)","Table 12- Orzechowski and Walker, Tax Burden on Tobacco","POL","450POL","450CGS"
"CA","California","2006","OW","The Tax Burden on Tobacco","Cigarette Sales","1,035,290,841","$","Dollars","POINT (-120.999999538 37.638640123)","Table 12- Orzechowski and Walker, Tax Burden on Tobacco","POL","450POL","450CGS"
"CO","Colorado","2006","OW","The Tax Burden on Tobacco","Cigarette Sales","208,072,655","$","Dollars","POINT (-106.133610921 38.843840757)","Table 12- Orzechowski and Walker, Tax Burden on Tobacco","POL","450POL","450CGS"
"CT","Connecticut","2006","OW","The Tax Burden on Tobacco","Cigarette Sales","269,670,000","$","Dollars","POINT (-72.649840952 41.56266102)","Table 12- Orzechowski and Walker, Tax Burden on Tobacco","POL","450POL","450CGS"
"DE","Delaware","2006","OW","The Tax Burden on Tobacco","Cigarette Sales","86,091,401","$","Dollars","POINT (-75.577741168 39.008830667)","Table 12- Orzechowski and Walker, Tax Burden on Tobacco","POL","450POL","450CGS"
"DC","District of Columbia","2006","OW","The Tax Burden on Tobacco","Cigarette Sales","23,219,000","$","Dollars","POINT (-77.031961127 38.890371385)","Table 12- Orzechowski and Walker, Tax Burden on Tobacco","POL","450POL","450CGS"
"FL","Florida","2006","OW","The Tax Burden on Tobacco","Cigarette Sales","432,823,038","$","Dollars","POINT (-81.928960539 28.932040377)","Table 12- Orzechowski and Walker, Tax Burden on Tobacco","POL","450POL","450CGS"
"GA","Georgia","2006","OW","The Tax Burden on Tobacco","Cigarette Sales","229,086,518","$","Dollars","POINT (-83.627580346 32.839681093)","Table 12- Orzechowski and Walker, Tax Burden on Tobacco","POL","450POL","450CGS"
"HI","Hawaii","2006","OW","The Tax Burden on Tobacco","Cigarette Sales","85,702,087","$","Dollars","POINT (-157.857749403 21.304850435)","Table 12- Orzechowski and Walker, Tax Burden on Tobacco","POL","450POL","450CGS"
"ID","Idaho","2006","OW","The Tax Burden on Tobacco","Cigarette Sales","47,917,084","$","Dollars","POINT (-114.363730042 43.682630005)","Table 12- Orzechowski and Walker, Tax Burden on Tobacco","POL","450POL","450CGS"
"IL","Illinois","2006","OW","The Tax Burden on Tobacco","Cigarette Sales","643,742,700","$","Dollars","POINT (-88.997710178 40.485010283)","Table 12- Orzechowski and Walker, Tax Burden on Tobacco","POL","450POL","450CGS"
"IN","Indiana","2006","OW","The Tax Burden on Tobacco","Cigarette Sales","343,491,000","$","Dollars","POINT (-86.149960194 39.766910452)","Table 12- Orzechowski and Walker, Tax Burden on Tobacco","POL","450POL","450CGS"
"IA","Iowa","2006","OW","The Tax Burden on Tobacco","Cigarette Sales","91,301,474","$","Dollars","POINT (-93.816490556 42.469400913)","Table 12- Orzechowski and Walker, Tax Burden on Tobacco","POL","450POL","450CGS"
"KS","Kansas","2006","OW","The Tax Burden on Tobacco","Cigarette Sales","120,015,024","$","Dollars","POINT (-98.200781227 38.3477403)","Table 12- Orzechowski and Walker, Tax Burden on Tobacco","POL","450POL","450CGS"
"KY","Kentucky","2006","OW","The Tax Burden on Tobacco","Cigarette Sales","176,326,559","$","Dollars","POINT (-84.774971048 37.645970271)","Table 12- Orzechowski and Walker, Tax Burden on Tobacco","POL","450POL","450CGS"
"LA","Louisiana","2006","OW","The Tax Burden on Tobacco","Cigarette Sales","125,960,220","$","Dollars","POINT (-92.445680071 31.312660644)","Table 12- Orzechowski and Walker, Tax Burden on Tobacco","POL","450POL","450CGS"
"ME","Maine","2006","OW","The Tax Burden on Tobacco","Cigarette Sales","153,015,000","$","Dollars","POINT (-68.985031336 45.254228894001)","Table 12- Orzechowski and Walker, Tax Burden on Tobacco","POL","450POL","450CGS"
"MD","Maryland","2006","OW","The Tax Burden on Tobacco","Cigarette Sales","274,107,190","$","Dollars","POINT (-76.609260111 39.290580964)","Table 12- Orzechowski and Walker, Tax Burden on Tobacco","POL","450POL","450CGS"
"MA","Massachusetts","2006","OW","The Tax Burden on Tobacco","Cigarette Sales","426,505,842","$","Dollars","POINT (-72.082690675 42.27687047)","Table 12- Orzechowski and Walker, Tax Burden on Tobacco","POL","450POL","450CGS"
"MI","Michigan","2006","OW","The Tax Burden on Tobacco","Cigarette Sales","1,143,259,559","$","Dollars","POINT (-84.71439027 44.661319543001)","Table 12- Orzechowski and Walker, Tax Burden on Tobacco","POL","450POL","450CGS"
"MN","Minnesota","2006","OW","The Tax Burden on Tobacco","Cigarette Sales","390,965,068","$","Dollars","POINT (-94.794200503 46.355648736)","Table 12- Orzechowski and Walker, Tax Burden on Tobacco","POL","450POL","450CGS"
"MS","Mississippi","2006","OW","The Tax Burden on Tobacco","Cigarette Sales","48,477,899","$","Dollars","POINT (-89.538030825 32.745510099)","Table 12- Orzechowski and Walker, Tax Burden on Tobacco","POL","450POL","450CGS"
"MO","Missouri","2006","OW","The Tax Burden on Tobacco","Cigarette Sales","102,961,983","$","Dollars","POINT (-92.566300053 38.635790776)","Table 12- Orzechowski and Walker, Tax Burden on Tobacco","POL","450POL","450CGS"
"MT","Montana","2006","OW","The Tax Burden on Tobacco","Cigarette Sales","82,180,007","$","Dollars","POINT (-109.424420645 47.066528972)","Table 12- Orzechowski and Walker, Tax Burden on Tobacco","POL","450POL","450CGS"
"NE","Nebraska","2006","OW","The Tax Burden on Tobacco","Cigarette Sales","67,026,240","$","Dollars","POINT (-99.365720623 41.641040988001)","Table 12- Orzechowski and Walker, Tax Burden on Tobacco","POL","450POL","450CGS"
"NV","Nevada","2006","OW","The Tax Burden on Tobacco","Cigarette Sales","131,803,093","$","Dollars","POINT (-117.071840564 39.49324039)","Table 12- Orzechowski and Walker, Tax Burden on Tobacco","POL","450POL","450CGS"
"NH","New Hampshire","2006","OW","The Tax Burden on Tobacco","Cigarette Sales","142,008,000","$","Dollars","POINT (-71.50036092 43.655950113)","Table 12- Orzechowski and Walker, Tax Burden on Tobacco","POL","450POL","450CGS"
"NJ","New Jersey","2006","OW","The Tax Burden on Tobacco","Cigarette Sales","788,651,400","$","Dollars","POINT (-74.273691288 40.130570048)","Table 12- Orzechowski and Walker, Tax Burden on Tobacco","POL","450POL","450CGS"
"NM","New Mexico","2006","OW","The Tax Burden on Tobacco","Cigarette Sales","62,035,734","$","Dollars","POINT (-106.240580985 34.520880952)","Table 12- Orzechowski and Walker, Tax Burden on Tobacco","POL","450POL","450CGS"
"NY","New York","2006","OW","The Tax Burden on Tobacco","Cigarette Sales","941,501,119","$","Dollars","POINT (-75.543970427 42.827001032)","Table 12- Orzechowski and Walker, Tax Burden on Tobacco","POL","450POL","450CGS"
"NC","North Carolina","2006","OW","The Tax Burden on Tobacco","Cigarette Sales","169,270,439","$","Dollars","POINT (-79.159250463 35.466220975)","Table 12- Orzechowski and Walker, Tax Burden on Tobacco","POL","450POL","450CGS"
"ND","North Dakota","2006","OW","The Tax Burden on Tobacco","Cigarette Sales","20,638,627","$","Dollars","POINT (-100.118421049 47.475319779)","Table 12- Orzechowski and Walker, Tax Burden on Tobacco","POL","450POL","450CGS"
"OH","Ohio","2006","OW","The Tax Burden on Tobacco","Cigarette Sales","1,010,469,344","$","Dollars","POINT (-82.404260056 40.060210141)","Table 12- Orzechowski and Walker, Tax Burden on Tobacco","POL","450POL","450CGS"
"OK","Oklahoma","2006","OW","The Tax Burden on Tobacco","Cigarette Sales","197,713,135","$","Dollars","POINT (-97.521070214 35.472031356)","Table 12- Orzechowski and Walker, Tax Burden on Tobacco","POL","450POL","450CGS"
"OR","Oregon","2006","OW","The Tax Burden on Tobacco","Cigarette Sales","234,066,952","$","Dollars","POINT (-120.155031326 44.567449424)","Table 12- Orzechowski and Walker, Tax Burden on Tobacco","POL","450POL","450CGS"
"PA","Pennsylvania","2006","OW","The Tax Burden on Tobacco","Cigarette Sales","1,047,776,000","$","Dollars","POINT (-77.860700294 40.793730152)","Table 12- Orzechowski and Walker, Tax Burden on Tobacco","POL","450POL","450CGS"
"RI","Rhode Island","2006","OW","The Tax Burden on Tobacco","Cigarette Sales","125,110,211","$","Dollars","POINT (-71.522470314 41.708280193)","Table 12- Orzechowski and Walker, Tax Burden on Tobacco","POL","450POL","450CGS"
"SC","South Carolina","2006","OW","The Tax Burden on Tobacco","Cigarette Sales","28,724,528","$","Dollars","POINT (-81.045371207 33.998821303)","Table 12- Orzechowski and Walker, Tax Burden on Tobacco","POL","450POL","450CGS"
"SD","South Dakota","2006","OW","The Tax Burden on Tobacco","Cigarette Sales","28,462,829","$","Dollars","POINT (-100.373530637 44.353130053)","Table 12- Orzechowski and Walker, Tax Burden on Tobacco","POL","450POL","450CGS"
"TN","Tennessee","2006","OW","The Tax Burden on Tobacco","Cigarette Sales","117,658,741","$","Dollars","POINT (-85.774490914 35.68094058)","Table 12- Orzechowski and Walker, Tax Burden on Tobacco","POL","450POL","450CGS"
"TX","Texas","2006","OW","The Tax Burden on Tobacco","Cigarette Sales","507,159,644","$","Dollars","POINT (-99.426770206 31.827240407)","Table 12- Orzechowski and Walker, Tax Burden on Tobacco","POL","450POL","450CGS"
"UT","Utah","2006","OW","The Tax Burden on Tobacco","Cigarette Sales","59,292,150","$","Dollars","POINT (-111.587130635 39.360700171)","Table 12- Orzechowski and Walker, Tax Burden on Tobacco","POL","450POL","450CGS"
"VT","Vermont","2006","OW","The Tax Burden on Tobacco","Cigarette Sales","47,398,431","$","Dollars","POINT (-72.517640791 43.625381239)","Table 12- Orzechowski and Walker, Tax Burden on Tobacco","POL","450POL","450CGS"
"VA","Virginia","2006","OW","The Tax Burden on Tobacco","Cigarette Sales","179,923,515","$","Dollars","POINT (-78.457890463 37.542680674)","Table 12- Orzechowski and Walker, Tax Burden on Tobacco","POL","450POL","450CGS"
"WA","Washington","2006","OW","The Tax Burden on Tobacco","Cigarette Sales","425,194,827","$","Dollars","POINT (-120.47001079 47.522278629)","Table 12- Orzechowski and Walker, Tax Burden on Tobacco","POL","450POL","450CGS"
"WV","West Virginia","2006","OW","The Tax Burden on Tobacco","Cigarette Sales","112,116,409","$","Dollars","POINT (-80.712640135 38.665510202)","Table 12- Orzechowski and Walker, Tax Burden on Tobacco","POL","450POL","450CGS"
"WI","Wisconsin","2006","OW","The Tax Burden on Tobacco","Cigarette Sales","306,392,438","$","Dollars","POINT (-89.816370742 44.393191174)","Table 12- Orzechowski and Walker, Tax Burden on Tobacco","POL","450POL","450CGS"
"WY","Wyoming","2006","OW","The Tax Burden on Tobacco","Cigarette Sales","24,084,000","$","Dollars","POINT (-108.109830353 43.235541343)","Table 12- Orzechowski and Walker, Tax Burden on Tobacco","POL","450POL","450CGS"
"AL","Alabama","2005","OW","The Tax Burden on Tobacco","Cigarette Sales","158,457,030","$","Dollars","POINT (-86.631860762 32.840571122)","Table 12- Orzechowski and Walker, Tax Burden on Tobacco","POL","450POL","450CGS"
"AK","Alaska","2005","OW","The Tax Burden on Tobacco","Cigarette Sales","48,750,294","$","Dollars","POINT (-147.722059036 64.845079957001)","Table 12- Orzechowski and Walker, Tax Burden on Tobacco","POL","450POL","450CGS"
"AZ","Arizona","2005","OW","The Tax Burden on Tobacco","Cigarette Sales","286,386,310","$","Dollars","POINT (-111.763811277 34.86597028)","Table 12- Orzechowski and Walker, Tax Burden on Tobacco","POL","450POL","450CGS"
"AR","Arkansas","2005","OW","The Tax Burden on Tobacco","Cigarette Sales","129,860,482","$","Dollars","POINT (-92.274490743 34.748650124)","Table 12- Orzechowski and Walker, Tax Burden on Tobacco","POL","450POL","450CGS"
"CA","California","2005","OW","The Tax Burden on Tobacco","Cigarette Sales","1,032,870,955","$","Dollars","POINT (-120.999999538 37.638640123)","Table 12- Orzechowski and Walker, Tax Burden on Tobacco","POL","450POL","450CGS"
"CO","Colorado","2005","OW","The Tax Burden on Tobacco","Cigarette Sales","116,600,483","$","Dollars","POINT (-106.133610921 38.843840757)","Table 12- Orzechowski and Walker, Tax Burden on Tobacco","POL","450POL","450CGS"
"CT","Connecticut","2005","OW","The Tax Burden on Tobacco","Cigarette Sales","270,187,452","$","Dollars","POINT (-72.649840952 41.56266102)","Table 12- Orzechowski and Walker, Tax Burden on Tobacco","POL","450POL","450CGS"
"DE","Delaware","2005","OW","The Tax Burden on Tobacco","Cigarette Sales","82,412,306","$","Dollars","POINT (-75.577741168 39.008830667)","Table 12- Orzechowski and Walker, Tax Burden on Tobacco","POL","450POL","450CGS"
"DC","District of Columbia","2005","OW","The Tax Burden on Tobacco","Cigarette Sales","20,674,000","$","Dollars","POINT (-77.031961127 38.890371385)","Table 12- Orzechowski and Walker, Tax Burden on Tobacco","POL","450POL","450CGS"
"FL","Florida","2005","OW","The Tax Burden on Tobacco","Cigarette Sales","443,845,242","$","Dollars","POINT (-81.928960539 28.932040377)","Table 12- Orzechowski and Walker, Tax Burden on Tobacco","POL","450POL","450CGS"
"GA","Georgia","2005","OW","The Tax Burden on Tobacco","Cigarette Sales","231,565,881","$","Dollars","POINT (-83.627580346 32.839681093)","Table 12- Orzechowski and Walker, Tax Burden on Tobacco","POL","450POL","450CGS"
"HI","Hawaii","2005","OW","The Tax Burden on Tobacco","Cigarette Sales","83,135,360","$","Dollars","POINT (-157.857749403 21.304850435)","Table 12- Orzechowski and Walker, Tax Burden on Tobacco","POL","450POL","450CGS"
"ID","Idaho","2005","OW","The Tax Burden on Tobacco","Cigarette Sales","46,326,764","$","Dollars","POINT (-114.363730042 43.682630005)","Table 12- Orzechowski and Walker, Tax Burden on Tobacco","POL","450POL","450CGS"
"IL","Illinois","2005","OW","The Tax Burden on Tobacco","Cigarette Sales","650,028,120","$","Dollars","POINT (-88.997710178 40.485010283)","Table 12- Orzechowski and Walker, Tax Burden on Tobacco","POL","450POL","450CGS"
"IN","Indiana","2005","OW","The Tax Burden on Tobacco","Cigarette Sales","331,903,577","$","Dollars","POINT (-86.149960194 39.766910452)","Table 12- Orzechowski and Walker, Tax Burden on Tobacco","POL","450POL","450CGS"
"IA","Iowa","2005","OW","The Tax Burden on Tobacco","Cigarette Sales","89,210,340","$","Dollars","POINT (-93.816490556 42.469400913)","Table 12- Orzechowski and Walker, Tax Burden on Tobacco","POL","450POL","450CGS"
"KS","Kansas","2005","OW","The Tax Burden on Tobacco","Cigarette Sales","118,661,808","$","Dollars","POINT (-98.200781227 38.3477403)","Table 12- Orzechowski and Walker, Tax Burden on Tobacco","POL","450POL","450CGS"
"KY","Kentucky","2005","OW","The Tax Burden on Tobacco","Cigarette Sales","52,020,000","$","Dollars","POINT (-84.774971048 37.645970271)","Table 12- Orzechowski and Walker, Tax Burden on Tobacco","POL","450POL","450CGS"
"LA","Louisiana","2005","OW","The Tax Burden on Tobacco","Cigarette Sales","147,663,445","$","Dollars","POINT (-92.445680071 31.312660644)","Table 12- Orzechowski and Walker, Tax Burden on Tobacco","POL","450POL","450CGS"
"ME","Maine","2005","OW","The Tax Burden on Tobacco","Cigarette Sales","94,023,930","$","Dollars","POINT (-68.985031336 45.254228894001)","Table 12- Orzechowski and Walker, Tax Burden on Tobacco","POL","450POL","450CGS"
"MD","Maryland","2005","OW","The Tax Burden on Tobacco","Cigarette Sales","271,053,900","$","Dollars","POINT (-76.609260111 39.290580964)","Table 12- Orzechowski and Walker, Tax Burden on Tobacco","POL","450POL","450CGS"
"MA","Massachusetts","2005","OW","The Tax Burden on Tobacco","Cigarette Sales","413,602,137","$","Dollars","POINT (-72.082690675 42.27687047)","Table 12- Orzechowski and Walker, Tax Burden on Tobacco","POL","450POL","450CGS"
"MI","Michigan","2005","OW","The Tax Burden on Tobacco","Cigarette Sales","1,106,720,107","$","Dollars","POINT (-84.71439027 44.661319543001)","Table 12- Orzechowski and Walker, Tax Burden on Tobacco","POL","450POL","450CGS"
"MN","Minnesota","2005","OW","The Tax Burden on Tobacco","Cigarette Sales","160,653,128","$","Dollars","POINT (-94.794200503 46.355648736)","Table 12- Orzechowski and Walker, Tax Burden on Tobacco","POL","450POL","450CGS"
"MS","Mississippi","2005","OW","The Tax Burden on Tobacco","Cigarette Sales","46,344,020","$","Dollars","POINT (-89.538030825 32.745510099)","Table 12- Orzechowski and Walker, Tax Burden on Tobacco","POL","450POL","450CGS"
"MO","Missouri","2005","OW","The Tax Burden on Tobacco","Cigarette Sales","101,284,476","$","Dollars","POINT (-92.566300053 38.635790776)","Table 12- Orzechowski and Walker, Tax Burden on Tobacco","POL","450POL","450CGS"
"MT","Montana","2005","OW","The Tax Burden on Tobacco","Cigarette Sales","59,519,369","$","Dollars","POINT (-109.424420645 47.066528972)","Table 12- Orzechowski and Walker, Tax Burden on Tobacco","POL","450POL","450CGS"
"NE","Nebraska","2005","OW","The Tax Burden on Tobacco","Cigarette Sales","68,200,320","$","Dollars","POINT (-99.365720623 41.641040988001)","Table 12- Orzechowski and Walker, Tax Burden on Tobacco","POL","450POL","450CGS"
"NV","Nevada","2005","OW","The Tax Burden on Tobacco","Cigarette Sales","130,165,920","$","Dollars","POINT (-117.071840564 39.49324039)","Table 12- Orzechowski and Walker, Tax Burden on Tobacco","POL","450POL","450CGS"
"NH","New Hampshire","2005","OW","The Tax Burden on Tobacco","Cigarette Sales","93,439,635","$","Dollars","POINT (-71.50036092 43.655950113)","Table 12- Orzechowski and Walker, Tax Burden on Tobacco","POL","450POL","450CGS"
"NJ","New Jersey","2005","OW","The Tax Burden on Tobacco","Cigarette Sales","780,657,000","$","Dollars","POINT (-74.273691288 40.130570048)","Table 12- Orzechowski and Walker, Tax Burden on Tobacco","POL","450POL","450CGS"
"NM","New Mexico","2005","OW","The Tax Burden on Tobacco","Cigarette Sales","61,480,221","$","Dollars","POINT (-106.240580985 34.520880952)","Table 12- Orzechowski and Walker, Tax Burden on Tobacco","POL","450POL","450CGS"
"NY","New York","2005","OW","The Tax Burden on Tobacco","Cigarette Sales","939,725,433","$","Dollars","POINT (-75.543970427 42.827001032)","Table 12- Orzechowski and Walker, Tax Burden on Tobacco","POL","450POL","450CGS"
"NC","North Carolina","2005","OW","The Tax Burden on Tobacco","Cigarette Sales","40,052,354","$","Dollars","POINT (-79.159250463 35.466220975)","Table 12- Orzechowski and Walker, Tax Burden on Tobacco","POL","450POL","450CGS"
"ND","North Dakota","2005","OW","The Tax Burden on Tobacco","Cigarette Sales","18,464,975","$","Dollars","POINT (-100.118421049 47.475319779)","Table 12- Orzechowski and Walker, Tax Burden on Tobacco","POL","450POL","450CGS"
"OH","Ohio","2005","OW","The Tax Burden on Tobacco","Cigarette Sales","564,837,977","$","Dollars","POINT (-82.404260056 40.060210141)","Table 12- Orzechowski and Walker, Tax Burden on Tobacco","POL","450POL","450CGS"
"OK","Oklahoma","2005","OW","The Tax Burden on Tobacco","Cigarette Sales","126,709,675","$","Dollars","POINT (-97.521070214 35.472031356)","Table 12- Orzechowski and Walker, Tax Burden on Tobacco","POL","450POL","450CGS"
"OR","Oregon","2005","OW","The Tax Burden on Tobacco","Cigarette Sales","225,592,217","$","Dollars","POINT (-120.155031326 44.567449424)","Table 12- Orzechowski and Walker, Tax Burden on Tobacco","POL","450POL","450CGS"
"PA","Pennsylvania","2005","OW","The Tax Burden on Tobacco","Cigarette Sales","1,051,463,000","$","Dollars","POINT (-77.860700294 40.793730152)","Table 12- Orzechowski and Walker, Tax Burden on Tobacco","POL","450POL","450CGS"
"RI","Rhode Island","2005","OW","The Tax Burden on Tobacco","Cigarette Sales","131,315,700","$","Dollars","POINT (-71.522470314 41.708280193)","Table 12- Orzechowski and Walker, Tax Burden on Tobacco","POL","450POL","450CGS"
"SC","South Carolina","2005","OW","The Tax Burden on Tobacco","Cigarette Sales","27,559,820","$","Dollars","POINT (-81.045371207 33.998821303)","Table 12- Orzechowski and Walker, Tax Burden on Tobacco","POL","450POL","450CGS"
"SD","South Dakota","2005","OW","The Tax Burden on Tobacco","Cigarette Sales","28,065,888","$","Dollars","POINT (-100.373530637 44.353130053)","Table 12- Orzechowski and Walker, Tax Burden on Tobacco","POL","450POL","450CGS"
"TN","Tennessee","2005","OW","The Tax Burden on Tobacco","Cigarette Sales","114,345,060","$","Dollars","POINT (-85.774490914 35.68094058)","Table 12- Orzechowski and Walker, Tax Burden on Tobacco","POL","450POL","450CGS"
"TX","Texas","2005","OW","The Tax Burden on Tobacco","Cigarette Sales","507,341,005","$","Dollars","POINT (-99.426770206 31.827240407)","Table 12- Orzechowski and Walker, Tax Burden on Tobacco","POL","450POL","450CGS"
"UT","Utah","2005","OW","The Tax Burden on Tobacco","Cigarette Sales","56,598,687","$","Dollars","POINT (-111.587130635 39.360700171)","Table 12- Orzechowski and Walker, Tax Burden on Tobacco","POL","450POL","450CGS"
"VT","Vermont","2005","OW","The Tax Burden on Tobacco","Cigarette Sales","47,271,084","$","Dollars","POINT (-72.517640791 43.625381239)","Table 12- Orzechowski and Walker, Tax Burden on Tobacco","POL","450POL","450CGS"
"VA","Virginia","2005","OW","The Tax Burden on Tobacco","Cigarette Sales","114,212,300","$","Dollars","POINT (-78.457890463 37.542680674)","Table 12- Orzechowski and Walker, Tax Burden on Tobacco","POL","450POL","450CGS"
"WA","Washington","2005","OW","The Tax Burden on Tobacco","Cigarette Sales","329,823,662","$","Dollars","POINT (-120.47001079 47.522278629)","Table 12- Orzechowski and Walker, Tax Burden on Tobacco","POL","450POL","450CGS"
"WV","West Virginia","2005","OW","The Tax Burden on Tobacco","Cigarette Sales","102,121,525","$","Dollars","POINT (-80.712640135 38.665510202)","Table 12- Orzechowski and Walker, Tax Burden on Tobacco","POL","450POL","450CGS"
"WI","Wisconsin","2005","OW","The Tax Burden on Tobacco","Cigarette Sales","299,086,407","$","Dollars","POINT (-89.816370742 44.393191174)","Table 12- Orzechowski and Walker, Tax Burden on Tobacco","POL","450POL","450CGS"
"WY","Wyoming","2005","OW","The Tax Burden on Tobacco","Cigarette Sales","23,170,752","$","Dollars","POINT (-108.109830353 43.235541343)","Table 12- Orzechowski and Walker, Tax Burden on Tobacco","POL","450POL","450CGS"
"AL","Alabama","2004","OW","The Tax Burden on Tobacco","Cigarette Sales","71,463,596","$","Dollars","POINT (-86.631860762 32.840571122)","Table 12- Orzechowski and Walker, Tax Burden on Tobacco","POL","450POL","450CGS"
"AK","Alaska","2004","OW","The Tax Burden on Tobacco","Cigarette Sales","41,260,582","$","Dollars","POINT (-147.722059036 64.845079957001)","Table 12- Orzechowski and Walker, Tax Burden on Tobacco","POL","450POL","450CGS"
"AZ","Arizona","2004","OW","The Tax Burden on Tobacco","Cigarette Sales","280,173,860","$","Dollars","POINT (-111.763811277 34.86597028)","Table 12- Orzechowski and Walker, Tax Burden on Tobacco","POL","450POL","450CGS"
"AR","Arkansas","2004","OW","The Tax Burden on Tobacco","Cigarette Sales","131,000,087","$","Dollars","POINT (-92.274490743 34.748650124)","Table 12- Orzechowski and Walker, Tax Burden on Tobacco","POL","450POL","450CGS"
"CA","California","2004","OW","The Tax Burden on Tobacco","Cigarette Sales","1,030,056,989","$","Dollars","POINT (-120.999999538 37.638640123)","Table 12- Orzechowski and Walker, Tax Burden on Tobacco","POL","450POL","450CGS"
"CO","Colorado","2004","OW","The Tax Burden on Tobacco","Cigarette Sales","55,255,011","$","Dollars","POINT (-106.133610921 38.843840757)","Table 12- Orzechowski and Walker, Tax Burden on Tobacco","POL","450POL","450CGS"
"CT","Connecticut","2004","OW","The Tax Burden on Tobacco","Cigarette Sales","279,555,397","$","Dollars","POINT (-72.649840952 41.56266102)","Table 12- Orzechowski and Walker, Tax Burden on Tobacco","POL","450POL","450CGS"
"DE","Delaware","2004","OW","The Tax Burden on Tobacco","Cigarette Sales","72,607,229","$","Dollars","POINT (-75.577741168 39.008830667)","Table 12- Orzechowski and Walker, Tax Burden on Tobacco","POL","450POL","450CGS"
"DC","District of Columbia","2004","OW","The Tax Burden on Tobacco","Cigarette Sales","21,633,000","$","Dollars","POINT (-77.031961127 38.890371385)","Table 12- Orzechowski and Walker, Tax Burden on Tobacco","POL","450POL","450CGS"
"FL","Florida","2004","OW","The Tax Burden on Tobacco","Cigarette Sales","427,985,959","$","Dollars","POINT (-81.928960539 28.932040377)","Table 12- Orzechowski and Walker, Tax Burden on Tobacco","POL","450POL","450CGS"
"GA","Georgia","2004","OW","The Tax Burden on Tobacco","Cigarette Sales","219,060,809","$","Dollars","POINT (-83.627580346 32.839681093)","Table 12- Orzechowski and Walker, Tax Burden on Tobacco","POL","450POL","450CGS"
"HI","Hawaii","2004","OW","The Tax Burden on Tobacco","Cigarette Sales","77,541,842","$","Dollars","POINT (-157.857749403 21.304850435)","Table 12- Orzechowski and Walker, Tax Burden on Tobacco","POL","450POL","450CGS"
"ID","Idaho","2004","OW","The Tax Burden on Tobacco","Cigarette Sales","47,319,102","$","Dollars","POINT (-114.363730042 43.682630005)","Table 12- Orzechowski and Walker, Tax Burden on Tobacco","POL","450POL","450CGS"
"IL","Illinois","2004","OW","The Tax Burden on Tobacco","Cigarette Sales","744,402,120","$","Dollars","POINT (-88.997710178 40.485010283)","Table 12- Orzechowski and Walker, Tax Burden on Tobacco","POL","450POL","450CGS"
"IN","Indiana","2004","OW","The Tax Burden on Tobacco","Cigarette Sales","335,915,185","$","Dollars","POINT (-86.149960194 39.766910452)","Table 12- Orzechowski and Walker, Tax Burden on Tobacco","POL","450POL","450CGS"
"IA","Iowa","2004","OW","The Tax Burden on Tobacco","Cigarette Sales","88,715,817","$","Dollars","POINT (-93.816490556 42.469400913)","Table 12- Orzechowski and Walker, Tax Burden on Tobacco","POL","450POL","450CGS"
"KS","Kansas","2004","OW","The Tax Burden on Tobacco","Cigarette Sales","121,226,400","$","Dollars","POINT (-98.200781227 38.3477403)","Table 12- Orzechowski and Walker, Tax Burden on Tobacco","POL","450POL","450CGS"
"KY","Kentucky","2004","OW","The Tax Burden on Tobacco","Cigarette Sales","21,551,000","$","Dollars","POINT (-84.774971048 37.645970271)","Table 12- Orzechowski and Walker, Tax Burden on Tobacco","POL","450POL","450CGS"
"LA","Louisiana","2004","OW","The Tax Burden on Tobacco","Cigarette Sales","138,379,626","$","Dollars","POINT (-92.445680071 31.312660644)","Table 12- Orzechowski and Walker, Tax Burden on Tobacco","POL","450POL","450CGS"
"ME","Maine","2004","OW","The Tax Burden on Tobacco","Cigarette Sales","94,505,938","$","Dollars","POINT (-68.985031336 45.254228894001)","Table 12- Orzechowski and Walker, Tax Burden on Tobacco","POL","450POL","450CGS"
"MD","Maryland","2004","OW","The Tax Burden on Tobacco","Cigarette Sales","269,259,150","$","Dollars","POINT (-76.609260111 39.290580964)","Table 12- Orzechowski and Walker, Tax Burden on Tobacco","POL","450POL","450CGS"
"MA","Massachusetts","2004","OW","The Tax Burden on Tobacco","Cigarette Sales","423,522,384","$","Dollars","POINT (-72.082690675 42.27687047)","Table 12- Orzechowski and Walker, Tax Burden on Tobacco","POL","450POL","450CGS"
"MI","Michigan","2004","OW","The Tax Burden on Tobacco","Cigarette Sales","863,990,100","$","Dollars","POINT (-84.71439027 44.661319543001)","Table 12- Orzechowski and Walker, Tax Burden on Tobacco","POL","450POL","450CGS"
"MN","Minnesota","2004","OW","The Tax Burden on Tobacco","Cigarette Sales","177,195,124","$","Dollars","POINT (-94.794200503 46.355648736)","Table 12- Orzechowski and Walker, Tax Burden on Tobacco","POL","450POL","450CGS"
"MS","Mississippi","2004","OW","The Tax Burden on Tobacco","Cigarette Sales","45,850,002","$","Dollars","POINT (-89.538030825 32.745510099)","Table 12- Orzechowski and Walker, Tax Burden on Tobacco","POL","450POL","450CGS"
"MO","Missouri","2004","OW","The Tax Burden on Tobacco","Cigarette Sales","100,046,926","$","Dollars","POINT (-92.566300053 38.635790776)","Table 12- Orzechowski and Walker, Tax Burden on Tobacco","POL","450POL","450CGS"
"MT","Montana","2004","OW","The Tax Burden on Tobacco","Cigarette Sales","43,748,031","$","Dollars","POINT (-109.424420645 47.066528972)","Table 12- Orzechowski and Walker, Tax Burden on Tobacco","POL","450POL","450CGS"
"NE","Nebraska","2004","OW","The Tax Burden on Tobacco","Cigarette Sales","68,818,560","$","Dollars","POINT (-99.365720623 41.641040988001)","Table 12- Orzechowski and Walker, Tax Burden on Tobacco","POL","450POL","450CGS"
"NV","Nevada","2004","OW","The Tax Burden on Tobacco","Cigarette Sales","124,101,000","$","Dollars","POINT (-117.071840564 39.49324039)","Table 12- Orzechowski and Walker, Tax Burden on Tobacco","POL","450POL","450CGS"
"NH","New Hampshire","2004","OW","The Tax Burden on Tobacco","Cigarette Sales","99,326,040","$","Dollars","POINT (-71.50036092 43.655950113)","Table 12- Orzechowski and Walker, Tax Burden on Tobacco","POL","450POL","450CGS"
"NJ","New Jersey","2004","OW","The Tax Burden on Tobacco","Cigarette Sales","760,798,400","$","Dollars","POINT (-74.273691288 40.130570048)","Table 12- Orzechowski and Walker, Tax Burden on Tobacco","POL","450POL","450CGS"
"NM","New Mexico","2004","OW","The Tax Burden on Tobacco","Cigarette Sales","60,993,796","$","Dollars","POINT (-106.240580985 34.520880952)","Table 12- Orzechowski and Walker, Tax Burden on Tobacco","POL","450POL","450CGS"
"NY","New York","2004","OW","The Tax Burden on Tobacco","Cigarette Sales","977,115,124","$","Dollars","POINT (-75.543970427 42.827001032)","Table 12- Orzechowski and Walker, Tax Burden on Tobacco","POL","450POL","450CGS"
"NC","North Carolina","2004","OW","The Tax Burden on Tobacco","Cigarette Sales","40,192,892","$","Dollars","POINT (-79.159250463 35.466220975)","Table 12- Orzechowski and Walker, Tax Burden on Tobacco","POL","450POL","450CGS"
"ND","North Dakota","2004","OW","The Tax Burden on Tobacco","Cigarette Sales","18,450,952","$","Dollars","POINT (-100.118421049 47.475319779)","Table 12- Orzechowski and Walker, Tax Burden on Tobacco","POL","450POL","450CGS"
"OH","Ohio","2004","OW","The Tax Burden on Tobacco","Cigarette Sales","540,376,592","$","Dollars","POINT (-82.404260056 40.060210141)","Table 12- Orzechowski and Walker, Tax Burden on Tobacco","POL","450POL","450CGS"
"OK","Oklahoma","2004","OW","The Tax Burden on Tobacco","Cigarette Sales","58,779,705","$","Dollars","POINT (-97.521070214 35.472031356)","Table 12- Orzechowski and Walker, Tax Burden on Tobacco","POL","450POL","450CGS"
"OR","Oregon","2004","OW","The Tax Burden on Tobacco","Cigarette Sales","242,470,062","$","Dollars","POINT (-120.155031326 44.567449424)","Table 12- Orzechowski and Walker, Tax Burden on Tobacco","POL","450POL","450CGS"
"PA","Pennsylvania","2004","OW","The Tax Burden on Tobacco","Cigarette Sales","1,014,763,000","$","Dollars","POINT (-77.860700294 40.793730152)","Table 12- Orzechowski and Walker, Tax Burden on Tobacco","POL","450POL","450CGS"
"RI","Rhode Island","2004","OW","The Tax Burden on Tobacco","Cigarette Sales","112,352,300","$","Dollars","POINT (-71.522470314 41.708280193)","Table 12- Orzechowski and Walker, Tax Burden on Tobacco","POL","450POL","450CGS"
"SC","South Carolina","2004","OW","The Tax Burden on Tobacco","Cigarette Sales","26,759,248","$","Dollars","POINT (-81.045371207 33.998821303)","Table 12- Orzechowski and Walker, Tax Burden on Tobacco","POL","450POL","450CGS"
"SD","South Dakota","2004","OW","The Tax Burden on Tobacco","Cigarette Sales","28,171,051","$","Dollars","POINT (-100.373530637 44.353130053)","Table 12- Orzechowski and Walker, Tax Burden on Tobacco","POL","450POL","450CGS"
"TN","Tennessee","2004","OW","The Tax Burden on Tobacco","Cigarette Sales","112,734,251","$","Dollars","POINT (-85.774490914 35.68094058)","Table 12- Orzechowski and Walker, Tax Burden on Tobacco","POL","450POL","450CGS"
"TX","Texas","2004","OW","The Tax Burden on Tobacco","Cigarette Sales","501,571,338","$","Dollars","POINT (-99.426770206 31.827240407)","Table 12- Orzechowski and Walker, Tax Burden on Tobacco","POL","450POL","450CGS"
"UT","Utah","2004","OW","The Tax Burden on Tobacco","Cigarette Sales","55,835,597","$","Dollars","POINT (-111.587130635 39.360700171)","Table 12- Orzechowski and Walker, Tax Burden on Tobacco","POL","450POL","450CGS"
"VT","Vermont","2004","OW","The Tax Burden on Tobacco","Cigarette Sales","50,984,274","$","Dollars","POINT (-72.517640791 43.625381239)","Table 12- Orzechowski and Walker, Tax Burden on Tobacco","POL","450POL","450CGS"
"VA","Virginia","2004","OW","The Tax Burden on Tobacco","Cigarette Sales","18,655,000","$","Dollars","POINT (-78.457890463 37.542680674)","Table 12- Orzechowski and Walker, Tax Burden on Tobacco","POL","450POL","450CGS"
"WA","Washington","2004","OW","The Tax Burden on Tobacco","Cigarette Sales","327,543,000","$","Dollars","POINT (-120.47001079 47.522278629)","Table 12- Orzechowski and Walker, Tax Burden on Tobacco","POL","450POL","450CGS"
"WV","West Virginia","2004","OW","The Tax Burden on Tobacco","Cigarette Sales","100,828,843","$","Dollars","POINT (-80.712640135 38.665510202)","Table 12- Orzechowski and Walker, Tax Burden on Tobacco","POL","450POL","450CGS"
"WI","Wisconsin","2004","OW","The Tax Burden on Tobacco","Cigarette Sales","296,060,429","$","Dollars","POINT (-89.816370742 44.393191174)","Table 12- Orzechowski and Walker, Tax Burden on Tobacco","POL","450POL","450CGS"
"WY","Wyoming","2004","OW","The Tax Burden on Tobacco","Cigarette Sales","15,680,411","$","Dollars","POINT (-108.109830353 43.235541343)","Table 12- Orzechowski and Walker, Tax Burden on Tobacco","POL","450POL","450CGS"
"AL","Alabama","2003","OW","The Tax Burden on Tobacco","Cigarette Sales","61,161,426","$","Dollars","POINT (-86.631860762 32.840571122)","Table 12- Orzechowski and Walker, Tax Burden on Tobacco","POL","450POL","450CGS"
"AK","Alaska","2003","OW","The Tax Burden on Tobacco","Cigarette Sales","40,239,153","$","Dollars","POINT (-147.722059036 64.845079957001)","Table 12- Orzechowski and Walker, Tax Burden on Tobacco","POL","450POL","450CGS"
"AZ","Arizona","2003","OW","The Tax Burden on Tobacco","Cigarette Sales","216,941,668","$","Dollars","POINT (-111.763811277 34.86597028)","Table 12- Orzechowski and Walker, Tax Burden on Tobacco","POL","450POL","450CGS"
"AR","Arkansas","2003","OW","The Tax Burden on Tobacco","Cigarette Sales","86,736,560","$","Dollars","POINT (-92.274490743 34.748650124)","Table 12- Orzechowski and Walker, Tax Burden on Tobacco","POL","450POL","450CGS"
"CA","California","2003","OW","The Tax Burden on Tobacco","Cigarette Sales","1,040,616,216","$","Dollars","POINT (-120.999999538 37.638640123)","Table 12- Orzechowski and Walker, Tax Burden on Tobacco","POL","450POL","450CGS"
"CO","Colorado","2003","OW","The Tax Burden on Tobacco","Cigarette Sales","56,330,686","$","Dollars","POINT (-106.133610921 38.843840757)","Table 12- Orzechowski and Walker, Tax Burden on Tobacco","POL","450POL","450CGS"
"CT","Connecticut","2003","OW","The Tax Burden on Tobacco","Cigarette Sales","251,978,914","$","Dollars","POINT (-72.649840952 41.56266102)","Table 12- Orzechowski and Walker, Tax Burden on Tobacco","POL","450POL","450CGS"
"DE","Delaware","2003","OW","The Tax Burden on Tobacco","Cigarette Sales","35,223,120","$","Dollars","POINT (-75.577741168 39.008830667)","Table 12- Orzechowski and Walker, Tax Burden on Tobacco","POL","450POL","450CGS"
"DC","District of Columbia","2003","OW","The Tax Burden on Tobacco","Cigarette Sales","20,488,000","$","Dollars","POINT (-77.031961127 38.890371385)","Table 12- Orzechowski and Walker, Tax Burden on Tobacco","POL","450POL","450CGS"
"FL","Florida","2003","OW","The Tax Burden on Tobacco","Cigarette Sales","426,546,465","$","Dollars","POINT (-81.928960539 28.932040377)","Table 12- Orzechowski and Walker, Tax Burden on Tobacco","POL","450POL","450CGS"
"GA","Georgia","2003","OW","The Tax Burden on Tobacco","Cigarette Sales","83,606,208","$","Dollars","POINT (-83.627580346 32.839681093)","Table 12- Orzechowski and Walker, Tax Burden on Tobacco","POL","450POL","450CGS"
"HI","Hawaii","2003","OW","The Tax Burden on Tobacco","Cigarette Sales","70,586,392","$","Dollars","POINT (-157.857749403 21.304850435)","Table 12- Orzechowski and Walker, Tax Burden on Tobacco","POL","450POL","450CGS"
"ID","Idaho","2003","OW","The Tax Burden on Tobacco","Cigarette Sales","25,061,490","$","Dollars","POINT (-114.363730042 43.682630005)","Table 12- Orzechowski and Walker, Tax Burden on Tobacco","POL","450POL","450CGS"
"IL","Illinois","2003","OW","The Tax Burden on Tobacco","Cigarette Sales","653,697,190","$","Dollars","POINT (-88.997710178 40.485010283)","Table 12- Orzechowski and Walker, Tax Burden on Tobacco","POL","450POL","450CGS"
"IN","Indiana","2003","OW","The Tax Burden on Tobacco","Cigarette Sales","343,657,232","$","Dollars","POINT (-86.149960194 39.766910452)","Table 12- Orzechowski and Walker, Tax Burden on Tobacco","POL","450POL","450CGS"
"IA","Iowa","2003","OW","The Tax Burden on Tobacco","Cigarette Sales","89,889,534","$","Dollars","POINT (-93.816490556 42.469400913)","Table 12- Orzechowski and Walker, Tax Burden on Tobacco","POL","450POL","450CGS"
"KS","Kansas","2003","OW","The Tax Burden on Tobacco","Cigarette Sales","119,411,772","$","Dollars","POINT (-98.200781227 38.3477403)","Table 12- Orzechowski and Walker, Tax Burden on Tobacco","POL","450POL","450CGS"
"KY","Kentucky","2003","OW","The Tax Burden on Tobacco","Cigarette Sales","21,436,000","$","Dollars","POINT (-84.774971048 37.645970271)","Table 12- Orzechowski and Walker, Tax Burden on Tobacco","POL","450POL","450CGS"
"LA","Louisiana","2003","OW","The Tax Burden on Tobacco","Cigarette Sales","117,925,428","$","Dollars","POINT (-92.445680071 31.312660644)","Table 12- Orzechowski and Walker, Tax Burden on Tobacco","POL","450POL","450CGS"
"ME","Maine","2003","OW","The Tax Burden on Tobacco","Cigarette Sales","95,971,968","$","Dollars","POINT (-68.985031336 45.254228894001)","Table 12- Orzechowski and Walker, Tax Burden on Tobacco","POL","450POL","450CGS"
"MD","Maryland","2003","OW","The Tax Burden on Tobacco","Cigarette Sales","266,061,000","$","Dollars","POINT (-76.609260111 39.290580964)","Table 12- Orzechowski and Walker, Tax Burden on Tobacco","POL","450POL","450CGS"
"MA","Massachusetts","2003","OW","The Tax Burden on Tobacco","Cigarette Sales","438,734,517","$","Dollars","POINT (-72.082690675 42.27687047)","Table 12- Orzechowski and Walker, Tax Burden on Tobacco","POL","450POL","450CGS"
"MI","Michigan","2003","OW","The Tax Burden on Tobacco","Cigarette Sales","828,678,247","$","Dollars","POINT (-84.71439027 44.661319543001)","Table 12- Orzechowski and Walker, Tax Burden on Tobacco","POL","450POL","450CGS"
"MN","Minnesota","2003","OW","The Tax Burden on Tobacco","Cigarette Sales","171,131,889","$","Dollars","POINT (-94.794200503 46.355648736)","Table 12- Orzechowski and Walker, Tax Burden on Tobacco","POL","450POL","450CGS"
"MS","Mississippi","2003","OW","The Tax Burden on Tobacco","Cigarette Sales","46,899,340","$","Dollars","POINT (-89.538030825 32.745510099)","Table 12- Orzechowski and Walker, Tax Burden on Tobacco","POL","450POL","450CGS"
"MO","Missouri","2003","OW","The Tax Burden on Tobacco","Cigarette Sales","105,034,591","$","Dollars","POINT (-92.566300053 38.635790776)","Table 12- Orzechowski and Walker, Tax Burden on Tobacco","POL","450POL","450CGS"
"MT","Montana","2003","OW","The Tax Burden on Tobacco","Cigarette Sales","16,740,385","$","Dollars","POINT (-109.424420645 47.066528972)","Table 12- Orzechowski and Walker, Tax Burden on Tobacco","POL","450POL","450CGS"
"NE","Nebraska","2003","OW","The Tax Burden on Tobacco","Cigarette Sales","60,863,730","$","Dollars","POINT (-99.365720623 41.641040988001)","Table 12- Orzechowski and Walker, Tax Burden on Tobacco","POL","450POL","450CGS"
"NV","Nevada","2003","OW","The Tax Burden on Tobacco","Cigarette Sales","63,945,704","$","Dollars","POINT (-117.071840564 39.49324039)","Table 12- Orzechowski and Walker, Tax Burden on Tobacco","POL","450POL","450CGS"
"NH","New Hampshire","2003","OW","The Tax Burden on Tobacco","Cigarette Sales","95,760,255","$","Dollars","POINT (-71.50036092 43.655950113)","Table 12- Orzechowski and Walker, Tax Burden on Tobacco","POL","450POL","450CGS"
"NJ","New Jersey","2003","OW","The Tax Burden on Tobacco","Cigarette Sales","612,090,375","$","Dollars","POINT (-74.273691288 40.130570048)","Table 12- Orzechowski and Walker, Tax Burden on Tobacco","POL","450POL","450CGS"
"NM","New Mexico","2003","OW","The Tax Burden on Tobacco","Cigarette Sales","20,558,788","$","Dollars","POINT (-106.240580985 34.520880952)","Table 12- Orzechowski and Walker, Tax Burden on Tobacco","POL","450POL","450CGS"
"NY","New York","2003","OW","The Tax Burden on Tobacco","Cigarette Sales","1,015,809,692","$","Dollars","POINT (-75.543970427 42.827001032)","Table 12- Orzechowski and Walker, Tax Burden on Tobacco","POL","450POL","450CGS"
"NC","North Carolina","2003","OW","The Tax Burden on Tobacco","Cigarette Sales","40,313,704","$","Dollars","POINT (-79.159250463 35.466220975)","Table 12- Orzechowski and Walker, Tax Burden on Tobacco","POL","450POL","450CGS"
"ND","North Dakota","2003","OW","The Tax Burden on Tobacco","Cigarette Sales","18,345,620","$","Dollars","POINT (-100.118421049 47.475319779)","Table 12- Orzechowski and Walker, Tax Burden on Tobacco","POL","450POL","450CGS"
"OH","Ohio","2003","OW","The Tax Burden on Tobacco","Cigarette Sales","548,764,842","$","Dollars","POINT (-82.404260056 40.060210141)","Table 12- Orzechowski and Walker, Tax Burden on Tobacco","POL","450POL","450CGS"
"OK","Oklahoma","2003","OW","The Tax Burden on Tobacco","Cigarette Sales","58,909,612","$","Dollars","POINT (-97.521070214 35.472031356)","Table 12- Orzechowski and Walker, Tax Burden on Tobacco","POL","450POL","450CGS"
"OR","Oregon","2003","OW","The Tax Burden on Tobacco","Cigarette Sales","224,181,658","$","Dollars","POINT (-120.155031326 44.567449424)","Table 12- Orzechowski and Walker, Tax Burden on Tobacco","POL","450POL","450CGS"
"PA","Pennsylvania","2003","OW","The Tax Burden on Tobacco","Cigarette Sales","887,864,000","$","Dollars","POINT (-77.860700294 40.793730152)","Table 12- Orzechowski and Walker, Tax Burden on Tobacco","POL","450POL","450CGS"
"RI","Rhode Island","2003","OW","The Tax Burden on Tobacco","Cigarette Sales","94,002,000","$","Dollars","POINT (-71.522470314 41.708280193)","Table 12- Orzechowski and Walker, Tax Burden on Tobacco","POL","450POL","450CGS"
"SC","South Carolina","2003","OW","The Tax Burden on Tobacco","Cigarette Sales","25,843,905","$","Dollars","POINT (-81.045371207 33.998821303)","Table 12- Orzechowski and Walker, Tax Burden on Tobacco","POL","450POL","450CGS"
"SD","South Dakota","2003","OW","The Tax Burden on Tobacco","Cigarette Sales","21,669,573","$","Dollars","POINT (-100.373530637 44.353130053)","Table 12- Orzechowski and Walker, Tax Burden on Tobacco","POL","450POL","450CGS"
"TN","Tennessee","2003","OW","The Tax Burden on Tobacco","Cigarette Sales","107,041,135","$","Dollars","POINT (-85.774490914 35.68094058)","Table 12- Orzechowski and Walker, Tax Burden on Tobacco","POL","450POL","450CGS"
"TX","Texas","2003","OW","The Tax Burden on Tobacco","Cigarette Sales","490,718,568","$","Dollars","POINT (-99.426770206 31.827240407)","Table 12- Orzechowski and Walker, Tax Burden on Tobacco","POL","450POL","450CGS"
"UT","Utah","2003","OW","The Tax Burden on Tobacco","Cigarette Sales","57,529,796","$","Dollars","POINT (-111.587130635 39.360700171)","Table 12- Orzechowski and Walker, Tax Burden on Tobacco","POL","450POL","450CGS"
"VT","Vermont","2003","OW","The Tax Burden on Tobacco","Cigarette Sales","44,390,735","$","Dollars","POINT (-72.517640791 43.625381239)","Table 12- Orzechowski and Walker, Tax Burden on Tobacco","POL","450POL","450CGS"
"VA","Virginia","2003","OW","The Tax Burden on Tobacco","Cigarette Sales","17,157,000","$","Dollars","POINT (-78.457890463 37.542680674)","Table 12- Orzechowski and Walker, Tax Burden on Tobacco","POL","450POL","450CGS"
"WA","Washington","2003","OW","The Tax Burden on Tobacco","Cigarette Sales","337,777,964","$","Dollars","POINT (-120.47001079 47.522278629)","Table 12- Orzechowski and Walker, Tax Burden on Tobacco","POL","450POL","450CGS"
"WV","West Virginia","2003","OW","The Tax Burden on Tobacco","Cigarette Sales","44,987,757","$","Dollars","POINT (-80.712640135 38.665510202)","Table 12- Orzechowski and Walker, Tax Burden on Tobacco","POL","450POL","450CGS"
"WI","Wisconsin","2003","OW","The Tax Burden on Tobacco","Cigarette Sales","298,473,027","$","Dollars","POINT (-89.816370742 44.393191174)","Table 12- Orzechowski and Walker, Tax Burden on Tobacco","POL","450POL","450CGS"
"WY","Wyoming","2003","OW","The Tax Burden on Tobacco","Cigarette Sales","6,850,800","$","Dollars","POINT (-108.109830353 43.235541343)","Table 12- Orzechowski and Walker, Tax Burden on Tobacco","POL","450POL","450CGS"
"AL","Alabama","2002","OW","The Tax Burden on Tobacco","Cigarette Sales","62,450,667","$","Dollars","POINT (-86.631860762 32.840571122)","Table 12- Orzechowski and Walker, Tax Burden on Tobacco","POL","450POL","450CGS"
"AK","Alaska","2002","OW","The Tax Burden on Tobacco","Cigarette Sales","40,434,020","$","Dollars","POINT (-147.722059036 64.845079957001)","Table 12- Orzechowski and Walker, Tax Burden on Tobacco","POL","450POL","450CGS"
"AZ","Arizona","2002","OW","The Tax Burden on Tobacco","Cigarette Sales","160,155,700","$","Dollars","POINT (-111.763811277 34.86597028)","Table 12- Orzechowski and Walker, Tax Burden on Tobacco","POL","450POL","450CGS"
"AR","Arkansas","2002","OW","The Tax Burden on Tobacco","Cigarette Sales","79,846,771","$","Dollars","POINT (-92.274490743 34.748650124)","Table 12- Orzechowski and Walker, Tax Burden on Tobacco","POL","450POL","450CGS"
"CA","California","2002","OW","The Tax Burden on Tobacco","Cigarette Sales","1,074,322,864","$","Dollars","POINT (-120.999999538 37.638640123)","Table 12- Orzechowski and Walker, Tax Burden on Tobacco","POL","450POL","450CGS"
"CO","Colorado","2002","OW","The Tax Burden on Tobacco","Cigarette Sales","58,518,066","$","Dollars","POINT (-106.133610921 38.843840757)","Table 12- Orzechowski and Walker, Tax Burden on Tobacco","POL","450POL","450CGS"
"CT","Connecticut","2002","OW","The Tax Burden on Tobacco","Cigarette Sales","151,324,307","$","Dollars","POINT (-72.649840952 41.56266102)","Table 12- Orzechowski and Walker, Tax Burden on Tobacco","POL","450POL","450CGS"
"DE","Delaware","2002","OW","The Tax Burden on Tobacco","Cigarette Sales","27,218,880","$","Dollars","POINT (-75.577741168 39.008830667)","Table 12- Orzechowski and Walker, Tax Burden on Tobacco","POL","450POL","450CGS"
"DC","District of Columbia","2002","OW","The Tax Burden on Tobacco","Cigarette Sales","16,465,000","$","Dollars","POINT (-77.031961127 38.890371385)","Table 12- Orzechowski and Walker, Tax Burden on Tobacco","POL","450POL","450CGS"
"FL","Florida","2002","OW","The Tax Burden on Tobacco","Cigarette Sales","432,429,797","$","Dollars","POINT (-81.928960539 28.932040377)","Table 12- Orzechowski and Walker, Tax Burden on Tobacco","POL","450POL","450CGS"
"GA","Georgia","2002","OW","The Tax Burden on Tobacco","Cigarette Sales","79,538,401","$","Dollars","POINT (-83.627580346 32.839681093)","Table 12- Orzechowski and Walker, Tax Burden on Tobacco","POL","450POL","450CGS"
"HI","Hawaii","2002","OW","The Tax Burden on Tobacco","Cigarette Sales","62,609,477","$","Dollars","POINT (-157.857749403 21.304850435)","Table 12- Orzechowski and Walker, Tax Burden on Tobacco","POL","450POL","450CGS"
"ID","Idaho","2002","OW","The Tax Burden on Tobacco","Cigarette Sales","23,410,260","$","Dollars","POINT (-114.363730042 43.682630005)","Table 12- Orzechowski and Walker, Tax Burden on Tobacco","POL","450POL","450CGS"
"IL","Illinois","2002","OW","The Tax Burden on Tobacco","Cigarette Sales","471,550,800","$","Dollars","POINT (-88.997710178 40.485010283)","Table 12- Orzechowski and Walker, Tax Burden on Tobacco","POL","450POL","450CGS"
"IN","Indiana","2002","OW","The Tax Burden on Tobacco","Cigarette Sales","114,756,720","$","Dollars","POINT (-86.149960194 39.766910452)","Table 12- Orzechowski and Walker, Tax Burden on Tobacco","POL","450POL","450CGS"
"IA","Iowa","2002","OW","The Tax Burden on Tobacco","Cigarette Sales","89,794,591","$","Dollars","POINT (-93.816490556 42.469400913)","Table 12- Orzechowski and Walker, Tax Burden on Tobacco","POL","450POL","450CGS"
"KS","Kansas","2002","OW","The Tax Burden on Tobacco","Cigarette Sales","49,196,827","$","Dollars","POINT (-98.200781227 38.3477403)","Table 12- Orzechowski and Walker, Tax Burden on Tobacco","POL","450POL","450CGS"
"KY","Kentucky","2002","OW","The Tax Burden on Tobacco","Cigarette Sales","17,145,000","$","Dollars","POINT (-84.774971048 37.645970271)","Table 12- Orzechowski and Walker, Tax Burden on Tobacco","POL","450POL","450CGS"
"LA","Louisiana","2002","OW","The Tax Burden on Tobacco","Cigarette Sales","103,986,444","$","Dollars","POINT (-92.445680071 31.312660644)","Table 12- Orzechowski and Walker, Tax Burden on Tobacco","POL","450POL","450CGS"
"ME","Maine","2002","OW","The Tax Burden on Tobacco","Cigarette Sales","95,006,000","$","Dollars","POINT (-68.985031336 45.254228894001)","Table 12- Orzechowski and Walker, Tax Burden on Tobacco","POL","450POL","450CGS"
"MD","Maryland","2002","OW","The Tax Burden on Tobacco","Cigarette Sales","206,237,280","$","Dollars","POINT (-76.609260111 39.290580964)","Table 12- Orzechowski and Walker, Tax Burden on Tobacco","POL","450POL","450CGS"
"MA","Massachusetts","2002","OW","The Tax Burden on Tobacco","Cigarette Sales","270,128,197","$","Dollars","POINT (-72.082690675 42.27687047)","Table 12- Orzechowski and Walker, Tax Burden on Tobacco","POL","450POL","450CGS"
"MI","Michigan","2002","OW","The Tax Burden on Tobacco","Cigarette Sales","584,605,129","$","Dollars","POINT (-84.71439027 44.661319543001)","Table 12- Orzechowski and Walker, Tax Burden on Tobacco","POL","450POL","450CGS"
"MN","Minnesota","2002","OW","The Tax Burden on Tobacco","Cigarette Sales","169,427,723","$","Dollars","POINT (-94.794200503 46.355648736)","Table 12- Orzechowski and Walker, Tax Burden on Tobacco","POL","450POL","450CGS"
"MS","Mississippi","2002","OW","The Tax Burden on Tobacco","Cigarette Sales","47,071,164","$","Dollars","POINT (-89.538030825 32.745510099)","Table 12- Orzechowski and Walker, Tax Burden on Tobacco","POL","450POL","450CGS"
"MO","Missouri","2002","OW","The Tax Burden on Tobacco","Cigarette Sales","94,890,000","$","Dollars","POINT (-92.566300053 38.635790776)","Table 12- Orzechowski and Walker, Tax Burden on Tobacco","POL","450POL","450CGS"
"MT","Montana","2002","OW","The Tax Burden on Tobacco","Cigarette Sales","12,120,167","$","Dollars","POINT (-109.424420645 47.066528972)","Table 12- Orzechowski and Walker, Tax Burden on Tobacco","POL","450POL","450CGS"
"NE","Nebraska","2002","OW","The Tax Burden on Tobacco","Cigarette Sales","45,028,920","$","Dollars","POINT (-99.365720623 41.641040988001)","Table 12- Orzechowski and Walker, Tax Burden on Tobacco","POL","450POL","450CGS"
"NV","Nevada","2002","OW","The Tax Burden on Tobacco","Cigarette Sales","60,595,972","$","Dollars","POINT (-117.071840564 39.49324039)","Table 12- Orzechowski and Walker, Tax Burden on Tobacco","POL","450POL","450CGS"
"NH","New Hampshire","2002","OW","The Tax Burden on Tobacco","Cigarette Sales","86,158,800","$","Dollars","POINT (-71.50036092 43.655950113)","Table 12- Orzechowski and Walker, Tax Burden on Tobacco","POL","450POL","450CGS"
"NJ","New Jersey","2002","OW","The Tax Burden on Tobacco","Cigarette Sales","396,183,400","$","Dollars","POINT (-74.273691288 40.130570048)","Table 12- Orzechowski and Walker, Tax Burden on Tobacco","POL","450POL","450CGS"
"NM","New Mexico","2002","OW","The Tax Burden on Tobacco","Cigarette Sales","20,050,649","$","Dollars","POINT (-106.240580985 34.520880952)","Table 12- Orzechowski and Walker, Tax Burden on Tobacco","POL","450POL","450CGS"
"NY","New York","2002","OW","The Tax Burden on Tobacco","Cigarette Sales","1,066,093,134","$","Dollars","POINT (-75.543970427 42.827001032)","Table 12- Orzechowski and Walker, Tax Burden on Tobacco","POL","450POL","450CGS"
"NC","North Carolina","2002","OW","The Tax Burden on Tobacco","Cigarette Sales","40,328,354","$","Dollars","POINT (-79.159250463 35.466220975)","Table 12- Orzechowski and Walker, Tax Burden on Tobacco","POL","450POL","450CGS"
"ND","North Dakota","2002","OW","The Tax Burden on Tobacco","Cigarette Sales","19,117,534","$","Dollars","POINT (-100.118421049 47.475319779)","Table 12- Orzechowski and Walker, Tax Burden on Tobacco","POL","450POL","450CGS"
"OH","Ohio","2002","OW","The Tax Burden on Tobacco","Cigarette Sales","264,300,240","$","Dollars","POINT (-82.404260056 40.060210141)","Table 12- Orzechowski and Walker, Tax Burden on Tobacco","POL","450POL","450CGS"
"OK","Oklahoma","2002","OW","The Tax Burden on Tobacco","Cigarette Sales","59,280,703","$","Dollars","POINT (-97.521070214 35.472031356)","Table 12- Orzechowski and Walker, Tax Burden on Tobacco","POL","450POL","450CGS"
"OR","Oregon","2002","OW","The Tax Burden on Tobacco","Cigarette Sales","157,306,730","$","Dollars","POINT (-120.155031326 44.567449424)","Table 12- Orzechowski and Walker, Tax Burden on Tobacco","POL","450POL","450CGS"
"PA","Pennsylvania","2002","OW","The Tax Burden on Tobacco","Cigarette Sales","331,645,000","$","Dollars","POINT (-77.860700294 40.793730152)","Table 12- Orzechowski and Walker, Tax Burden on Tobacco","POL","450POL","450CGS"
"RI","Rhode Island","2002","OW","The Tax Burden on Tobacco","Cigarette Sales","79,064,459","$","Dollars","POINT (-71.522470314 41.708280193)","Table 12- Orzechowski and Walker, Tax Burden on Tobacco","POL","450POL","450CGS"
"SC","South Carolina","2002","OW","The Tax Burden on Tobacco","Cigarette Sales","26,350,424","$","Dollars","POINT (-81.045371207 33.998821303)","Table 12- Orzechowski and Walker, Tax Burden on Tobacco","POL","450POL","450CGS"
"SD","South Dakota","2002","OW","The Tax Burden on Tobacco","Cigarette Sales","18,837,516","$","Dollars","POINT (-100.373530637 44.353130053)","Table 12- Orzechowski and Walker, Tax Burden on Tobacco","POL","450POL","450CGS"
"TN","Tennessee","2002","OW","The Tax Burden on Tobacco","Cigarette Sales","77,116,917","$","Dollars","POINT (-85.774490914 35.68094058)","Table 12- Orzechowski and Walker, Tax Burden on Tobacco","POL","450POL","450CGS"
"TX","Texas","2002","OW","The Tax Burden on Tobacco","Cigarette Sales","512,895,687","$","Dollars","POINT (-99.426770206 31.827240407)","Table 12- Orzechowski and Walker, Tax Burden on Tobacco","POL","450POL","450CGS"
"UT","Utah","2002","OW","The Tax Burden on Tobacco","Cigarette Sales","47,442,128","$","Dollars","POINT (-111.587130635 39.360700171)","Table 12- Orzechowski and Walker, Tax Burden on Tobacco","POL","450POL","450CGS"
"VT","Vermont","2002","OW","The Tax Burden on Tobacco","Cigarette Sales","25,084,291","$","Dollars","POINT (-72.517640791 43.625381239)","Table 12- Orzechowski and Walker, Tax Burden on Tobacco","POL","450POL","450CGS"
"VA","Virginia","2002","OW","The Tax Burden on Tobacco","Cigarette Sales","16,554,000","$","Dollars","POINT (-78.457890463 37.542680674)","Table 12- Orzechowski and Walker, Tax Burden on Tobacco","POL","450POL","450CGS"
"WA","Washington","2002","OW","The Tax Burden on Tobacco","Cigarette Sales","307,700,759","$","Dollars","POINT (-120.47001079 47.522278629)","Table 12- Orzechowski and Walker, Tax Burden on Tobacco","POL","450POL","450CGS"
"WV","West Virginia","2002","OW","The Tax Burden on Tobacco","Cigarette Sales","33,921,851","$","Dollars","POINT (-80.712640135 38.665510202)","Table 12- Orzechowski and Walker, Tax Burden on Tobacco","POL","450POL","450CGS"
"WI","Wisconsin","2002","OW","The Tax Burden on Tobacco","Cigarette Sales","293,464,555","$","Dollars","POINT (-89.816370742 44.393191174)","Table 12- Orzechowski and Walker, Tax Burden on Tobacco","POL","450POL","450CGS"
"WY","Wyoming","2002","OW","The Tax Burden on Tobacco","Cigarette Sales","5,369,365","$","Dollars","POINT (-108.109830353 43.235541343)","Table 12- Orzechowski and Walker, Tax Burden on Tobacco","POL","450POL","450CGS"
"AL","Alabama","2001","OW","The Tax Burden on Tobacco","Cigarette Sales","66,373,279","$","Dollars","POINT (-86.631860762 32.840571122)","Table 12- Orzechowski and Walker, Tax Burden on Tobacco","POL","450POL","450CGS"
"AK","Alaska","2001","OW","The Tax Burden on Tobacco","Cigarette Sales","40,893,899","$","Dollars","POINT (-147.722059036 64.845079957001)","Table 12- Orzechowski and Walker, Tax Burden on Tobacco","POL","450POL","450CGS"
"AZ","Arizona","2001","OW","The Tax Burden on Tobacco","Cigarette Sales","160,870,757","$","Dollars","POINT (-111.763811277 34.86597028)","Table 12- Orzechowski and Walker, Tax Burden on Tobacco","POL","450POL","450CGS"
"AR","Arkansas","2001","OW","The Tax Burden on Tobacco","Cigarette Sales","85,619,768","$","Dollars","POINT (-92.274490743 34.748650124)","Table 12- Orzechowski and Walker, Tax Burden on Tobacco","POL","450POL","450CGS"
"CA","California","2001","OW","The Tax Burden on Tobacco","Cigarette Sales","1,120,194,150","$","Dollars","POINT (-120.999999538 37.638640123)","Table 12- Orzechowski and Walker, Tax Burden on Tobacco","POL","450POL","450CGS"
"CO","Colorado","2001","OW","The Tax Burden on Tobacco","Cigarette Sales","60,567,252","$","Dollars","POINT (-106.133610921 38.843840757)","Table 12- Orzechowski and Walker, Tax Burden on Tobacco","POL","450POL","450CGS"
"CT","Connecticut","2001","OW","The Tax Burden on Tobacco","Cigarette Sales","117,001,000","$","Dollars","POINT (-72.649840952 41.56266102)","Table 12- Orzechowski and Walker, Tax Burden on Tobacco","POL","450POL","450CGS"
"DE","Delaware","2001","OW","The Tax Burden on Tobacco","Cigarette Sales","26,588,160","$","Dollars","POINT (-75.577741168 39.008830667)","Table 12- Orzechowski and Walker, Tax Burden on Tobacco","POL","450POL","450CGS"
"DC","District of Columbia","2001","OW","The Tax Burden on Tobacco","Cigarette Sales","16,329,000","$","Dollars","POINT (-77.031961127 38.890371385)","Table 12- Orzechowski and Walker, Tax Burden on Tobacco","POL","450POL","450CGS"
"FL","Florida","2001","OW","The Tax Burden on Tobacco","Cigarette Sales","425,732,302","$","Dollars","POINT (-81.928960539 28.932040377)","Table 12- Orzechowski and Walker, Tax Burden on Tobacco","POL","450POL","450CGS"
"GA","Georgia","2001","OW","The Tax Burden on Tobacco","Cigarette Sales","83,450,171","$","Dollars","POINT (-83.627580346 32.839681093)","Table 12- Orzechowski and Walker, Tax Burden on Tobacco","POL","450POL","450CGS"
"HI","Hawaii","2001","OW","The Tax Burden on Tobacco","Cigarette Sales","51,825,093","$","Dollars","POINT (-157.857749403 21.304850435)","Table 12- Orzechowski and Walker, Tax Burden on Tobacco","POL","450POL","450CGS"
"ID","Idaho","2001","OW","The Tax Burden on Tobacco","Cigarette Sales","24,152,461","$","Dollars","POINT (-114.363730042 43.682630005)","Table 12- Orzechowski and Walker, Tax Burden on Tobacco","POL","450POL","450CGS"
"IL","Illinois","2001","OW","The Tax Burden on Tobacco","Cigarette Sales","477,579,348","$","Dollars","POINT (-88.997710178 40.485010283)","Table 12- Orzechowski and Walker, Tax Burden on Tobacco","POL","450POL","450CGS"
"IN","Indiana","2001","OW","The Tax Burden on Tobacco","Cigarette Sales","114,381,404","$","Dollars","POINT (-86.149960194 39.766910452)","Table 12- Orzechowski and Walker, Tax Burden on Tobacco","POL","450POL","450CGS"
"IA","Iowa","2001","OW","The Tax Burden on Tobacco","Cigarette Sales","91,235,012","$","Dollars","POINT (-93.816490556 42.469400913)","Table 12- Orzechowski and Walker, Tax Burden on Tobacco","POL","450POL","450CGS"
"KS","Kansas","2001","OW","The Tax Burden on Tobacco","Cigarette Sales","50,144,482","$","Dollars","POINT (-98.200781227 38.3477403)","Table 12- Orzechowski and Walker, Tax Burden on Tobacco","POL","450POL","450CGS"
"KY","Kentucky","2001","OW","The Tax Burden on Tobacco","Cigarette Sales","18,504,000","$","Dollars","POINT (-84.774971048 37.645970271)","Table 12- Orzechowski and Walker, Tax Burden on Tobacco","POL","450POL","450CGS"
"LA","Louisiana","2001","OW","The Tax Burden on Tobacco","Cigarette Sales","83,853,634","$","Dollars","POINT (-92.445680071 31.312660644)","Table 12- Orzechowski and Walker, Tax Burden on Tobacco","POL","450POL","450CGS"
"ME","Maine","2001","OW","The Tax Burden on Tobacco","Cigarette Sales","76,330,900","$","Dollars","POINT (-68.985031336 45.254228894001)","Table 12- Orzechowski and Walker, Tax Burden on Tobacco","POL","450POL","450CGS"
"MD","Maryland","2001","OW","The Tax Burden on Tobacco","Cigarette Sales","203,187,501","$","Dollars","POINT (-76.609260111 39.290580964)","Table 12- Orzechowski and Walker, Tax Burden on Tobacco","POL","450POL","450CGS"
"MA","Massachusetts","2001","OW","The Tax Burden on Tobacco","Cigarette Sales","264,047,565","$","Dollars","POINT (-72.082690675 42.27687047)","Table 12- Orzechowski and Walker, Tax Burden on Tobacco","POL","450POL","450CGS"
"MI","Michigan","2001","OW","The Tax Burden on Tobacco","Cigarette Sales","590,401,079","$","Dollars","POINT (-84.71439027 44.661319543001)","Table 12- Orzechowski and Walker, Tax Burden on Tobacco","POL","450POL","450CGS"
"MN","Minnesota","2001","OW","The Tax Burden on Tobacco","Cigarette Sales","176,417,568","$","Dollars","POINT (-94.794200503 46.355648736)","Table 12- Orzechowski and Walker, Tax Burden on Tobacco","POL","450POL","450CGS"
"MS","Mississippi","2001","OW","The Tax Burden on Tobacco","Cigarette Sales","48,067,271","$","Dollars","POINT (-89.538030825 32.745510099)","Table 12- Orzechowski and Walker, Tax Burden on Tobacco","POL","450POL","450CGS"
"MO","Missouri","2001","OW","The Tax Burden on Tobacco","Cigarette Sales","102,503,359","$","Dollars","POINT (-92.566300053 38.635790776)","Table 12- Orzechowski and Walker, Tax Burden on Tobacco","POL","450POL","450CGS"
"MT","Montana","2001","OW","The Tax Burden on Tobacco","Cigarette Sales","12,151,610","$","Dollars","POINT (-109.424420645 47.066528972)","Table 12- Orzechowski and Walker, Tax Burden on Tobacco","POL","450POL","450CGS"
"NE","Nebraska","2001","OW","The Tax Burden on Tobacco","Cigarette Sales","40,607,220","$","Dollars","POINT (-99.365720623 41.641040988001)","Table 12- Orzechowski and Walker, Tax Burden on Tobacco","POL","450POL","450CGS"
"NV","Nevada","2001","OW","The Tax Burden on Tobacco","Cigarette Sales","63,398,000","$","Dollars","POINT (-117.071840564 39.49324039)","Table 12- Orzechowski and Walker, Tax Burden on Tobacco","POL","450POL","450CGS"
"NH","New Hampshire","2001","OW","The Tax Burden on Tobacco","Cigarette Sales","87,461,400","$","Dollars","POINT (-71.50036092 43.655950113)","Table 12- Orzechowski and Walker, Tax Burden on Tobacco","POL","450POL","450CGS"
"NJ","New Jersey","2001","OW","The Tax Burden on Tobacco","Cigarette Sales","388,675,200","$","Dollars","POINT (-74.273691288 40.130570048)","Table 12- Orzechowski and Walker, Tax Burden on Tobacco","POL","450POL","450CGS"
"NM","New Mexico","2001","OW","The Tax Burden on Tobacco","Cigarette Sales","20,521,817","$","Dollars","POINT (-106.240580985 34.520880952)","Table 12- Orzechowski and Walker, Tax Burden on Tobacco","POL","450POL","450CGS"
"NY","New York","2001","OW","The Tax Burden on Tobacco","Cigarette Sales","1,014,362,644","$","Dollars","POINT (-75.543970427 42.827001032)","Table 12- Orzechowski and Walker, Tax Burden on Tobacco","POL","450POL","450CGS"
"NC","North Carolina","2001","OW","The Tax Burden on Tobacco","Cigarette Sales","40,309,132","$","Dollars","POINT (-79.159250463 35.466220975)","Table 12- Orzechowski and Walker, Tax Burden on Tobacco","POL","450POL","450CGS"
"ND","North Dakota","2001","OW","The Tax Burden on Tobacco","Cigarette Sales","19,799,840","$","Dollars","POINT (-100.118421049 47.475319779)","Table 12- Orzechowski and Walker, Tax Burden on Tobacco","POL","450POL","450CGS"
"OH","Ohio","2001","OW","The Tax Burden on Tobacco","Cigarette Sales","272,598,343","$","Dollars","POINT (-82.404260056 40.060210141)","Table 12- Orzechowski and Walker, Tax Burden on Tobacco","POL","450POL","450CGS"
"OK","Oklahoma","2001","OW","The Tax Burden on Tobacco","Cigarette Sales","63,695,786","$","Dollars","POINT (-97.521070214 35.472031356)","Table 12- Orzechowski and Walker, Tax Burden on Tobacco","POL","450POL","450CGS"
"OR","Oregon","2001","OW","The Tax Burden on Tobacco","Cigarette Sales","159,576,430","$","Dollars","POINT (-120.155031326 44.567449424)","Table 12- Orzechowski and Walker, Tax Burden on Tobacco","POL","450POL","450CGS"
"PA","Pennsylvania","2001","OW","The Tax Burden on Tobacco","Cigarette Sales","330,462,000","$","Dollars","POINT (-77.860700294 40.793730152)","Table 12- Orzechowski and Walker, Tax Burden on Tobacco","POL","450POL","450CGS"
"RI","Rhode Island","2001","OW","The Tax Burden on Tobacco","Cigarette Sales","59,143,893","$","Dollars","POINT (-71.522470314 41.708280193)","Table 12- Orzechowski and Walker, Tax Burden on Tobacco","POL","450POL","450CGS"
"SC","South Carolina","2001","OW","The Tax Burden on Tobacco","Cigarette Sales","25,772,858","$","Dollars","POINT (-81.045371207 33.998821303)","Table 12- Orzechowski and Walker, Tax Burden on Tobacco","POL","450POL","450CGS"
"SD","South Dakota","2001","OW","The Tax Burden on Tobacco","Cigarette Sales","19,452,005","$","Dollars","POINT (-100.373530637 44.353130053)","Table 12- Orzechowski and Walker, Tax Burden on Tobacco","POL","450POL","450CGS"
"TN","Tennessee","2001","OW","The Tax Burden on Tobacco","Cigarette Sales","76,010,568","$","Dollars","POINT (-85.774490914 35.68094058)","Table 12- Orzechowski and Walker, Tax Burden on Tobacco","POL","450POL","450CGS"
"TX","Texas","2001","OW","The Tax Burden on Tobacco","Cigarette Sales","495,713,837","$","Dollars","POINT (-99.426770206 31.827240407)","Table 12- Orzechowski and Walker, Tax Burden on Tobacco","POL","450POL","450CGS"
"UT","Utah","2001","OW","The Tax Burden on Tobacco","Cigarette Sales","44,467,980","$","Dollars","POINT (-111.587130635 39.360700171)","Table 12- Orzechowski and Walker, Tax Burden on Tobacco","POL","450POL","450CGS"
"VT","Vermont","2001","OW","The Tax Burden on Tobacco","Cigarette Sales","25,256,106","$","Dollars","POINT (-72.517640791 43.625381239)","Table 12- Orzechowski and Walker, Tax Burden on Tobacco","POL","450POL","450CGS"
"VA","Virginia","2001","OW","The Tax Burden on Tobacco","Cigarette Sales","16,680,000","$","Dollars","POINT (-78.457890463 37.542680674)","Table 12- Orzechowski and Walker, Tax Burden on Tobacco","POL","450POL","450CGS"
"WA","Washington","2001","OW","The Tax Burden on Tobacco","Cigarette Sales","237,887,088","$","Dollars","POINT (-120.47001079 47.522278629)","Table 12- Orzechowski and Walker, Tax Burden on Tobacco","POL","450POL","450CGS"
"WV","West Virginia","2001","OW","The Tax Burden on Tobacco","Cigarette Sales","33,480,000","$","Dollars","POINT (-80.712640135 38.665510202)","Table 12- Orzechowski and Walker, Tax Burden on Tobacco","POL","450POL","450CGS"
"WI","Wisconsin","2001","OW","The Tax Burden on Tobacco","Cigarette Sales","247,471,780","$","Dollars","POINT (-89.816370742 44.393191174)","Table 12- Orzechowski and Walker, Tax Burden on Tobacco","POL","450POL","450CGS"
"WY","Wyoming","2001","OW","The Tax Burden on Tobacco","Cigarette Sales","5,507,400","$","Dollars","POINT (-108.109830353 43.235541343)","Table 12- Orzechowski and Walker, Tax Burden on Tobacco","POL","450POL","450CGS"
"AL","Alabama","2000","OW","The Tax Burden on Tobacco","Cigarette Sales","70,664,938","$","Dollars","POINT (-86.631860762 32.840571122)","Table 12- Orzechowski and Walker, Tax Burden on Tobacco","POL","450POL","450CGS"
"AK","Alaska","2000","OW","The Tax Burden on Tobacco","Cigarette Sales","43,091,506","$","Dollars","POINT (-147.722059036 64.845079957001)","Table 12- Orzechowski and Walker, Tax Burden on Tobacco","POL","450POL","450CGS"
"AZ","Arizona","2000","OW","The Tax Burden on Tobacco","Cigarette Sales","162,795,250","$","Dollars","POINT (-111.763811277 34.86597028)","Table 12- Orzechowski and Walker, Tax Burden on Tobacco","POL","450POL","450CGS"
"AR","Arkansas","2000","OW","The Tax Burden on Tobacco","Cigarette Sales","82,409,447","$","Dollars","POINT (-92.274490743 34.748650124)","Table 12- Orzechowski and Walker, Tax Burden on Tobacco","POL","450POL","450CGS"
"CA","California","2000","OW","The Tax Burden on Tobacco","Cigarette Sales","1,176,859,405","$","Dollars","POINT (-120.999999538 37.638640123)","Table 12- Orzechowski and Walker, Tax Burden on Tobacco","POL","450POL","450CGS"
"CO","Colorado","2000","OW","The Tax Burden on Tobacco","Cigarette Sales","60,818,207","$","Dollars","POINT (-106.133610921 38.843840757)","Table 12- Orzechowski and Walker, Tax Burden on Tobacco","POL","450POL","450CGS"
"CT","Connecticut","2000","OW","The Tax Burden on Tobacco","Cigarette Sales","117,215,187","$","Dollars","POINT (-72.649840952 41.56266102)","Table 12- Orzechowski and Walker, Tax Burden on Tobacco","POL","450POL","450CGS"
"DE","Delaware","2000","OW","The Tax Burden on Tobacco","Cigarette Sales","25,956,720","$","Dollars","POINT (-75.577741168 39.008830667)","Table 12- Orzechowski and Walker, Tax Burden on Tobacco","POL","450POL","450CGS"
"DC","District of Columbia","2000","OW","The Tax Burden on Tobacco","Cigarette Sales","17,050,000","$","Dollars","POINT (-77.031961127 38.890371385)","Table 12- Orzechowski and Walker, Tax Burden on Tobacco","POL","450POL","450CGS"
"FL","Florida","2000","OW","The Tax Burden on Tobacco","Cigarette Sales","426,268,878","$","Dollars","POINT (-81.928960539 28.932040377)","Table 12- Orzechowski and Walker, Tax Burden on Tobacco","POL","450POL","450CGS"
"GA","Georgia","2000","OW","The Tax Burden on Tobacco","Cigarette Sales","84,389,385","$","Dollars","POINT (-83.627580346 32.839681093)","Table 12- Orzechowski and Walker, Tax Burden on Tobacco","POL","450POL","450CGS"
"HI","Hawaii","2000","OW","The Tax Burden on Tobacco","Cigarette Sales","40,049,538","$","Dollars","POINT (-157.857749403 21.304850435)","Table 12- Orzechowski and Walker, Tax Burden on Tobacco","POL","450POL","450CGS"
"ID","Idaho","2000","OW","The Tax Burden on Tobacco","Cigarette Sales","25,249,502","$","Dollars","POINT (-114.363730042 43.682630005)","Table 12- Orzechowski and Walker, Tax Burden on Tobacco","POL","450POL","450CGS"
"IL","Illinois","2000","OW","The Tax Burden on Tobacco","Cigarette Sales","485,040,692","$","Dollars","POINT (-88.997710178 40.485010283)","Table 12- Orzechowski and Walker, Tax Burden on Tobacco","POL","450POL","450CGS"
"IN","Indiana","2000","OW","The Tax Burden on Tobacco","Cigarette Sales","117,604,267","$","Dollars","POINT (-86.149960194 39.766910452)","Table 12- Orzechowski and Walker, Tax Burden on Tobacco","POL","450POL","450CGS"
"IA","Iowa","2000","OW","The Tax Burden on Tobacco","Cigarette Sales","92,817,112","$","Dollars","POINT (-93.816490556 42.469400913)","Table 12- Orzechowski and Walker, Tax Burden on Tobacco","POL","450POL","450CGS"
"KS","Kansas","2000","OW","The Tax Burden on Tobacco","Cigarette Sales","50,886,541","$","Dollars","POINT (-98.200781227 38.3477403)","Table 12- Orzechowski and Walker, Tax Burden on Tobacco","POL","450POL","450CGS"
"KY","Kentucky","2000","OW","The Tax Burden on Tobacco","Cigarette Sales","18,724,000","$","Dollars","POINT (-84.774971048 37.645970271)","Table 12- Orzechowski and Walker, Tax Burden on Tobacco","POL","450POL","450CGS"
"LA","Louisiana","2000","OW","The Tax Burden on Tobacco","Cigarette Sales","92,298,895","$","Dollars","POINT (-92.445680071 31.312660644)","Table 12- Orzechowski and Walker, Tax Burden on Tobacco","POL","450POL","450CGS"
"ME","Maine","2000","OW","The Tax Burden on Tobacco","Cigarette Sales","77,234,890","$","Dollars","POINT (-68.985031336 45.254228894001)","Table 12- Orzechowski and Walker, Tax Burden on Tobacco","POL","450POL","450CGS"
"MD","Maryland","2000","OW","The Tax Burden on Tobacco","Cigarette Sales","200,760,000","$","Dollars","POINT (-76.609260111 39.290580964)","Table 12- Orzechowski and Walker, Tax Burden on Tobacco","POL","450POL","450CGS"
"MA","Massachusetts","2000","OW","The Tax Burden on Tobacco","Cigarette Sales","274,467,097","$","Dollars","POINT (-72.082690675 42.27687047)","Table 12- Orzechowski and Walker, Tax Burden on Tobacco","POL","450POL","450CGS"
"MI","Michigan","2000","OW","The Tax Burden on Tobacco","Cigarette Sales","601,779,870","$","Dollars","POINT (-84.71439027 44.661319543001)","Table 12- Orzechowski and Walker, Tax Burden on Tobacco","POL","450POL","450CGS"
"MN","Minnesota","2000","OW","The Tax Burden on Tobacco","Cigarette Sales","177,261,843","$","Dollars","POINT (-94.794200503 46.355648736)","Table 12- Orzechowski and Walker, Tax Burden on Tobacco","POL","450POL","450CGS"
"MS","Mississippi","2000","OW","The Tax Burden on Tobacco","Cigarette Sales","49,247,468","$","Dollars","POINT (-89.538030825 32.745510099)","Table 12- Orzechowski and Walker, Tax Burden on Tobacco","POL","450POL","450CGS"
"MO","Missouri","2000","OW","The Tax Burden on Tobacco","Cigarette Sales","107,168,770","$","Dollars","POINT (-92.566300053 38.635790776)","Table 12- Orzechowski and Walker, Tax Burden on Tobacco","POL","450POL","450CGS"
"MT","Montana","2000","OW","The Tax Burden on Tobacco","Cigarette Sales","12,441,859","$","Dollars","POINT (-109.424420645 47.066528972)","Table 12- Orzechowski and Walker, Tax Burden on Tobacco","POL","450POL","450CGS"
"NE","Nebraska","2000","OW","The Tax Burden on Tobacco","Cigarette Sales","44,993,900","$","Dollars","POINT (-99.365720623 41.641040988001)","Table 12- Orzechowski and Walker, Tax Burden on Tobacco","POL","450POL","450CGS"
"NV","Nevada","2000","OW","The Tax Burden on Tobacco","Cigarette Sales","61,016,795","$","Dollars","POINT (-117.071840564 39.49324039)","Table 12- Orzechowski and Walker, Tax Burden on Tobacco","POL","450POL","450CGS"
"NH","New Hampshire","2000","OW","The Tax Burden on Tobacco","Cigarette Sales","93,587,673","$","Dollars","POINT (-71.50036092 43.655950113)","Table 12- Orzechowski and Walker, Tax Burden on Tobacco","POL","450POL","450CGS"
"NJ","New Jersey","2000","OW","The Tax Burden on Tobacco","Cigarette Sales","393,178,600","$","Dollars","POINT (-74.273691288 40.130570048)","Table 12- Orzechowski and Walker, Tax Burden on Tobacco","POL","450POL","450CGS"
"NM","New Mexico","2000","OW","The Tax Burden on Tobacco","Cigarette Sales","21,007,059","$","Dollars","POINT (-106.240580985 34.520880952)","Table 12- Orzechowski and Walker, Tax Burden on Tobacco","POL","450POL","450CGS"
"NY","New York","2000","OW","The Tax Burden on Tobacco","Cigarette Sales","738,115,241","$","Dollars","POINT (-75.543970427 42.827001032)","Table 12- Orzechowski and Walker, Tax Burden on Tobacco","POL","450POL","450CGS"
"NC","North Carolina","2000","OW","The Tax Burden on Tobacco","Cigarette Sales","42,378,037","$","Dollars","POINT (-79.159250463 35.466220975)","Table 12- Orzechowski and Walker, Tax Burden on Tobacco","POL","450POL","450CGS"
"ND","North Dakota","2000","OW","The Tax Burden on Tobacco","Cigarette Sales","21,132,140","$","Dollars","POINT (-100.118421049 47.475319779)","Table 12- Orzechowski and Walker, Tax Burden on Tobacco","POL","450POL","450CGS"
"OH","Ohio","2000","OW","The Tax Burden on Tobacco","Cigarette Sales","271,259,739","$","Dollars","POINT (-82.404260056 40.060210141)","Table 12- Orzechowski and Walker, Tax Burden on Tobacco","POL","450POL","450CGS"
"OK","Oklahoma","2000","OW","The Tax Burden on Tobacco","Cigarette Sales","63,926,361","$","Dollars","POINT (-97.521070214 35.472031356)","Table 12- Orzechowski and Walker, Tax Burden on Tobacco","POL","450POL","450CGS"
"OR","Oregon","2000","OW","The Tax Burden on Tobacco","Cigarette Sales","166,358,500","$","Dollars","POINT (-120.155031326 44.567449424)","Table 12- Orzechowski and Walker, Tax Burden on Tobacco","POL","450POL","450CGS"
"PA","Pennsylvania","2000","OW","The Tax Burden on Tobacco","Cigarette Sales","333,665,000","$","Dollars","POINT (-77.860700294 40.793730152)","Table 12- Orzechowski and Walker, Tax Burden on Tobacco","POL","450POL","450CGS"
"RI","Rhode Island","2000","OW","The Tax Burden on Tobacco","Cigarette Sales","58,788,277","$","Dollars","POINT (-71.522470314 41.708280193)","Table 12- Orzechowski and Walker, Tax Burden on Tobacco","POL","450POL","450CGS"
"SC","South Carolina","2000","OW","The Tax Burden on Tobacco","Cigarette Sales","28,077,000","$","Dollars","POINT (-81.045371207 33.998821303)","Table 12- Orzechowski and Walker, Tax Burden on Tobacco","POL","450POL","450CGS"
"SD","South Dakota","2000","OW","The Tax Burden on Tobacco","Cigarette Sales","19,251,084","$","Dollars","POINT (-100.373530637 44.353130053)","Table 12- Orzechowski and Walker, Tax Burden on Tobacco","POL","450POL","450CGS"
"TN","Tennessee","2000","OW","The Tax Burden on Tobacco","Cigarette Sales","79,981,161","$","Dollars","POINT (-85.774490914 35.68094058)","Table 12- Orzechowski and Walker, Tax Burden on Tobacco","POL","450POL","450CGS"
"TX","Texas","2000","OW","The Tax Burden on Tobacco","Cigarette Sales","536,877,386","$","Dollars","POINT (-99.426770206 31.827240407)","Table 12- Orzechowski and Walker, Tax Burden on Tobacco","POL","450POL","450CGS"
"UT","Utah","2000","OW","The Tax Burden on Tobacco","Cigarette Sales","46,235,015","$","Dollars","POINT (-111.587130635 39.360700171)","Table 12- Orzechowski and Walker, Tax Burden on Tobacco","POL","450POL","450CGS"
"VT","Vermont","2000","OW","The Tax Burden on Tobacco","Cigarette Sales","24,144,395","$","Dollars","POINT (-72.517640791 43.625381239)","Table 12- Orzechowski and Walker, Tax Burden on Tobacco","POL","450POL","450CGS"
"VA","Virginia","2000","OW","The Tax Burden on Tobacco","Cigarette Sales","16,918,000","$","Dollars","POINT (-78.457890463 37.542680674)","Table 12- Orzechowski and Walker, Tax Burden on Tobacco","POL","450POL","450CGS"
"WA","Washington","2000","OW","The Tax Burden on Tobacco","Cigarette Sales","254,769,877","$","Dollars","POINT (-120.47001079 47.522278629)","Table 12- Orzechowski and Walker, Tax Burden on Tobacco","POL","450POL","450CGS"
"WV","West Virginia","2000","OW","The Tax Burden on Tobacco","Cigarette Sales","33,766,000","$","Dollars","POINT (-80.712640135 38.665510202)","Table 12- Orzechowski and Walker, Tax Burden on Tobacco","POL","450POL","450CGS"
"WI","Wisconsin","2000","OW","The Tax Burden on Tobacco","Cigarette Sales","251,615,848","$","Dollars","POINT (-89.816370742 44.393191174)","Table 12- Orzechowski and Walker, Tax Burden on Tobacco","POL","450POL","450CGS"
"WY","Wyoming","2000","OW","The Tax Burden on Tobacco","Cigarette Sales","5,704,464","$","Dollars","POINT (-108.109830353 43.235541343)","Table 12- Orzechowski and Walker, Tax Burden on Tobacco","POL","450POL","450CGS"
"AL","Alabama","1999","OW","The Tax Burden on Tobacco","Cigarette Sales","71,844,367","$","Dollars","POINT (-86.631860762 32.840571122)","Table 12- Orzechowski and Walker, Tax Burden on Tobacco","POL","450POL","450CGS"
"AK","Alaska","1999","OW","The Tax Burden on Tobacco","Cigarette Sales","42,915,000","$","Dollars","POINT (-147.722059036 64.845079957001)","Table 12- Orzechowski and Walker, Tax Burden on Tobacco","POL","450POL","450CGS"
"AZ","Arizona","1999","OW","The Tax Burden on Tobacco","Cigarette Sales","166,481,637","$","Dollars","POINT (-111.763811277 34.86597028)","Table 12- Orzechowski and Walker, Tax Burden on Tobacco","POL","450POL","450CGS"
"AR","Arkansas","1999","OW","The Tax Burden on Tobacco","Cigarette Sales","83,303,347","$","Dollars","POINT (-92.274490743 34.748650124)","Table 12- Orzechowski and Walker, Tax Burden on Tobacco","POL","450POL","450CGS"
"CA","California","1999","OW","The Tax Burden on Tobacco","Cigarette Sales","849,117,471","$","Dollars","POINT (-120.999999538 37.638640123)","Table 12- Orzechowski and Walker, Tax Burden on Tobacco","POL","450POL","450CGS"
"CO","Colorado","1999","OW","The Tax Burden on Tobacco","Cigarette Sales","61,882,583","$","Dollars","POINT (-106.133610921 38.843840757)","Table 12- Orzechowski and Walker, Tax Burden on Tobacco","POL","450POL","450CGS"
"CT","Connecticut","1999","OW","The Tax Burden on Tobacco","Cigarette Sales","120,025,312","$","Dollars","POINT (-72.649840952 41.56266102)","Table 12- Orzechowski and Walker, Tax Burden on Tobacco","POL","450POL","450CGS"
"DE","Delaware","1999","OW","The Tax Burden on Tobacco","Cigarette Sales","24,551,400","$","Dollars","POINT (-75.577741168 39.008830667)","Table 12- Orzechowski and Walker, Tax Burden on Tobacco","POL","450POL","450CGS"
"DC","District of Columbia","1999","OW","The Tax Burden on Tobacco","Cigarette Sales","17,420,000","$","Dollars","POINT (-77.031961127 38.890371385)","Table 12- Orzechowski and Walker, Tax Burden on Tobacco","POL","450POL","450CGS"
"FL","Florida","1999","OW","The Tax Burden on Tobacco","Cigarette Sales","438,240,758","$","Dollars","POINT (-81.928960539 28.932040377)","Table 12- Orzechowski and Walker, Tax Burden on Tobacco","POL","450POL","450CGS"
"GA","Georgia","1999","OW","The Tax Burden on Tobacco","Cigarette Sales","87,120,120","$","Dollars","POINT (-83.627580346 32.839681093)","Table 12- Orzechowski and Walker, Tax Burden on Tobacco","POL","450POL","450CGS"
"HI","Hawaii","1999","OW","The Tax Burden on Tobacco","Cigarette Sales","38,864,791","$","Dollars","POINT (-157.857749403 21.304850435)","Table 12- Orzechowski and Walker, Tax Burden on Tobacco","POL","450POL","450CGS"
"ID","Idaho","1999","OW","The Tax Burden on Tobacco","Cigarette Sales","25,459,256","$","Dollars","POINT (-114.363730042 43.682630005)","Table 12- Orzechowski and Walker, Tax Burden on Tobacco","POL","450POL","450CGS"
"IL","Illinois","1999","OW","The Tax Burden on Tobacco","Cigarette Sales","493,297,147","$","Dollars","POINT (-88.997710178 40.485010283)","Table 12- Orzechowski and Walker, Tax Burden on Tobacco","POL","450POL","450CGS"
"IN","Indiana","1999","OW","The Tax Burden on Tobacco","Cigarette Sales","120,640,333","$","Dollars","POINT (-86.149960194 39.766910452)","Table 12- Orzechowski and Walker, Tax Burden on Tobacco","POL","450POL","450CGS"
"IA","Iowa","1999","OW","The Tax Burden on Tobacco","Cigarette Sales","94,166,860","$","Dollars","POINT (-93.816490556 42.469400913)","Table 12- Orzechowski and Walker, Tax Burden on Tobacco","POL","450POL","450CGS"
"KS","Kansas","1999","OW","The Tax Burden on Tobacco","Cigarette Sales","52,382,238","$","Dollars","POINT (-98.200781227 38.3477403)","Table 12- Orzechowski and Walker, Tax Burden on Tobacco","POL","450POL","450CGS"
"KY","Kentucky","1999","OW","The Tax Burden on Tobacco","Cigarette Sales","19,384,000","$","Dollars","POINT (-84.774971048 37.645970271)","Table 12- Orzechowski and Walker, Tax Burden on Tobacco","POL","450POL","450CGS"
"LA","Louisiana","1999","OW","The Tax Burden on Tobacco","Cigarette Sales","87,825,340","$","Dollars","POINT (-92.445680071 31.312660644)","Table 12- Orzechowski and Walker, Tax Burden on Tobacco","POL","450POL","450CGS"
"ME","Maine","1999","OW","The Tax Burden on Tobacco","Cigarette Sales","78,584,602","$","Dollars","POINT (-68.985031336 45.254228894001)","Table 12- Orzechowski and Walker, Tax Burden on Tobacco","POL","450POL","450CGS"
"MD","Maryland","1999","OW","The Tax Burden on Tobacco","Cigarette Sales","131,338,000","$","Dollars","POINT (-76.609260111 39.290580964)","Table 12- Orzechowski and Walker, Tax Burden on Tobacco","POL","450POL","450CGS"
"MA","Massachusetts","1999","OW","The Tax Burden on Tobacco","Cigarette Sales","280,663,934","$","Dollars","POINT (-72.082690675 42.27687047)","Table 12- Orzechowski and Walker, Tax Burden on Tobacco","POL","450POL","450CGS"
"MI","Michigan","1999","OW","The Tax Burden on Tobacco","Cigarette Sales","604,717,910","$","Dollars","POINT (-84.71439027 44.661319543001)","Table 12- Orzechowski and Walker, Tax Burden on Tobacco","POL","450POL","450CGS"
"MN","Minnesota","1999","OW","The Tax Burden on Tobacco","Cigarette Sales","181,654,621","$","Dollars","POINT (-94.794200503 46.355648736)","Table 12- Orzechowski and Walker, Tax Burden on Tobacco","POL","450POL","450CGS"
"MS","Mississippi","1999","OW","The Tax Burden on Tobacco","Cigarette Sales","51,089,722","$","Dollars","POINT (-89.538030825 32.745510099)","Table 12- Orzechowski and Walker, Tax Burden on Tobacco","POL","450POL","450CGS"
"MO","Missouri","1999","OW","The Tax Burden on Tobacco","Cigarette Sales","105,596,780","$","Dollars","POINT (-92.566300053 38.635790776)","Table 12- Orzechowski and Walker, Tax Burden on Tobacco","POL","450POL","450CGS"
"MT","Montana","1999","OW","The Tax Burden on Tobacco","Cigarette Sales","13,131,619","$","Dollars","POINT (-109.424420645 47.066528972)","Table 12- Orzechowski and Walker, Tax Burden on Tobacco","POL","450POL","450CGS"
"NE","Nebraska","1999","OW","The Tax Burden on Tobacco","Cigarette Sales","48,966,120","$","Dollars","POINT (-99.365720623 41.641040988001)","Table 12- Orzechowski and Walker, Tax Burden on Tobacco","POL","450POL","450CGS"
"NV","Nevada","1999","OW","The Tax Burden on Tobacco","Cigarette Sales","60,977,962","$","Dollars","POINT (-117.071840564 39.49324039)","Table 12- Orzechowski and Walker, Tax Burden on Tobacco","POL","450POL","450CGS"
"NH","New Hampshire","1999","OW","The Tax Burden on Tobacco","Cigarette Sales","72,034,018","$","Dollars","POINT (-71.50036092 43.655950113)","Table 12- Orzechowski and Walker, Tax Burden on Tobacco","POL","450POL","450CGS"
"NJ","New Jersey","1999","OW","The Tax Burden on Tobacco","Cigarette Sales","409,427,600","$","Dollars","POINT (-74.273691288 40.130570048)","Table 12- Orzechowski and Walker, Tax Burden on Tobacco","POL","450POL","450CGS"
"NM","New Mexico","1999","OW","The Tax Burden on Tobacco","Cigarette Sales","21,688,579","$","Dollars","POINT (-106.240580985 34.520880952)","Table 12- Orzechowski and Walker, Tax Burden on Tobacco","POL","450POL","450CGS"
"NY","New York","1999","OW","The Tax Burden on Tobacco","Cigarette Sales","642,200,452","$","Dollars","POINT (-75.543970427 42.827001032)","Table 12- Orzechowski and Walker, Tax Burden on Tobacco","POL","450POL","450CGS"
"NC","North Carolina","1999","OW","The Tax Burden on Tobacco","Cigarette Sales","41,991,034","$","Dollars","POINT (-79.159250463 35.466220975)","Table 12- Orzechowski and Walker, Tax Burden on Tobacco","POL","450POL","450CGS"
"ND","North Dakota","1999","OW","The Tax Burden on Tobacco","Cigarette Sales","21,059,175","$","Dollars","POINT (-100.118421049 47.475319779)","Table 12- Orzechowski and Walker, Tax Burden on Tobacco","POL","450POL","450CGS"
"OH","Ohio","1999","OW","The Tax Burden on Tobacco","Cigarette Sales","279,313,463","$","Dollars","POINT (-82.404260056 40.060210141)","Table 12- Orzechowski and Walker, Tax Burden on Tobacco","POL","450POL","450CGS"
"OK","Oklahoma","1999","OW","The Tax Burden on Tobacco","Cigarette Sales","66,796,658","$","Dollars","POINT (-97.521070214 35.472031356)","Table 12- Orzechowski and Walker, Tax Burden on Tobacco","POL","450POL","450CGS"
"OR","Oregon","1999","OW","The Tax Burden on Tobacco","Cigarette Sales","176,065,137","$","Dollars","POINT (-120.155031326 44.567449424)","Table 12- Orzechowski and Walker, Tax Burden on Tobacco","POL","450POL","450CGS"
"PA","Pennsylvania","1999","OW","The Tax Burden on Tobacco","Cigarette Sales","340,942,000","$","Dollars","POINT (-77.860700294 40.793730152)","Table 12- Orzechowski and Walker, Tax Burden on Tobacco","POL","450POL","450CGS"
"RI","Rhode Island","1999","OW","The Tax Burden on Tobacco","Cigarette Sales","60,925,100","$","Dollars","POINT (-71.522470314 41.708280193)","Table 12- Orzechowski and Walker, Tax Burden on Tobacco","POL","450POL","450CGS"
"SC","South Carolina","1999","OW","The Tax Burden on Tobacco","Cigarette Sales","28,554,305","$","Dollars","POINT (-81.045371207 33.998821303)","Table 12- Orzechowski and Walker, Tax Burden on Tobacco","POL","450POL","450CGS"
"SD","South Dakota","1999","OW","The Tax Burden on Tobacco","Cigarette Sales","20,327,478","$","Dollars","POINT (-100.373530637 44.353130053)","Table 12- Orzechowski and Walker, Tax Burden on Tobacco","POL","450POL","450CGS"
"TN","Tennessee","1999","OW","The Tax Burden on Tobacco","Cigarette Sales","80,688,000","$","Dollars","POINT (-85.774490914 35.68094058)","Table 12- Orzechowski and Walker, Tax Burden on Tobacco","POL","450POL","450CGS"
"TX","Texas","1999","OW","The Tax Burden on Tobacco","Cigarette Sales","539,935,144","$","Dollars","POINT (-99.426770206 31.827240407)","Table 12- Orzechowski and Walker, Tax Burden on Tobacco","POL","450POL","450CGS"
"UT","Utah","1999","OW","The Tax Burden on Tobacco","Cigarette Sales","47,440,834","$","Dollars","POINT (-111.587130635 39.360700171)","Table 12- Orzechowski and Walker, Tax Burden on Tobacco","POL","450POL","450CGS"
"VT","Vermont","1999","OW","The Tax Burden on Tobacco","Cigarette Sales","24,376,761","$","Dollars","POINT (-72.517640791 43.625381239)","Table 12- Orzechowski and Walker, Tax Burden on Tobacco","POL","450POL","450CGS"
"VA","Virginia","1999","OW","The Tax Burden on Tobacco","Cigarette Sales","17,195,000","$","Dollars","POINT (-78.457890463 37.542680674)","Table 12- Orzechowski and Walker, Tax Burden on Tobacco","POL","450POL","450CGS"
"WA","Washington","1999","OW","The Tax Burden on Tobacco","Cigarette Sales","253,428,006","$","Dollars","POINT (-120.47001079 47.522278629)","Table 12- Orzechowski and Walker, Tax Burden on Tobacco","POL","450POL","450CGS"
"WV","West Virginia","1999","OW","The Tax Burden on Tobacco","Cigarette Sales","34,713,000","$","Dollars","POINT (-80.712640135 38.665510202)","Table 12- Orzechowski and Walker, Tax Burden on Tobacco","POL","450POL","450CGS"
"WI","Wisconsin","1999","OW","The Tax Burden on Tobacco","Cigarette Sales","261,608,153","$","Dollars","POINT (-89.816370742 44.393191174)","Table 12- Orzechowski and Walker, Tax Burden on Tobacco","POL","450POL","450CGS"
"WY","Wyoming","1999","OW","The Tax Burden on Tobacco","Cigarette Sales","6,037,000","$","Dollars","POINT (-108.109830353 43.235541343)","Table 12- Orzechowski and Walker, Tax Burden on Tobacco","POL","450POL","450CGS"
"AL","Alabama","1998","OW","The Tax Burden on Tobacco","Cigarette Sales","74,878,439","$","Dollars","POINT (-86.631860762 32.840571122)","Table 12- Orzechowski and Walker, Tax Burden on Tobacco","POL","450POL","450CGS"
"AK","Alaska","1998","OW","The Tax Burden on Tobacco","Cigarette Sales","28,431,309","$","Dollars","POINT (-147.722059036 64.845079957001)","Table 12- Orzechowski and Walker, Tax Burden on Tobacco","POL","450POL","450CGS"
"AZ","Arizona","1998","OW","The Tax Burden on Tobacco","Cigarette Sales","169,626,199","$","Dollars","POINT (-111.763811277 34.86597028)","Table 12- Orzechowski and Walker, Tax Burden on Tobacco","POL","450POL","450CGS"
"AR","Arkansas","1998","OW","The Tax Burden on Tobacco","Cigarette Sales","86,593,871","$","Dollars","POINT (-92.274490743 34.748650124)","Table 12- Orzechowski and Walker, Tax Burden on Tobacco","POL","450POL","450CGS"
"CA","California","1998","OW","The Tax Burden on Tobacco","Cigarette Sales","617,309,414","$","Dollars","POINT (-120.999999538 37.638640123)","Table 12- Orzechowski and Walker, Tax Burden on Tobacco","POL","450POL","450CGS"
"CO","Colorado","1998","OW","The Tax Burden on Tobacco","Cigarette Sales","62,048,112","$","Dollars","POINT (-106.133610921 38.843840757)","Table 12- Orzechowski and Walker, Tax Burden on Tobacco","POL","450POL","450CGS"
"CT","Connecticut","1998","OW","The Tax Burden on Tobacco","Cigarette Sales","123,618,156","$","Dollars","POINT (-72.649840952 41.56266102)","Table 12- Orzechowski and Walker, Tax Burden on Tobacco","POL","450POL","450CGS"
"DE","Delaware","1998","OW","The Tax Burden on Tobacco","Cigarette Sales","23,095,680","$","Dollars","POINT (-75.577741168 39.008830667)","Table 12- Orzechowski and Walker, Tax Burden on Tobacco","POL","450POL","450CGS"
"DC","District of Columbia","1998","OW","The Tax Burden on Tobacco","Cigarette Sales","17,952,000","$","Dollars","POINT (-77.031961127 38.890371385)","Table 12- Orzechowski and Walker, Tax Burden on Tobacco","POL","450POL","450CGS"
"FL","Florida","1998","OW","The Tax Burden on Tobacco","Cigarette Sales","447,713,978","$","Dollars","POINT (-81.928960539 28.932040377)","Table 12- Orzechowski and Walker, Tax Burden on Tobacco","POL","450POL","450CGS"
"GA","Georgia","1998","OW","The Tax Burden on Tobacco","Cigarette Sales","88,635,996","$","Dollars","POINT (-83.627580346 32.839681093)","Table 12- Orzechowski and Walker, Tax Burden on Tobacco","POL","450POL","450CGS"
"HI","Hawaii","1998","OW","The Tax Burden on Tobacco","Cigarette Sales","32,418,023","$","Dollars","POINT (-157.857749403 21.304850435)","Table 12- Orzechowski and Walker, Tax Burden on Tobacco","POL","450POL","450CGS"
"ID","Idaho","1998","OW","The Tax Burden on Tobacco","Cigarette Sales","26,264,174","$","Dollars","POINT (-114.363730042 43.682630005)","Table 12- Orzechowski and Walker, Tax Burden on Tobacco","POL","450POL","450CGS"
"IL","Illinois","1998","OW","The Tax Burden on Tobacco","Cigarette Sales","464,445,911","$","Dollars","POINT (-88.997710178 40.485010283)","Table 12- Orzechowski and Walker, Tax Burden on Tobacco","POL","450POL","450CGS"
"IN","Indiana","1998","OW","The Tax Burden on Tobacco","Cigarette Sales","123,065,738","$","Dollars","POINT (-86.149960194 39.766910452)","Table 12- Orzechowski and Walker, Tax Burden on Tobacco","POL","450POL","450CGS"
"IA","Iowa","1998","OW","The Tax Burden on Tobacco","Cigarette Sales","96,484,950","$","Dollars","POINT (-93.816490556 42.469400913)","Table 12- Orzechowski and Walker, Tax Burden on Tobacco","POL","450POL","450CGS"
"KS","Kansas","1998","OW","The Tax Burden on Tobacco","Cigarette Sales","53,990,126","$","Dollars","POINT (-98.200781227 38.3477403)","Table 12- Orzechowski and Walker, Tax Burden on Tobacco","POL","450POL","450CGS"
"KY","Kentucky","1998","OW","The Tax Burden on Tobacco","Cigarette Sales","19,957,000","$","Dollars","POINT (-84.774971048 37.645970271)","Table 12- Orzechowski and Walker, Tax Burden on Tobacco","POL","450POL","450CGS"
"LA","Louisiana","1998","OW","The Tax Burden on Tobacco","Cigarette Sales","89,524,589","$","Dollars","POINT (-92.445680071 31.312660644)","Table 12- Orzechowski and Walker, Tax Burden on Tobacco","POL","450POL","450CGS"
"ME","Maine","1998","OW","The Tax Burden on Tobacco","Cigarette Sales","73,514,213","$","Dollars","POINT (-68.985031336 45.254228894001)","Table 12- Orzechowski and Walker, Tax Burden on Tobacco","POL","450POL","450CGS"
"MD","Maryland","1998","OW","The Tax Burden on Tobacco","Cigarette Sales","130,039,000","$","Dollars","POINT (-76.609260111 39.290580964)","Table 12- Orzechowski and Walker, Tax Burden on Tobacco","POL","450POL","450CGS"
"MA","Massachusetts","1998","OW","The Tax Burden on Tobacco","Cigarette Sales","294,234,047","$","Dollars","POINT (-72.082690675 42.27687047)","Table 12- Orzechowski and Walker, Tax Burden on Tobacco","POL","450POL","450CGS"
"MI","Michigan","1998","OW","The Tax Burden on Tobacco","Cigarette Sales","530,765,000","$","Dollars","POINT (-84.71439027 44.661319543001)","Table 12- Orzechowski and Walker, Tax Burden on Tobacco","POL","450POL","450CGS"
"MN","Minnesota","1998","OW","The Tax Burden on Tobacco","Cigarette Sales","184,434,120","$","Dollars","POINT (-94.794200503 46.355648736)","Table 12- Orzechowski and Walker, Tax Burden on Tobacco","POL","450POL","450CGS"
"MS","Mississippi","1998","OW","The Tax Burden on Tobacco","Cigarette Sales","52,319,643","$","Dollars","POINT (-89.538030825 32.745510099)","Table 12- Orzechowski and Walker, Tax Burden on Tobacco","POL","450POL","450CGS"
"MO","Missouri","1998","OW","The Tax Burden on Tobacco","Cigarette Sales","109,373,292","$","Dollars","POINT (-92.566300053 38.635790776)","Table 12- Orzechowski and Walker, Tax Burden on Tobacco","POL","450POL","450CGS"
"MT","Montana","1998","OW","The Tax Burden on Tobacco","Cigarette Sales","14,093,529","$","Dollars","POINT (-109.424420645 47.066528972)","Table 12- Orzechowski and Walker, Tax Burden on Tobacco","POL","450POL","450CGS"
"NE","Nebraska","1998","OW","The Tax Burden on Tobacco","Cigarette Sales","44,748,964","$","Dollars","POINT (-99.365720623 41.641040988001)","Table 12- Orzechowski and Walker, Tax Burden on Tobacco","POL","450POL","450CGS"
"NV","Nevada","1998","OW","The Tax Burden on Tobacco","Cigarette Sales","57,467,347","$","Dollars","POINT (-117.071840564 39.49324039)","Table 12- Orzechowski and Walker, Tax Burden on Tobacco","POL","450POL","450CGS"
"NH","New Hampshire","1998","OW","The Tax Burden on Tobacco","Cigarette Sales","74,917,359","$","Dollars","POINT (-71.50036092 43.655950113)","Table 12- Orzechowski and Walker, Tax Burden on Tobacco","POL","450POL","450CGS"
"NJ","New Jersey","1998","OW","The Tax Burden on Tobacco","Cigarette Sales","318,899,400","$","Dollars","POINT (-74.273691288 40.130570048)","Table 12- Orzechowski and Walker, Tax Burden on Tobacco","POL","450POL","450CGS"
"NM","New Mexico","1998","OW","The Tax Burden on Tobacco","Cigarette Sales","22,610,771","$","Dollars","POINT (-106.240580985 34.520880952)","Table 12- Orzechowski and Walker, Tax Burden on Tobacco","POL","450POL","450CGS"
"NY","New York","1998","OW","The Tax Burden on Tobacco","Cigarette Sales","662,623,540","$","Dollars","POINT (-75.543970427 42.827001032)","Table 12- Orzechowski and Walker, Tax Burden on Tobacco","POL","450POL","450CGS"
"NC","North Carolina","1998","OW","The Tax Burden on Tobacco","Cigarette Sales","46,123,730","$","Dollars","POINT (-79.159250463 35.466220975)","Table 12- Orzechowski and Walker, Tax Burden on Tobacco","POL","450POL","450CGS"
"ND","North Dakota","1998","OW","The Tax Burden on Tobacco","Cigarette Sales","22,408,447","$","Dollars","POINT (-100.118421049 47.475319779)","Table 12- Orzechowski and Walker, Tax Burden on Tobacco","POL","450POL","450CGS"
"OH","Ohio","1998","OW","The Tax Burden on Tobacco","Cigarette Sales","285,282,926","$","Dollars","POINT (-82.404260056 40.060210141)","Table 12- Orzechowski and Walker, Tax Burden on Tobacco","POL","450POL","450CGS"
"OK","Oklahoma","1998","OW","The Tax Burden on Tobacco","Cigarette Sales","67,715,345","$","Dollars","POINT (-97.521070214 35.472031356)","Table 12- Orzechowski and Walker, Tax Burden on Tobacco","POL","450POL","450CGS"
"OR","Oregon","1998","OW","The Tax Burden on Tobacco","Cigarette Sales","183,890,506","$","Dollars","POINT (-120.155031326 44.567449424)","Table 12- Orzechowski and Walker, Tax Burden on Tobacco","POL","450POL","450CGS"
"PA","Pennsylvania","1998","OW","The Tax Burden on Tobacco","Cigarette Sales","346,045,000","$","Dollars","POINT (-77.860700294 40.793730152)","Table 12- Orzechowski and Walker, Tax Burden on Tobacco","POL","450POL","450CGS"
"RI","Rhode Island","1998","OW","The Tax Burden on Tobacco","Cigarette Sales","62,373,646","$","Dollars","POINT (-71.522470314 41.708280193)","Table 12- Orzechowski and Walker, Tax Burden on Tobacco","POL","450POL","450CGS"
"SC","South Carolina","1998","OW","The Tax Burden on Tobacco","Cigarette Sales","32,877,081","$","Dollars","POINT (-81.045371207 33.998821303)","Table 12- Orzechowski and Walker, Tax Burden on Tobacco","POL","450POL","450CGS"
"SD","South Dakota","1998","OW","The Tax Burden on Tobacco","Cigarette Sales","21,321,597","$","Dollars","POINT (-100.373530637 44.353130053)","Table 12- Orzechowski and Walker, Tax Burden on Tobacco","POL","450POL","450CGS"
"TN","Tennessee","1998","OW","The Tax Burden on Tobacco","Cigarette Sales","82,777,975","$","Dollars","POINT (-85.774490914 35.68094058)","Table 12- Orzechowski and Walker, Tax Burden on Tobacco","POL","450POL","450CGS"
"TX","Texas","1998","OW","The Tax Burden on Tobacco","Cigarette Sales","556,503,717","$","Dollars","POINT (-99.426770206 31.827240407)","Table 12- Orzechowski and Walker, Tax Burden on Tobacco","POL","450POL","450CGS"
"UT","Utah","1998","OW","The Tax Burden on Tobacco","Cigarette Sales","43,619,557","$","Dollars","POINT (-111.587130635 39.360700171)","Table 12- Orzechowski and Walker, Tax Burden on Tobacco","POL","450POL","450CGS"
"VT","Vermont","1998","OW","The Tax Burden on Tobacco","Cigarette Sales","25,129,827","$","Dollars","POINT (-72.517640791 43.625381239)","Table 12- Orzechowski and Walker, Tax Burden on Tobacco","POL","450POL","450CGS"
"VA","Virginia","1998","OW","The Tax Burden on Tobacco","Cigarette Sales","17,616,000","$","Dollars","POINT (-78.457890463 37.542680674)","Table 12- Orzechowski and Walker, Tax Burden on Tobacco","POL","450POL","450CGS"
"WA","Washington","1998","OW","The Tax Burden on Tobacco","Cigarette Sales","259,084,364","$","Dollars","POINT (-120.47001079 47.522278629)","Table 12- Orzechowski and Walker, Tax Burden on Tobacco","POL","450POL","450CGS"
"WV","West Virginia","1998","OW","The Tax Burden on Tobacco","Cigarette Sales","35,562,000","$","Dollars","POINT (-80.712640135 38.665510202)","Table 12- Orzechowski and Walker, Tax Burden on Tobacco","POL","450POL","450CGS"
"WI","Wisconsin","1998","OW","The Tax Burden on Tobacco","Cigarette Sales","251,988,613","$","Dollars","POINT (-89.816370742 44.393191174)","Table 12- Orzechowski and Walker, Tax Burden on Tobacco","POL","450POL","450CGS"
"WY","Wyoming","1998","OW","The Tax Burden on Tobacco","Cigarette Sales","6,116,000","$","Dollars","POINT (-108.109830353 43.235541343)","Table 12- Orzechowski and Walker, Tax Burden on Tobacco","POL","450POL","450CGS"
"AL","Alabama","1997","OW","The Tax Burden on Tobacco","Cigarette Sales","73,953,302","$","Dollars","POINT (-86.631860762 32.840571122)","Table 12- Orzechowski and Walker, Tax Burden on Tobacco","POL","450POL","450CGS"
"AK","Alaska","1997","OW","The Tax Burden on Tobacco","Cigarette Sales","14,379,771","$","Dollars","POINT (-147.722059036 64.845079957001)","Table 12- Orzechowski and Walker, Tax Burden on Tobacco","POL","450POL","450CGS"
"AZ","Arizona","1997","OW","The Tax Burden on Tobacco","Cigarette Sales","166,315,143","$","Dollars","POINT (-111.763811277 34.86597028)","Table 12- Orzechowski and Walker, Tax Burden on Tobacco","POL","450POL","450CGS"
"AR","Arkansas","1997","OW","The Tax Burden on Tobacco","Cigarette Sales","85,952,917","$","Dollars","POINT (-92.274490743 34.748650124)","Table 12- Orzechowski and Walker, Tax Burden on Tobacco","POL","450POL","450CGS"
"CA","California","1997","OW","The Tax Burden on Tobacco","Cigarette Sales","634,972,518","$","Dollars","POINT (-120.999999538 37.638640123)","Table 12- Orzechowski and Walker, Tax Burden on Tobacco","POL","450POL","450CGS"
"CO","Colorado","1997","OW","The Tax Burden on Tobacco","Cigarette Sales","62,140,937","$","Dollars","POINT (-106.133610921 38.843840757)","Table 12- Orzechowski and Walker, Tax Burden on Tobacco","POL","450POL","450CGS"
"CT","Connecticut","1997","OW","The Tax Burden on Tobacco","Cigarette Sales","123,589,875","$","Dollars","POINT (-72.649840952 41.56266102)","Table 12- Orzechowski and Walker, Tax Burden on Tobacco","POL","450POL","450CGS"
"DE","Delaware","1997","OW","The Tax Burden on Tobacco","Cigarette Sales","21,609,756","$","Dollars","POINT (-75.577741168 39.008830667)","Table 12- Orzechowski and Walker, Tax Burden on Tobacco","POL","450POL","450CGS"
"DC","District of Columbia","1997","OW","The Tax Burden on Tobacco","Cigarette Sales","19,199,000","$","Dollars","POINT (-77.031961127 38.890371385)","Table 12- Orzechowski and Walker, Tax Burden on Tobacco","POL","450POL","450CGS"
"FL","Florida","1997","OW","The Tax Burden on Tobacco","Cigarette Sales","454,116,714","$","Dollars","POINT (-81.928960539 28.932040377)","Table 12- Orzechowski and Walker, Tax Burden on Tobacco","POL","450POL","450CGS"
"GA","Georgia","1997","OW","The Tax Burden on Tobacco","Cigarette Sales","88,830,820","$","Dollars","POINT (-83.627580346 32.839681093)","Table 12- Orzechowski and Walker, Tax Burden on Tobacco","POL","450POL","450CGS"
"HI","Hawaii","1997","OW","The Tax Burden on Tobacco","Cigarette Sales","34,958,631","$","Dollars","POINT (-157.857749403 21.304850435)","Table 12- Orzechowski and Walker, Tax Burden on Tobacco","POL","450POL","450CGS"
"ID","Idaho","1997","OW","The Tax Burden on Tobacco","Cigarette Sales","24,978,614","$","Dollars","POINT (-114.363730042 43.682630005)","Table 12- Orzechowski and Walker, Tax Burden on Tobacco","POL","450POL","450CGS"
"IL","Illinois","1997","OW","The Tax Burden on Tobacco","Cigarette Sales","414,750,695","$","Dollars","POINT (-88.997710178 40.485010283)","Table 12- Orzechowski and Walker, Tax Burden on Tobacco","POL","450POL","450CGS"
"IN","Indiana","1997","OW","The Tax Burden on Tobacco","Cigarette Sales","122,485,409","$","Dollars","POINT (-86.149960194 39.766910452)","Table 12- Orzechowski and Walker, Tax Burden on Tobacco","POL","450POL","450CGS"
"IA","Iowa","1997","OW","The Tax Burden on Tobacco","Cigarette Sales","96,381,838","$","Dollars","POINT (-93.816490556 42.469400913)","Table 12- Orzechowski and Walker, Tax Burden on Tobacco","POL","450POL","450CGS"
"KS","Kansas","1997","OW","The Tax Burden on Tobacco","Cigarette Sales","55,167,155","$","Dollars","POINT (-98.200781227 38.3477403)","Table 12- Orzechowski and Walker, Tax Burden on Tobacco","POL","450POL","450CGS"
"KY","Kentucky","1997","OW","The Tax Burden on Tobacco","Cigarette Sales","21,769,000","$","Dollars","POINT (-84.774971048 37.645970271)","Table 12- Orzechowski and Walker, Tax Burden on Tobacco","POL","450POL","450CGS"
"LA","Louisiana","1997","OW","The Tax Burden on Tobacco","Cigarette Sales","91,444,720","$","Dollars","POINT (-92.445680071 31.312660644)","Table 12- Orzechowski and Walker, Tax Burden on Tobacco","POL","450POL","450CGS"
"ME","Maine","1997","OW","The Tax Burden on Tobacco","Cigarette Sales","46,346,009","$","Dollars","POINT (-68.985031336 45.254228894001)","Table 12- Orzechowski and Walker, Tax Burden on Tobacco","POL","450POL","450CGS"
"MD","Maryland","1997","OW","The Tax Burden on Tobacco","Cigarette Sales","131,813,000","$","Dollars","POINT (-76.609260111 39.290580964)","Table 12- Orzechowski and Walker, Tax Burden on Tobacco","POL","450POL","450CGS"
"MA","Massachusetts","1997","OW","The Tax Burden on Tobacco","Cigarette Sales","279,038,430","$","Dollars","POINT (-72.082690675 42.27687047)","Table 12- Orzechowski and Walker, Tax Burden on Tobacco","POL","450POL","450CGS"
"MI","Michigan","1997","OW","The Tax Burden on Tobacco","Cigarette Sales","545,932,880","$","Dollars","POINT (-84.71439027 44.661319543001)","Table 12- Orzechowski and Walker, Tax Burden on Tobacco","POL","450POL","450CGS"
"MN","Minnesota","1997","OW","The Tax Burden on Tobacco","Cigarette Sales","180,639,655","$","Dollars","POINT (-94.794200503 46.355648736)","Table 12- Orzechowski and Walker, Tax Burden on Tobacco","POL","450POL","450CGS"
"MS","Mississippi","1997","OW","The Tax Burden on Tobacco","Cigarette Sales","51,954,563","$","Dollars","POINT (-89.538030825 32.745510099)","Table 12- Orzechowski and Walker, Tax Burden on Tobacco","POL","450POL","450CGS"
"MO","Missouri","1997","OW","The Tax Burden on Tobacco","Cigarette Sales","112,929,932","$","Dollars","POINT (-92.566300053 38.635790776)","Table 12- Orzechowski and Walker, Tax Burden on Tobacco","POL","450POL","450CGS"
"MT","Montana","1997","OW","The Tax Burden on Tobacco","Cigarette Sales","14,035,657","$","Dollars","POINT (-109.424420645 47.066528972)","Table 12- Orzechowski and Walker, Tax Burden on Tobacco","POL","450POL","450CGS"
"NE","Nebraska","1997","OW","The Tax Burden on Tobacco","Cigarette Sales","48,092,261","$","Dollars","POINT (-99.365720623 41.641040988001)","Table 12- Orzechowski and Walker, Tax Burden on Tobacco","POL","450POL","450CGS"
"NV","Nevada","1997","OW","The Tax Burden on Tobacco","Cigarette Sales","53,619,000","$","Dollars","POINT (-117.071840564 39.49324039)","Table 12- Orzechowski and Walker, Tax Burden on Tobacco","POL","450POL","450CGS"
"NH","New Hampshire","1997","OW","The Tax Burden on Tobacco","Cigarette Sales","50,638,656","$","Dollars","POINT (-71.50036092 43.655950113)","Table 12- Orzechowski and Walker, Tax Burden on Tobacco","POL","450POL","450CGS"
"NJ","New Jersey","1997","OW","The Tax Burden on Tobacco","Cigarette Sales","245,962,500","$","Dollars","POINT (-74.273691288 40.130570048)","Table 12- Orzechowski and Walker, Tax Burden on Tobacco","POL","450POL","450CGS"
"NM","New Mexico","1997","OW","The Tax Burden on Tobacco","Cigarette Sales","22,336,717","$","Dollars","POINT (-106.240580985 34.520880952)","Table 12- Orzechowski and Walker, Tax Burden on Tobacco","POL","450POL","450CGS"
"NY","New York","1997","OW","The Tax Burden on Tobacco","Cigarette Sales","658,497,602","$","Dollars","POINT (-75.543970427 42.827001032)","Table 12- Orzechowski and Walker, Tax Burden on Tobacco","POL","450POL","450CGS"
"NC","North Carolina","1997","OW","The Tax Burden on Tobacco","Cigarette Sales","45,844,901","$","Dollars","POINT (-79.159250463 35.466220975)","Table 12- Orzechowski and Walker, Tax Burden on Tobacco","POL","450POL","450CGS"
"ND","North Dakota","1997","OW","The Tax Burden on Tobacco","Cigarette Sales","21,960,613","$","Dollars","POINT (-100.118421049 47.475319779)","Table 12- Orzechowski and Walker, Tax Burden on Tobacco","POL","450POL","450CGS"
"OH","Ohio","1997","OW","The Tax Burden on Tobacco","Cigarette Sales","288,577,567","$","Dollars","POINT (-82.404260056 40.060210141)","Table 12- Orzechowski and Walker, Tax Burden on Tobacco","POL","450POL","450CGS"
"OK","Oklahoma","1997","OW","The Tax Burden on Tobacco","Cigarette Sales","67,824,069","$","Dollars","POINT (-97.521070214 35.472031356)","Table 12- Orzechowski and Walker, Tax Burden on Tobacco","POL","450POL","450CGS"
"OR","Oregon","1997","OW","The Tax Burden on Tobacco","Cigarette Sales","140,419,675","$","Dollars","POINT (-120.155031326 44.567449424)","Table 12- Orzechowski and Walker, Tax Burden on Tobacco","POL","450POL","450CGS"
"PA","Pennsylvania","1997","OW","The Tax Burden on Tobacco","Cigarette Sales","347,231,000","$","Dollars","POINT (-77.860700294 40.793730152)","Table 12- Orzechowski and Walker, Tax Burden on Tobacco","POL","450POL","450CGS"
"RI","Rhode Island","1997","OW","The Tax Burden on Tobacco","Cigarette Sales","54,317,563","$","Dollars","POINT (-71.522470314 41.708280193)","Table 12- Orzechowski and Walker, Tax Burden on Tobacco","POL","450POL","450CGS"
"SC","South Carolina","1997","OW","The Tax Burden on Tobacco","Cigarette Sales","32,242,879","$","Dollars","POINT (-81.045371207 33.998821303)","Table 12- Orzechowski and Walker, Tax Burden on Tobacco","POL","450POL","450CGS"
"SD","South Dakota","1997","OW","The Tax Burden on Tobacco","Cigarette Sales","21,458,178","$","Dollars","POINT (-100.373530637 44.353130053)","Table 12- Orzechowski and Walker, Tax Burden on Tobacco","POL","450POL","450CGS"
"TN","Tennessee","1997","OW","The Tax Burden on Tobacco","Cigarette Sales","82,056,793","$","Dollars","POINT (-85.774490914 35.68094058)","Table 12- Orzechowski and Walker, Tax Burden on Tobacco","POL","450POL","450CGS"
"TX","Texas","1997","OW","The Tax Burden on Tobacco","Cigarette Sales","569,575,890","$","Dollars","POINT (-99.426770206 31.827240407)","Table 12- Orzechowski and Walker, Tax Burden on Tobacco","POL","450POL","450CGS"
"UT","Utah","1997","OW","The Tax Burden on Tobacco","Cigarette Sales","32,657,125","$","Dollars","POINT (-111.587130635 39.360700171)","Table 12- Orzechowski and Walker, Tax Burden on Tobacco","POL","450POL","450CGS"
"VT","Vermont","1997","OW","The Tax Burden on Tobacco","Cigarette Sales","25,804,177","$","Dollars","POINT (-72.517640791 43.625381239)","Table 12- Orzechowski and Walker, Tax Burden on Tobacco","POL","450POL","450CGS"
"VA","Virginia","1997","OW","The Tax Burden on Tobacco","Cigarette Sales","18,031,000","$","Dollars","POINT (-78.457890463 37.542680674)","Table 12- Orzechowski and Walker, Tax Burden on Tobacco","POL","450POL","450CGS"
"WA","Washington","1997","OW","The Tax Burden on Tobacco","Cigarette Sales","257,054,985","$","Dollars","POINT (-120.47001079 47.522278629)","Table 12- Orzechowski and Walker, Tax Burden on Tobacco","POL","450POL","450CGS"
"WV","West Virginia","1997","OW","The Tax Burden on Tobacco","Cigarette Sales","35,549,000","$","Dollars","POINT (-80.712640135 38.665510202)","Table 12- Orzechowski and Walker, Tax Burden on Tobacco","POL","450POL","450CGS"
"WI","Wisconsin","1997","OW","The Tax Burden on Tobacco","Cigarette Sales","208,741,720","$","Dollars","POINT (-89.816370742 44.393191174)","Table 12- Orzechowski and Walker, Tax Burden on Tobacco","POL","450POL","450CGS"
"WY","Wyoming","1997","OW","The Tax Burden on Tobacco","Cigarette Sales","6,331,000","$","Dollars","POINT (-108.109830353 43.235541343)","Table 12- Orzechowski and Walker, Tax Burden on Tobacco","POL","450POL","450CGS"
"AL","Alabama","1996","OW","The Tax Burden on Tobacco","Cigarette Sales","70,950,600","$","Dollars","POINT (-86.631860762 32.840571122)","Table 12- Orzechowski and Walker, Tax Burden on Tobacco","POL","450POL","450CGS"
"AK","Alaska","1996","OW","The Tax Burden on Tobacco","Cigarette Sales","15,907,733","$","Dollars","POINT (-147.722059036 64.845079957001)","Table 12- Orzechowski and Walker, Tax Burden on Tobacco","POL","450POL","450CGS"
"AZ","Arizona","1996","OW","The Tax Burden on Tobacco","Cigarette Sales","171,622,649","$","Dollars","POINT (-111.763811277 34.86597028)","Table 12- Orzechowski and Walker, Tax Burden on Tobacco","POL","450POL","450CGS"
"AR","Arkansas","1996","OW","The Tax Burden on Tobacco","Cigarette Sales","85,978,675","$","Dollars","POINT (-92.274490743 34.748650124)","Table 12- Orzechowski and Walker, Tax Burden on Tobacco","POL","450POL","450CGS"
"CA","California","1996","OW","The Tax Burden on Tobacco","Cigarette Sales","644,499,085","$","Dollars","POINT (-120.999999538 37.638640123)","Table 12- Orzechowski and Walker, Tax Burden on Tobacco","POL","450POL","450CGS"
"CO","Colorado","1996","OW","The Tax Burden on Tobacco","Cigarette Sales","61,731,047","$","Dollars","POINT (-106.133610921 38.843840757)","Table 12- Orzechowski and Walker, Tax Burden on Tobacco","POL","450POL","450CGS"
"CT","Connecticut","1996","OW","The Tax Burden on Tobacco","Cigarette Sales","124,388,937","$","Dollars","POINT (-72.649840952 41.56266102)","Table 12- Orzechowski and Walker, Tax Burden on Tobacco","POL","450POL","450CGS"
"DE","Delaware","1996","OW","The Tax Burden on Tobacco","Cigarette Sales","21,924,220","$","Dollars","POINT (-75.577741168 39.008830667)","Table 12- Orzechowski and Walker, Tax Burden on Tobacco","POL","450POL","450CGS"
"DC","District of Columbia","1996","OW","The Tax Burden on Tobacco","Cigarette Sales","20,596,000","$","Dollars","POINT (-77.031961127 38.890371385)","Table 12- Orzechowski and Walker, Tax Burden on Tobacco","POL","450POL","450CGS"
"FL","Florida","1996","OW","The Tax Burden on Tobacco","Cigarette Sales","439,057,697","$","Dollars","POINT (-81.928960539 28.932040377)","Table 12- Orzechowski and Walker, Tax Burden on Tobacco","POL","450POL","450CGS"
"GA","Georgia","1996","OW","The Tax Burden on Tobacco","Cigarette Sales","87,807,683","$","Dollars","POINT (-83.627580346 32.839681093)","Table 12- Orzechowski and Walker, Tax Burden on Tobacco","POL","450POL","450CGS"
"HI","Hawaii","1996","OW","The Tax Burden on Tobacco","Cigarette Sales","36,741,900","$","Dollars","POINT (-157.857749403 21.304850435)","Table 12- Orzechowski and Walker, Tax Burden on Tobacco","POL","450POL","450CGS"
"ID","Idaho","1996","OW","The Tax Burden on Tobacco","Cigarette Sales","24,946,162","$","Dollars","POINT (-114.363730042 43.682630005)","Table 12- Orzechowski and Walker, Tax Burden on Tobacco","POL","450POL","450CGS"
"IL","Illinois","1996","OW","The Tax Burden on Tobacco","Cigarette Sales","424,160,000","$","Dollars","POINT (-88.997710178 40.485010283)","Table 12- Orzechowski and Walker, Tax Burden on Tobacco","POL","450POL","450CGS"
"IN","Indiana","1996","OW","The Tax Burden on Tobacco","Cigarette Sales","120,985,631","$","Dollars","POINT (-86.149960194 39.766910452)","Table 12- Orzechowski and Walker, Tax Burden on Tobacco","POL","450POL","450CGS"
"IA","Iowa","1996","OW","The Tax Burden on Tobacco","Cigarette Sales","96,051,777","$","Dollars","POINT (-93.816490556 42.469400913)","Table 12- Orzechowski and Walker, Tax Burden on Tobacco","POL","450POL","450CGS"
"KS","Kansas","1996","OW","The Tax Burden on Tobacco","Cigarette Sales","54,477,448","$","Dollars","POINT (-98.200781227 38.3477403)","Table 12- Orzechowski and Walker, Tax Burden on Tobacco","POL","450POL","450CGS"
"KY","Kentucky","1996","OW","The Tax Burden on Tobacco","Cigarette Sales","20,624,000","$","Dollars","POINT (-84.774971048 37.645970271)","Table 12- Orzechowski and Walker, Tax Burden on Tobacco","POL","450POL","450CGS"
"LA","Louisiana","1996","OW","The Tax Burden on Tobacco","Cigarette Sales","93,307,155","$","Dollars","POINT (-92.445680071 31.312660644)","Table 12- Orzechowski and Walker, Tax Burden on Tobacco","POL","450POL","450CGS"
"ME","Maine","1996","OW","The Tax Burden on Tobacco","Cigarette Sales","45,978,750","$","Dollars","POINT (-68.985031336 45.254228894001)","Table 12- Orzechowski and Walker, Tax Burden on Tobacco","POL","450POL","450CGS"
"MD","Maryland","1996","OW","The Tax Burden on Tobacco","Cigarette Sales","135,900,000","$","Dollars","POINT (-76.609260111 39.290580964)","Table 12- Orzechowski and Walker, Tax Burden on Tobacco","POL","450POL","450CGS"
"MA","Massachusetts","1996","OW","The Tax Burden on Tobacco","Cigarette Sales","230,341,241","$","Dollars","POINT (-72.082690675 42.27687047)","Table 12- Orzechowski and Walker, Tax Burden on Tobacco","POL","450POL","450CGS"
"MI","Michigan","1996","OW","The Tax Burden on Tobacco","Cigarette Sales","592,743,600","$","Dollars","POINT (-84.71439027 44.661319543001)","Table 12- Orzechowski and Walker, Tax Burden on Tobacco","POL","450POL","450CGS"
"MN","Minnesota","1996","OW","The Tax Burden on Tobacco","Cigarette Sales","177,531,265","$","Dollars","POINT (-94.794200503 46.355648736)","Table 12- Orzechowski and Walker, Tax Burden on Tobacco","POL","450POL","450CGS"
"MS","Mississippi","1996","OW","The Tax Burden on Tobacco","Cigarette Sales","51,646,631","$","Dollars","POINT (-89.538030825 32.745510099)","Table 12- Orzechowski and Walker, Tax Burden on Tobacco","POL","450POL","450CGS"
"MO","Missouri","1996","OW","The Tax Burden on Tobacco","Cigarette Sales","112,491,631","$","Dollars","POINT (-92.566300053 38.635790776)","Table 12- Orzechowski and Walker, Tax Burden on Tobacco","POL","450POL","450CGS"
"MT","Montana","1996","OW","The Tax Burden on Tobacco","Cigarette Sales","13,646,453","$","Dollars","POINT (-109.424420645 47.066528972)","Table 12- Orzechowski and Walker, Tax Burden on Tobacco","POL","450POL","450CGS"
"NE","Nebraska","1996","OW","The Tax Burden on Tobacco","Cigarette Sales","47,705,434","$","Dollars","POINT (-99.365720623 41.641040988001)","Table 12- Orzechowski and Walker, Tax Burden on Tobacco","POL","450POL","450CGS"
"NV","Nevada","1996","OW","The Tax Burden on Tobacco","Cigarette Sales","51,188,921","$","Dollars","POINT (-117.071840564 39.49324039)","Table 12- Orzechowski and Walker, Tax Burden on Tobacco","POL","450POL","450CGS"
"NH","New Hampshire","1996","OW","The Tax Burden on Tobacco","Cigarette Sales","45,121,750","$","Dollars","POINT (-71.50036092 43.655950113)","Table 12- Orzechowski and Walker, Tax Burden on Tobacco","POL","450POL","450CGS"
"NJ","New Jersey","1996","OW","The Tax Burden on Tobacco","Cigarette Sales","251,487,000","$","Dollars","POINT (-74.273691288 40.130570048)","Table 12- Orzechowski and Walker, Tax Burden on Tobacco","POL","450POL","450CGS"
"NM","New Mexico","1996","OW","The Tax Burden on Tobacco","Cigarette Sales","23,190,321","$","Dollars","POINT (-106.240580985 34.520880952)","Table 12- Orzechowski and Walker, Tax Burden on Tobacco","POL","450POL","450CGS"
"NY","New York","1996","OW","The Tax Burden on Tobacco","Cigarette Sales","674,204,524","$","Dollars","POINT (-75.543970427 42.827001032)","Table 12- Orzechowski and Walker, Tax Burden on Tobacco","POL","450POL","450CGS"
"NC","North Carolina","1996","OW","The Tax Burden on Tobacco","Cigarette Sales","46,226,043","$","Dollars","POINT (-79.159250463 35.466220975)","Table 12- Orzechowski and Walker, Tax Burden on Tobacco","POL","450POL","450CGS"
"ND","North Dakota","1996","OW","The Tax Burden on Tobacco","Cigarette Sales","22,692,162","$","Dollars","POINT (-100.118421049 47.475319779)","Table 12- Orzechowski and Walker, Tax Burden on Tobacco","POL","450POL","450CGS"
"OH","Ohio","1996","OW","The Tax Burden on Tobacco","Cigarette Sales","287,334,941","$","Dollars","POINT (-82.404260056 40.060210141)","Table 12- Orzechowski and Walker, Tax Burden on Tobacco","POL","450POL","450CGS"
"OK","Oklahoma","1996","OW","The Tax Burden on Tobacco","Cigarette Sales","66,891,015","$","Dollars","POINT (-97.521070214 35.472031356)","Table 12- Orzechowski and Walker, Tax Burden on Tobacco","POL","450POL","450CGS"
"OR","Oregon","1996","OW","The Tax Burden on Tobacco","Cigarette Sales","104,373,950","$","Dollars","POINT (-120.155031326 44.567449424)","Table 12- Orzechowski and Walker, Tax Burden on Tobacco","POL","450POL","450CGS"
"PA","Pennsylvania","1996","OW","The Tax Burden on Tobacco","Cigarette Sales","351,016,000","$","Dollars","POINT (-77.860700294 40.793730152)","Table 12- Orzechowski and Walker, Tax Burden on Tobacco","POL","450POL","450CGS"
"RI","Rhode Island","1996","OW","The Tax Burden on Tobacco","Cigarette Sales","53,122,026","$","Dollars","POINT (-71.522470314 41.708280193)","Table 12- Orzechowski and Walker, Tax Burden on Tobacco","POL","450POL","450CGS"
"SC","South Carolina","1996","OW","The Tax Burden on Tobacco","Cigarette Sales","26,468,366","$","Dollars","POINT (-81.045371207 33.998821303)","Table 12- Orzechowski and Walker, Tax Burden on Tobacco","POL","450POL","450CGS"
"SD","South Dakota","1996","OW","The Tax Burden on Tobacco","Cigarette Sales","22,456,341","$","Dollars","POINT (-100.373530637 44.353130053)","Table 12- Orzechowski and Walker, Tax Burden on Tobacco","POL","450POL","450CGS"
"TN","Tennessee","1996","OW","The Tax Burden on Tobacco","Cigarette Sales","80,884,691","$","Dollars","POINT (-85.774490914 35.68094058)","Table 12- Orzechowski and Walker, Tax Burden on Tobacco","POL","450POL","450CGS"
"TX","Texas","1996","OW","The Tax Burden on Tobacco","Cigarette Sales","569,079,842","$","Dollars","POINT (-99.426770206 31.827240407)","Table 12- Orzechowski and Walker, Tax Burden on Tobacco","POL","450POL","450CGS"
"UT","Utah","1996","OW","The Tax Burden on Tobacco","Cigarette Sales","27,788,866","$","Dollars","POINT (-111.587130635 39.360700171)","Table 12- Orzechowski and Walker, Tax Burden on Tobacco","POL","450POL","450CGS"
"VT","Vermont","1996","OW","The Tax Burden on Tobacco","Cigarette Sales","26,267,084","$","Dollars","POINT (-72.517640791 43.625381239)","Table 12- Orzechowski and Walker, Tax Burden on Tobacco","POL","450POL","450CGS"
"VA","Virginia","1996","OW","The Tax Burden on Tobacco","Cigarette Sales","17,432,000","$","Dollars","POINT (-78.457890463 37.542680674)","Table 12- Orzechowski and Walker, Tax Burden on Tobacco","POL","450POL","450CGS"
"WA","Washington","1996","OW","The Tax Burden on Tobacco","Cigarette Sales","257,244,781","$","Dollars","POINT (-120.47001079 47.522278629)","Table 12- Orzechowski and Walker, Tax Burden on Tobacco","POL","450POL","450CGS"
"WV","West Virginia","1996","OW","The Tax Burden on Tobacco","Cigarette Sales","35,120,000","$","Dollars","POINT (-80.712640135 38.665510202)","Table 12- Orzechowski and Walker, Tax Burden on Tobacco","POL","450POL","450CGS"
"WI","Wisconsin","1996","OW","The Tax Burden on Tobacco","Cigarette Sales","202,005,224","$","Dollars","POINT (-89.816370742 44.393191174)","Table 12- Orzechowski and Walker, Tax Burden on Tobacco","POL","450POL","450CGS"
"WY","Wyoming","1996","OW","The Tax Burden on Tobacco","Cigarette Sales","6,344,000","$","Dollars","POINT (-108.109830353 43.235541343)","Table 12- Orzechowski and Walker, Tax Burden on Tobacco","POL","450POL","450CGS"
"AL","Alabama","1995","OW","The Tax Burden on Tobacco","Cigarette Sales","70,450,119","$","Dollars","POINT (-86.631860762 32.840571122)","Table 12- Orzechowski and Walker, Tax Burden on Tobacco","POL","450POL","450CGS"
"AK","Alaska","1995","OW","The Tax Burden on Tobacco","Cigarette Sales","15,752,759","$","Dollars","POINT (-147.722059036 64.845079957001)","Table 12- Orzechowski and Walker, Tax Burden on Tobacco","POL","450POL","450CGS"
"AZ","Arizona","1995","OW","The Tax Burden on Tobacco","Cigarette Sales","109,614,212","$","Dollars","POINT (-111.763811277 34.86597028)","Table 12- Orzechowski and Walker, Tax Burden on Tobacco","POL","450POL","450CGS"
"AR","Arkansas","1995","OW","The Tax Burden on Tobacco","Cigarette Sales","86,742,788","$","Dollars","POINT (-92.274490743 34.748650124)","Table 12- Orzechowski and Walker, Tax Burden on Tobacco","POL","450POL","450CGS"
"CA","California","1995","OW","The Tax Burden on Tobacco","Cigarette Sales","662,551,030","$","Dollars","POINT (-120.999999538 37.638640123)","Table 12- Orzechowski and Walker, Tax Burden on Tobacco","POL","450POL","450CGS"
"CO","Colorado","1995","OW","The Tax Burden on Tobacco","Cigarette Sales","61,736,338","$","Dollars","POINT (-106.133610921 38.843840757)","Table 12- Orzechowski and Walker, Tax Burden on Tobacco","POL","450POL","450CGS"
"CT","Connecticut","1995","OW","The Tax Burden on Tobacco","Cigarette Sales","129,752,865","$","Dollars","POINT (-72.649840952 41.56266102)","Table 12- Orzechowski and Walker, Tax Burden on Tobacco","POL","450POL","450CGS"
"DE","Delaware","1995","OW","The Tax Burden on Tobacco","Cigarette Sales","21,475,896","$","Dollars","POINT (-75.577741168 39.008830667)","Table 12- Orzechowski and Walker, Tax Burden on Tobacco","POL","450POL","450CGS"
"DC","District of Columbia","1995","OW","The Tax Burden on Tobacco","Cigarette Sales","21,623,000","$","Dollars","POINT (-77.031961127 38.890371385)","Table 12- Orzechowski and Walker, Tax Burden on Tobacco","POL","450POL","450CGS"
"FL","Florida","1995","OW","The Tax Burden on Tobacco","Cigarette Sales","447,593,128","$","Dollars","POINT (-81.928960539 28.932040377)","Table 12- Orzechowski and Walker, Tax Burden on Tobacco","POL","450POL","450CGS"
"GA","Georgia","1995","OW","The Tax Burden on Tobacco","Cigarette Sales","82,956,521","$","Dollars","POINT (-83.627580346 32.839681093)","Table 12- Orzechowski and Walker, Tax Burden on Tobacco","POL","450POL","450CGS"
"HI","Hawaii","1995","OW","The Tax Burden on Tobacco","Cigarette Sales","32,379,975","$","Dollars","POINT (-157.857749403 21.304850435)","Table 12- Orzechowski and Walker, Tax Burden on Tobacco","POL","450POL","450CGS"
"ID","Idaho","1995","OW","The Tax Burden on Tobacco","Cigarette Sales","24,428,178","$","Dollars","POINT (-114.363730042 43.682630005)","Table 12- Orzechowski and Walker, Tax Burden on Tobacco","POL","450POL","450CGS"
"IL","Illinois","1995","OW","The Tax Burden on Tobacco","Cigarette Sales","430,355,142","$","Dollars","POINT (-88.997710178 40.485010283)","Table 12- Orzechowski and Walker, Tax Burden on Tobacco","POL","450POL","450CGS"
"IN","Indiana","1995","OW","The Tax Burden on Tobacco","Cigarette Sales","120,669,058","$","Dollars","POINT (-86.149960194 39.766910452)","Table 12- Orzechowski and Walker, Tax Burden on Tobacco","POL","450POL","450CGS"
"IA","Iowa","1995","OW","The Tax Burden on Tobacco","Cigarette Sales","95,081,332","$","Dollars","POINT (-93.816490556 42.469400913)","Table 12- Orzechowski and Walker, Tax Burden on Tobacco","POL","450POL","450CGS"
"KS","Kansas","1995","OW","The Tax Burden on Tobacco","Cigarette Sales","54,600,292","$","Dollars","POINT (-98.200781227 38.3477403)","Table 12- Orzechowski and Walker, Tax Burden on Tobacco","POL","450POL","450CGS"
"KY","Kentucky","1995","OW","The Tax Burden on Tobacco","Cigarette Sales","19,968,000","$","Dollars","POINT (-84.774971048 37.645970271)","Table 12- Orzechowski and Walker, Tax Burden on Tobacco","POL","450POL","450CGS"
"LA","Louisiana","1995","OW","The Tax Burden on Tobacco","Cigarette Sales","90,984,645","$","Dollars","POINT (-92.445680071 31.312660644)","Table 12- Orzechowski and Walker, Tax Burden on Tobacco","POL","450POL","450CGS"
"ME","Maine","1995","OW","The Tax Burden on Tobacco","Cigarette Sales","46,954,000","$","Dollars","POINT (-68.985031336 45.254228894001)","Table 12- Orzechowski and Walker, Tax Burden on Tobacco","POL","450POL","450CGS"
"MD","Maryland","1995","OW","The Tax Burden on Tobacco","Cigarette Sales","138,113,000","$","Dollars","POINT (-76.609260111 39.290580964)","Table 12- Orzechowski and Walker, Tax Burden on Tobacco","POL","450POL","450CGS"
"MA","Massachusetts","1995","OW","The Tax Burden on Tobacco","Cigarette Sales","236,881,320","$","Dollars","POINT (-72.082690675 42.27687047)","Table 12- Orzechowski and Walker, Tax Burden on Tobacco","POL","450POL","450CGS"
"MI","Michigan","1995","OW","The Tax Burden on Tobacco","Cigarette Sales","590,693,000","$","Dollars","POINT (-84.71439027 44.661319543001)","Table 12- Orzechowski and Walker, Tax Burden on Tobacco","POL","450POL","450CGS"
"MN","Minnesota","1995","OW","The Tax Burden on Tobacco","Cigarette Sales","179,311,537","$","Dollars","POINT (-94.794200503 46.355648736)","Table 12- Orzechowski and Walker, Tax Burden on Tobacco","POL","450POL","450CGS"
"MS","Mississippi","1995","OW","The Tax Burden on Tobacco","Cigarette Sales","51,134,101","$","Dollars","POINT (-89.538030825 32.745510099)","Table 12- Orzechowski and Walker, Tax Burden on Tobacco","POL","450POL","450CGS"
"MO","Missouri","1995","OW","The Tax Burden on Tobacco","Cigarette Sales","111,081,810","$","Dollars","POINT (-92.566300053 38.635790776)","Table 12- Orzechowski and Walker, Tax Burden on Tobacco","POL","450POL","450CGS"
"MT","Montana","1995","OW","The Tax Burden on Tobacco","Cigarette Sales","14,227,799","$","Dollars","POINT (-109.424420645 47.066528972)","Table 12- Orzechowski and Walker, Tax Burden on Tobacco","POL","450POL","450CGS"
"NE","Nebraska","1995","OW","The Tax Burden on Tobacco","Cigarette Sales","48,521,230","$","Dollars","POINT (-99.365720623 41.641040988001)","Table 12- Orzechowski and Walker, Tax Burden on Tobacco","POL","450POL","450CGS"
"NV","Nevada","1995","OW","The Tax Burden on Tobacco","Cigarette Sales","49,960,574","$","Dollars","POINT (-117.071840564 39.49324039)","Table 12- Orzechowski and Walker, Tax Burden on Tobacco","POL","450POL","450CGS"
"NH","New Hampshire","1995","OW","The Tax Burden on Tobacco","Cigarette Sales","44,765,496","$","Dollars","POINT (-71.50036092 43.655950113)","Table 12- Orzechowski and Walker, Tax Burden on Tobacco","POL","450POL","450CGS"
"NJ","New Jersey","1995","OW","The Tax Burden on Tobacco","Cigarette Sales","256,147,750","$","Dollars","POINT (-74.273691288 40.130570048)","Table 12- Orzechowski and Walker, Tax Burden on Tobacco","POL","450POL","450CGS"
"NM","New Mexico","1995","OW","The Tax Burden on Tobacco","Cigarette Sales","22,995,749","$","Dollars","POINT (-106.240580985 34.520880952)","Table 12- Orzechowski and Walker, Tax Burden on Tobacco","POL","450POL","450CGS"
"NY","New York","1995","OW","The Tax Burden on Tobacco","Cigarette Sales","719,824,998","$","Dollars","POINT (-75.543970427 42.827001032)","Table 12- Orzechowski and Walker, Tax Burden on Tobacco","POL","450POL","450CGS"
"NC","North Carolina","1995","OW","The Tax Burden on Tobacco","Cigarette Sales","44,172,244","$","Dollars","POINT (-79.159250463 35.466220975)","Table 12- Orzechowski and Walker, Tax Burden on Tobacco","POL","450POL","450CGS"
"ND","North Dakota","1995","OW","The Tax Burden on Tobacco","Cigarette Sales","22,544,218","$","Dollars","POINT (-100.118421049 47.475319779)","Table 12- Orzechowski and Walker, Tax Burden on Tobacco","POL","450POL","450CGS"
"OH","Ohio","1995","OW","The Tax Burden on Tobacco","Cigarette Sales","294,211,398","$","Dollars","POINT (-82.404260056 40.060210141)","Table 12- Orzechowski and Walker, Tax Burden on Tobacco","POL","450POL","450CGS"
"OK","Oklahoma","1995","OW","The Tax Burden on Tobacco","Cigarette Sales","66,745,446","$","Dollars","POINT (-97.521070214 35.472031356)","Table 12- Orzechowski and Walker, Tax Burden on Tobacco","POL","450POL","450CGS"
"OR","Oregon","1995","OW","The Tax Burden on Tobacco","Cigarette Sales","111,256,020","$","Dollars","POINT (-120.155031326 44.567449424)","Table 12- Orzechowski and Walker, Tax Burden on Tobacco","POL","450POL","450CGS"
"PA","Pennsylvania","1995","OW","The Tax Burden on Tobacco","Cigarette Sales","358,574,000","$","Dollars","POINT (-77.860700294 40.793730152)","Table 12- Orzechowski and Walker, Tax Burden on Tobacco","POL","450POL","450CGS"
"RI","Rhode Island","1995","OW","The Tax Burden on Tobacco","Cigarette Sales","50,164,082","$","Dollars","POINT (-71.522470314 41.708280193)","Table 12- Orzechowski and Walker, Tax Burden on Tobacco","POL","450POL","450CGS"
"SC","South Carolina","1995","OW","The Tax Burden on Tobacco","Cigarette Sales","28,994,603","$","Dollars","POINT (-81.045371207 33.998821303)","Table 12- Orzechowski and Walker, Tax Burden on Tobacco","POL","450POL","450CGS"
"SD","South Dakota","1995","OW","The Tax Burden on Tobacco","Cigarette Sales","16,274,000","$","Dollars","POINT (-100.373530637 44.353130053)","Table 12- Orzechowski and Walker, Tax Burden on Tobacco","POL","450POL","450CGS"
"TN","Tennessee","1995","OW","The Tax Burden on Tobacco","Cigarette Sales","84,827,807","$","Dollars","POINT (-85.774490914 35.68094058)","Table 12- Orzechowski and Walker, Tax Burden on Tobacco","POL","450POL","450CGS"
"TX","Texas","1995","OW","The Tax Burden on Tobacco","Cigarette Sales","559,696,209","$","Dollars","POINT (-99.426770206 31.827240407)","Table 12- Orzechowski and Walker, Tax Burden on Tobacco","POL","450POL","450CGS"
"UT","Utah","1995","OW","The Tax Burden on Tobacco","Cigarette Sales","25,812,927","$","Dollars","POINT (-111.587130635 39.360700171)","Table 12- Orzechowski and Walker, Tax Burden on Tobacco","POL","450POL","450CGS"
"VT","Vermont","1995","OW","The Tax Burden on Tobacco","Cigarette Sales","14,262,091","$","Dollars","POINT (-72.517640791 43.625381239)","Table 12- Orzechowski and Walker, Tax Burden on Tobacco","POL","450POL","450CGS"
"VA","Virginia","1995","OW","The Tax Burden on Tobacco","Cigarette Sales","17,392,000","$","Dollars","POINT (-78.457890463 37.542680674)","Table 12- Orzechowski and Walker, Tax Burden on Tobacco","POL","450POL","450CGS"
"WA","Washington","1995","OW","The Tax Burden on Tobacco","Cigarette Sales","201,140,000","$","Dollars","POINT (-120.47001079 47.522278629)","Table 12- Orzechowski and Walker, Tax Burden on Tobacco","POL","450POL","450CGS"
"WV","West Virginia","1995","OW","The Tax Burden on Tobacco","Cigarette Sales","35,763,000","$","Dollars","POINT (-80.712640135 38.665510202)","Table 12- Orzechowski and Walker, Tax Burden on Tobacco","POL","450POL","450CGS"
"WI","Wisconsin","1995","OW","The Tax Burden on Tobacco","Cigarette Sales","180,497,908","$","Dollars","POINT (-89.816370742 44.393191174)","Table 12- Orzechowski and Walker, Tax Burden on Tobacco","POL","450POL","450CGS"
"WY","Wyoming","1995","OW","The Tax Burden on Tobacco","Cigarette Sales","6,445,000","$","Dollars","POINT (-108.109830353 43.235541343)","Table 12- Orzechowski and Walker, Tax Burden on Tobacco","POL","450POL","450CGS"
"AL","Alabama","1994","OW","The Tax Burden on Tobacco","Cigarette Sales","72,324,900","$","Dollars","POINT (-86.631860762 32.840571122)","Table 12- Orzechowski and Walker, Tax Burden on Tobacco","POL","450POL","450CGS"
"AK","Alaska","1994","OW","The Tax Burden on Tobacco","Cigarette Sales","15,548,000","$","Dollars","POINT (-147.722059036 64.845079957001)","Table 12- Orzechowski and Walker, Tax Burden on Tobacco","POL","450POL","450CGS"
"AZ","Arizona","1994","OW","The Tax Burden on Tobacco","Cigarette Sales","54,392,580","$","Dollars","POINT (-111.763811277 34.86597028)","Table 12- Orzechowski and Walker, Tax Burden on Tobacco","POL","450POL","450CGS"
"AR","Arkansas","1994","OW","The Tax Burden on Tobacco","Cigarette Sales","81,346,688","$","Dollars","POINT (-92.274490743 34.748650124)","Table 12- Orzechowski and Walker, Tax Burden on Tobacco","POL","450POL","450CGS"
"CA","California","1994","OW","The Tax Burden on Tobacco","Cigarette Sales","653,545,894","$","Dollars","POINT (-120.999999538 37.638640123)","Table 12- Orzechowski and Walker, Tax Burden on Tobacco","POL","450POL","450CGS"
"CO","Colorado","1994","OW","The Tax Burden on Tobacco","Cigarette Sales","60,025,673","$","Dollars","POINT (-106.133610921 38.843840757)","Table 12- Orzechowski and Walker, Tax Burden on Tobacco","POL","450POL","450CGS"
"CT","Connecticut","1994","OW","The Tax Burden on Tobacco","Cigarette Sales","119,272,088","$","Dollars","POINT (-72.649840952 41.56266102)","Table 12- Orzechowski and Walker, Tax Burden on Tobacco","POL","450POL","450CGS"
"DE","Delaware","1994","OW","The Tax Burden on Tobacco","Cigarette Sales","20,705,148","$","Dollars","POINT (-75.577741168 39.008830667)","Table 12- Orzechowski and Walker, Tax Burden on Tobacco","POL","450POL","450CGS"
"DC","District of Columbia","1994","OW","The Tax Burden on Tobacco","Cigarette Sales","21,412,000","$","Dollars","POINT (-77.031961127 38.890371385)","Table 12- Orzechowski and Walker, Tax Burden on Tobacco","POL","450POL","450CGS"
"FL","Florida","1994","OW","The Tax Burden on Tobacco","Cigarette Sales","428,232,716","$","Dollars","POINT (-81.928960539 28.932040377)","Table 12- Orzechowski and Walker, Tax Burden on Tobacco","POL","450POL","450CGS"
"GA","Georgia","1994","OW","The Tax Burden on Tobacco","Cigarette Sales","86,833,821","$","Dollars","POINT (-83.627580346 32.839681093)","Table 12- Orzechowski and Walker, Tax Burden on Tobacco","POL","450POL","450CGS"
"HI","Hawaii","1994","OW","The Tax Burden on Tobacco","Cigarette Sales","30,019,000","$","Dollars","POINT (-157.857749403 21.304850435)","Table 12- Orzechowski and Walker, Tax Burden on Tobacco","POL","450POL","450CGS"
"ID","Idaho","1994","OW","The Tax Burden on Tobacco","Cigarette Sales","17,131,500","$","Dollars","POINT (-114.363730042 43.682630005)","Table 12- Orzechowski and Walker, Tax Burden on Tobacco","POL","450POL","450CGS"
"IL","Illinois","1994","OW","The Tax Burden on Tobacco","Cigarette Sales","412,689,145","$","Dollars","POINT (-88.997710178 40.485010283)","Table 12- Orzechowski and Walker, Tax Burden on Tobacco","POL","450POL","450CGS"
"IN","Indiana","1994","OW","The Tax Burden on Tobacco","Cigarette Sales","111,199,531","$","Dollars","POINT (-86.149960194 39.766910452)","Table 12- Orzechowski and Walker, Tax Burden on Tobacco","POL","450POL","450CGS"
"IA","Iowa","1994","OW","The Tax Burden on Tobacco","Cigarette Sales","93,474,587","$","Dollars","POINT (-93.816490556 42.469400913)","Table 12- Orzechowski and Walker, Tax Burden on Tobacco","POL","450POL","450CGS"
"KS","Kansas","1994","OW","The Tax Burden on Tobacco","Cigarette Sales","54,036,609","$","Dollars","POINT (-98.200781227 38.3477403)","Table 12- Orzechowski and Walker, Tax Burden on Tobacco","POL","450POL","450CGS"
"KY","Kentucky","1994","OW","The Tax Burden on Tobacco","Cigarette Sales","18,858,000","$","Dollars","POINT (-84.774971048 37.645970271)","Table 12- Orzechowski and Walker, Tax Burden on Tobacco","POL","450POL","450CGS"
"LA","Louisiana","1994","OW","The Tax Burden on Tobacco","Cigarette Sales","89,130,616","$","Dollars","POINT (-92.445680071 31.312660644)","Table 12- Orzechowski and Walker, Tax Burden on Tobacco","POL","450POL","450CGS"
"ME","Maine","1994","OW","The Tax Burden on Tobacco","Cigarette Sales","46,856,957","$","Dollars","POINT (-68.985031336 45.254228894001)","Table 12- Orzechowski and Walker, Tax Burden on Tobacco","POL","450POL","450CGS"
"MD","Maryland","1994","OW","The Tax Burden on Tobacco","Cigarette Sales","141,772,000","$","Dollars","POINT (-76.609260111 39.290580964)","Table 12- Orzechowski and Walker, Tax Burden on Tobacco","POL","450POL","450CGS"
"MA","Massachusetts","1994","OW","The Tax Burden on Tobacco","Cigarette Sales","237,547,765","$","Dollars","POINT (-72.082690675 42.27687047)","Table 12- Orzechowski and Walker, Tax Burden on Tobacco","POL","450POL","450CGS"
"MI","Michigan","1994","OW","The Tax Burden on Tobacco","Cigarette Sales","277,844,000","$","Dollars","POINT (-84.71439027 44.661319543001)","Table 12- Orzechowski and Walker, Tax Burden on Tobacco","POL","450POL","450CGS"
"MN","Minnesota","1994","OW","The Tax Burden on Tobacco","Cigarette Sales","173,787,772","$","Dollars","POINT (-94.794200503 46.355648736)","Table 12- Orzechowski and Walker, Tax Burden on Tobacco","POL","450POL","450CGS"
"MS","Mississippi","1994","OW","The Tax Burden on Tobacco","Cigarette Sales","49,446,765","$","Dollars","POINT (-89.538030825 32.745510099)","Table 12- Orzechowski and Walker, Tax Burden on Tobacco","POL","450POL","450CGS"
"MO","Missouri","1994","OW","The Tax Burden on Tobacco","Cigarette Sales","98,702,660","$","Dollars","POINT (-92.566300053 38.635790776)","Table 12- Orzechowski and Walker, Tax Burden on Tobacco","POL","450POL","450CGS"
"MT","Montana","1994","OW","The Tax Burden on Tobacco","Cigarette Sales","12,852,542","$","Dollars","POINT (-109.424420645 47.066528972)","Table 12- Orzechowski and Walker, Tax Burden on Tobacco","POL","450POL","450CGS"
"NE","Nebraska","1994","OW","The Tax Burden on Tobacco","Cigarette Sales","46,309,358","$","Dollars","POINT (-99.365720623 41.641040988001)","Table 12- Orzechowski and Walker, Tax Burden on Tobacco","POL","450POL","450CGS"
"NV","Nevada","1994","OW","The Tax Burden on Tobacco","Cigarette Sales","47,907,937","$","Dollars","POINT (-117.071840564 39.49324039)","Table 12- Orzechowski and Walker, Tax Burden on Tobacco","POL","450POL","450CGS"
"NH","New Hampshire","1994","OW","The Tax Burden on Tobacco","Cigarette Sales","43,658,153","$","Dollars","POINT (-71.50036092 43.655950113)","Table 12- Orzechowski and Walker, Tax Burden on Tobacco","POL","450POL","450CGS"
"NJ","New Jersey","1994","OW","The Tax Burden on Tobacco","Cigarette Sales","251,644,224","$","Dollars","POINT (-74.273691288 40.130570048)","Table 12- Orzechowski and Walker, Tax Burden on Tobacco","POL","450POL","450CGS"
"NM","New Mexico","1994","OW","The Tax Burden on Tobacco","Cigarette Sales","22,387,048","$","Dollars","POINT (-106.240580985 34.520880952)","Table 12- Orzechowski and Walker, Tax Burden on Tobacco","POL","450POL","450CGS"
"NY","New York","1994","OW","The Tax Burden on Tobacco","Cigarette Sales","729,191,177","$","Dollars","POINT (-75.543970427 42.827001032)","Table 12- Orzechowski and Walker, Tax Burden on Tobacco","POL","450POL","450CGS"
"NC","North Carolina","1994","OW","The Tax Burden on Tobacco","Cigarette Sales","38,183,312","$","Dollars","POINT (-79.159250463 35.466220975)","Table 12- Orzechowski and Walker, Tax Burden on Tobacco","POL","450POL","450CGS"
"ND","North Dakota","1994","OW","The Tax Burden on Tobacco","Cigarette Sales","21,799,053","$","Dollars","POINT (-100.118421049 47.475319779)","Table 12- Orzechowski and Walker, Tax Burden on Tobacco","POL","450POL","450CGS"
"OH","Ohio","1994","OW","The Tax Burden on Tobacco","Cigarette Sales","284,468,676","$","Dollars","POINT (-82.404260056 40.060210141)","Table 12- Orzechowski and Walker, Tax Burden on Tobacco","POL","450POL","450CGS"
"OK","Oklahoma","1994","OW","The Tax Burden on Tobacco","Cigarette Sales","65,233,478","$","Dollars","POINT (-97.521070214 35.472031356)","Table 12- Orzechowski and Walker, Tax Burden on Tobacco","POL","450POL","450CGS"
"OR","Oregon","1994","OW","The Tax Burden on Tobacco","Cigarette Sales","95,850,185","$","Dollars","POINT (-120.155031326 44.567449424)","Table 12- Orzechowski and Walker, Tax Burden on Tobacco","POL","450POL","450CGS"
"PA","Pennsylvania","1994","OW","The Tax Burden on Tobacco","Cigarette Sales","356,174,000","$","Dollars","POINT (-77.860700294 40.793730152)","Table 12- Orzechowski and Walker, Tax Burden on Tobacco","POL","450POL","450CGS"
"RI","Rhode Island","1994","OW","The Tax Burden on Tobacco","Cigarette Sales","40,883,302","$","Dollars","POINT (-71.522470314 41.708280193)","Table 12- Orzechowski and Walker, Tax Burden on Tobacco","POL","450POL","450CGS"
"SC","South Carolina","1994","OW","The Tax Burden on Tobacco","Cigarette Sales","27,996,316","$","Dollars","POINT (-81.045371207 33.998821303)","Table 12- Orzechowski and Walker, Tax Burden on Tobacco","POL","450POL","450CGS"
"SD","South Dakota","1994","OW","The Tax Burden on Tobacco","Cigarette Sales","15,303,000","$","Dollars","POINT (-100.373530637 44.353130053)","Table 12- Orzechowski and Walker, Tax Burden on Tobacco","POL","450POL","450CGS"
"TN","Tennessee","1994","OW","The Tax Burden on Tobacco","Cigarette Sales","77,049,000","$","Dollars","POINT (-85.774490914 35.68094058)","Table 12- Orzechowski and Walker, Tax Burden on Tobacco","POL","450POL","450CGS"
"TX","Texas","1994","OW","The Tax Burden on Tobacco","Cigarette Sales","562,276,060","$","Dollars","POINT (-99.426770206 31.827240407)","Table 12- Orzechowski and Walker, Tax Burden on Tobacco","POL","450POL","450CGS"
"UT","Utah","1994","OW","The Tax Burden on Tobacco","Cigarette Sales","26,167,144","$","Dollars","POINT (-111.587130635 39.360700171)","Table 12- Orzechowski and Walker, Tax Burden on Tobacco","POL","450POL","450CGS"
"VT","Vermont","1994","OW","The Tax Burden on Tobacco","Cigarette Sales","13,764,112","$","Dollars","POINT (-72.517640791 43.625381239)","Table 12- Orzechowski and Walker, Tax Burden on Tobacco","POL","450POL","450CGS"
"VA","Virginia","1994","OW","The Tax Burden on Tobacco","Cigarette Sales","16,707,000","$","Dollars","POINT (-78.457890463 37.542680674)","Table 12- Orzechowski and Walker, Tax Burden on Tobacco","POL","450POL","450CGS"
"WA","Washington","1994","OW","The Tax Burden on Tobacco","Cigarette Sales","196,442,982","$","Dollars","POINT (-120.47001079 47.522278629)","Table 12- Orzechowski and Walker, Tax Burden on Tobacco","POL","450POL","450CGS"
"WV","West Virginia","1994","OW","The Tax Burden on Tobacco","Cigarette Sales","31,604,000","$","Dollars","POINT (-80.712640135 38.665510202)","Table 12- Orzechowski and Walker, Tax Burden on Tobacco","POL","450POL","450CGS"
"WI","Wisconsin","1994","OW","The Tax Burden on Tobacco","Cigarette Sales","161,345,335","$","Dollars","POINT (-89.816370742 44.393191174)","Table 12- Orzechowski and Walker, Tax Burden on Tobacco","POL","450POL","450CGS"
"WY","Wyoming","1994","OW","The Tax Burden on Tobacco","Cigarette Sales","6,033,000","$","Dollars","POINT (-108.109830353 43.235541343)","Table 12- Orzechowski and Walker, Tax Burden on Tobacco","POL","450POL","450CGS"
"AL","Alabama","1993","OW","The Tax Burden on Tobacco","Cigarette Sales","72,619,924","$","Dollars","POINT (-86.631860762 32.840571122)","Table 12- Orzechowski and Walker, Tax Burden on Tobacco","POL","450POL","450CGS"
"AK","Alaska","1993","OW","The Tax Burden on Tobacco","Cigarette Sales","15,321,090","$","Dollars","POINT (-147.722059036 64.845079957001)","Table 12- Orzechowski and Walker, Tax Burden on Tobacco","POL","450POL","450CGS"
"AZ","Arizona","1993","OW","The Tax Burden on Tobacco","Cigarette Sales","54,098,346","$","Dollars","POINT (-111.763811277 34.86597028)","Table 12- Orzechowski and Walker, Tax Burden on Tobacco","POL","450POL","450CGS"
"AR","Arkansas","1993","OW","The Tax Burden on Tobacco","Cigarette Sales","72,196,949","$","Dollars","POINT (-92.274490743 34.748650124)","Table 12- Orzechowski and Walker, Tax Burden on Tobacco","POL","450POL","450CGS"
"CA","California","1993","OW","The Tax Burden on Tobacco","Cigarette Sales","673,194,758","$","Dollars","POINT (-120.999999538 37.638640123)","Table 12- Orzechowski and Walker, Tax Burden on Tobacco","POL","450POL","450CGS"
"CO","Colorado","1993","OW","The Tax Burden on Tobacco","Cigarette Sales","58,864,837","$","Dollars","POINT (-106.133610921 38.843840757)","Table 12- Orzechowski and Walker, Tax Burden on Tobacco","POL","450POL","450CGS"
"CT","Connecticut","1993","OW","The Tax Burden on Tobacco","Cigarette Sales","117,494,262","$","Dollars","POINT (-72.649840952 41.56266102)","Table 12- Orzechowski and Walker, Tax Burden on Tobacco","POL","450POL","450CGS"
"DE","Delaware","1993","OW","The Tax Burden on Tobacco","Cigarette Sales","20,003,796","$","Dollars","POINT (-75.577741168 39.008830667)","Table 12- Orzechowski and Walker, Tax Burden on Tobacco","POL","450POL","450CGS"
"DC","District of Columbia","1993","OW","The Tax Burden on Tobacco","Cigarette Sales","20,611,000","$","Dollars","POINT (-77.031961127 38.890371385)","Table 12- Orzechowski and Walker, Tax Burden on Tobacco","POL","450POL","450CGS"
"FL","Florida","1993","OW","The Tax Burden on Tobacco","Cigarette Sales","427,857,405","$","Dollars","POINT (-81.928960539 28.932040377)","Table 12- Orzechowski and Walker, Tax Burden on Tobacco","POL","450POL","450CGS"
"GA","Georgia","1993","OW","The Tax Burden on Tobacco","Cigarette Sales","86,596,441","$","Dollars","POINT (-83.627580346 32.839681093)","Table 12- Orzechowski and Walker, Tax Burden on Tobacco","POL","450POL","450CGS"
"HI","Hawaii","1993","OW","The Tax Burden on Tobacco","Cigarette Sales","28,572,503","$","Dollars","POINT (-157.857749403 21.304850435)","Table 12- Orzechowski and Walker, Tax Burden on Tobacco","POL","450POL","450CGS"
"ID","Idaho","1993","OW","The Tax Burden on Tobacco","Cigarette Sales","15,739,152","$","Dollars","POINT (-114.363730042 43.682630005)","Table 12- Orzechowski and Walker, Tax Burden on Tobacco","POL","450POL","450CGS"
"IL","Illinois","1993","OW","The Tax Burden on Tobacco","Cigarette Sales","315,010,000","$","Dollars","POINT (-88.997710178 40.485010283)","Table 12- Orzechowski and Walker, Tax Burden on Tobacco","POL","450POL","450CGS"
"IN","Indiana","1993","OW","The Tax Burden on Tobacco","Cigarette Sales","109,194,371","$","Dollars","POINT (-86.149960194 39.766910452)","Table 12- Orzechowski and Walker, Tax Burden on Tobacco","POL","450POL","450CGS"
"IA","Iowa","1993","OW","The Tax Burden on Tobacco","Cigarette Sales","92,518,148","$","Dollars","POINT (-93.816490556 42.469400913)","Table 12- Orzechowski and Walker, Tax Burden on Tobacco","POL","450POL","450CGS"
"KS","Kansas","1993","OW","The Tax Burden on Tobacco","Cigarette Sales","53,792,399","$","Dollars","POINT (-98.200781227 38.3477403)","Table 12- Orzechowski and Walker, Tax Burden on Tobacco","POL","450POL","450CGS"
"KY","Kentucky","1993","OW","The Tax Burden on Tobacco","Cigarette Sales","18,542,000","$","Dollars","POINT (-84.774971048 37.645970271)","Table 12- Orzechowski and Walker, Tax Burden on Tobacco","POL","450POL","450CGS"
"LA","Louisiana","1993","OW","The Tax Burden on Tobacco","Cigarette Sales","89,290,089","$","Dollars","POINT (-92.445680071 31.312660644)","Table 12- Orzechowski and Walker, Tax Burden on Tobacco","POL","450POL","450CGS"
"ME","Maine","1993","OW","The Tax Burden on Tobacco","Cigarette Sales","49,479,000","$","Dollars","POINT (-68.985031336 45.254228894001)","Table 12- Orzechowski and Walker, Tax Burden on Tobacco","POL","450POL","450CGS"
"MD","Maryland","1993","OW","The Tax Burden on Tobacco","Cigarette Sales","141,618,000","$","Dollars","POINT (-76.609260111 39.290580964)","Table 12- Orzechowski and Walker, Tax Burden on Tobacco","POL","450POL","450CGS"
"MA","Massachusetts","1993","OW","The Tax Burden on Tobacco","Cigarette Sales","189,891,166","$","Dollars","POINT (-72.082690675 42.27687047)","Table 12- Orzechowski and Walker, Tax Burden on Tobacco","POL","450POL","450CGS"
"MI","Michigan","1993","OW","The Tax Burden on Tobacco","Cigarette Sales","246,198,000","$","Dollars","POINT (-84.71439027 44.661319543001)","Table 12- Orzechowski and Walker, Tax Burden on Tobacco","POL","450POL","450CGS"
"MN","Minnesota","1993","OW","The Tax Burden on Tobacco","Cigarette Sales","174,012,701","$","Dollars","POINT (-94.794200503 46.355648736)","Table 12- Orzechowski and Walker, Tax Burden on Tobacco","POL","450POL","450CGS"
"MS","Mississippi","1993","OW","The Tax Burden on Tobacco","Cigarette Sales","48,875,348","$","Dollars","POINT (-89.538030825 32.745510099)","Table 12- Orzechowski and Walker, Tax Burden on Tobacco","POL","450POL","450CGS"
"MO","Missouri","1993","OW","The Tax Burden on Tobacco","Cigarette Sales","81,556,000","$","Dollars","POINT (-92.566300053 38.635790776)","Table 12- Orzechowski and Walker, Tax Burden on Tobacco","POL","450POL","450CGS"
"MT","Montana","1993","OW","The Tax Burden on Tobacco","Cigarette Sales","13,191,145","$","Dollars","POINT (-109.424420645 47.066528972)","Table 12- Orzechowski and Walker, Tax Burden on Tobacco","POL","450POL","450CGS"
"NE","Nebraska","1993","OW","The Tax Burden on Tobacco","Cigarette Sales","38,832,035","$","Dollars","POINT (-99.365720623 41.641040988001)","Table 12- Orzechowski and Walker, Tax Burden on Tobacco","POL","450POL","450CGS"
"NV","Nevada","1993","OW","The Tax Burden on Tobacco","Cigarette Sales","46,349,800","$","Dollars","POINT (-117.071840564 39.49324039)","Table 12- Orzechowski and Walker, Tax Burden on Tobacco","POL","450POL","450CGS"
"NH","New Hampshire","1993","OW","The Tax Burden on Tobacco","Cigarette Sales","41,940,913","$","Dollars","POINT (-71.50036092 43.655950113)","Table 12- Orzechowski and Walker, Tax Burden on Tobacco","POL","450POL","450CGS"
"NJ","New Jersey","1993","OW","The Tax Burden on Tobacco","Cigarette Sales","257,517,600","$","Dollars","POINT (-74.273691288 40.130570048)","Table 12- Orzechowski and Walker, Tax Burden on Tobacco","POL","450POL","450CGS"
"NM","New Mexico","1993","OW","The Tax Burden on Tobacco","Cigarette Sales","15,878,331","$","Dollars","POINT (-106.240580985 34.520880952)","Table 12- Orzechowski and Walker, Tax Burden on Tobacco","POL","450POL","450CGS"
"NY","New York","1993","OW","The Tax Burden on Tobacco","Cigarette Sales","561,867,763","$","Dollars","POINT (-75.543970427 42.827001032)","Table 12- Orzechowski and Walker, Tax Burden on Tobacco","POL","450POL","450CGS"
"NC","North Carolina","1993","OW","The Tax Burden on Tobacco","Cigarette Sales","43,394,879","$","Dollars","POINT (-79.159250463 35.466220975)","Table 12- Orzechowski and Walker, Tax Burden on Tobacco","POL","450POL","450CGS"
"ND","North Dakota","1993","OW","The Tax Burden on Tobacco","Cigarette Sales","15,301,088","$","Dollars","POINT (-100.118421049 47.475319779)","Table 12- Orzechowski and Walker, Tax Burden on Tobacco","POL","450POL","450CGS"
"OH","Ohio","1993","OW","The Tax Burden on Tobacco","Cigarette Sales","247,490,667","$","Dollars","POINT (-82.404260056 40.060210141)","Table 12- Orzechowski and Walker, Tax Burden on Tobacco","POL","450POL","450CGS"
"OK","Oklahoma","1993","OW","The Tax Burden on Tobacco","Cigarette Sales","62,438,584","$","Dollars","POINT (-97.521070214 35.472031356)","Table 12- Orzechowski and Walker, Tax Burden on Tobacco","POL","450POL","450CGS"
"OR","Oregon","1993","OW","The Tax Burden on Tobacco","Cigarette Sales","80,241,000","$","Dollars","POINT (-120.155031326 44.567449424)","Table 12- Orzechowski and Walker, Tax Burden on Tobacco","POL","450POL","450CGS"
"PA","Pennsylvania","1993","OW","The Tax Burden on Tobacco","Cigarette Sales","352,269,000","$","Dollars","POINT (-77.860700294 40.793730152)","Table 12- Orzechowski and Walker, Tax Burden on Tobacco","POL","450POL","450CGS"
"RI","Rhode Island","1993","OW","The Tax Burden on Tobacco","Cigarette Sales","35,129,046","$","Dollars","POINT (-71.522470314 41.708280193)","Table 12- Orzechowski and Walker, Tax Burden on Tobacco","POL","450POL","450CGS"
"SC","South Carolina","1993","OW","The Tax Burden on Tobacco","Cigarette Sales","28,402,000","$","Dollars","POINT (-81.045371207 33.998821303)","Table 12- Orzechowski and Walker, Tax Burden on Tobacco","POL","450POL","450CGS"
"SD","South Dakota","1993","OW","The Tax Burden on Tobacco","Cigarette Sales","14,685,000","$","Dollars","POINT (-100.373530637 44.353130053)","Table 12- Orzechowski and Walker, Tax Burden on Tobacco","POL","450POL","450CGS"
"TN","Tennessee","1993","OW","The Tax Burden on Tobacco","Cigarette Sales","77,029,000","$","Dollars","POINT (-85.774490914 35.68094058)","Table 12- Orzechowski and Walker, Tax Burden on Tobacco","POL","450POL","450CGS"
"TX","Texas","1993","OW","The Tax Burden on Tobacco","Cigarette Sales","572,602,310","$","Dollars","POINT (-99.426770206 31.827240407)","Table 12- Orzechowski and Walker, Tax Burden on Tobacco","POL","450POL","450CGS"
"UT","Utah","1993","OW","The Tax Burden on Tobacco","Cigarette Sales","25,898,218","$","Dollars","POINT (-111.587130635 39.360700171)","Table 12- Orzechowski and Walker, Tax Burden on Tobacco","POL","450POL","450CGS"
"VT","Vermont","1993","OW","The Tax Burden on Tobacco","Cigarette Sales","13,274,742","$","Dollars","POINT (-72.517640791 43.625381239)","Table 12- Orzechowski and Walker, Tax Burden on Tobacco","POL","450POL","450CGS"
"VA","Virginia","1993","OW","The Tax Burden on Tobacco","Cigarette Sales","16,504,000","$","Dollars","POINT (-78.457890463 37.542680674)","Table 12- Orzechowski and Walker, Tax Burden on Tobacco","POL","450POL","450CGS"
"WA","Washington","1993","OW","The Tax Burden on Tobacco","Cigarette Sales","133,869,288","$","Dollars","POINT (-120.47001079 47.522278629)","Table 12- Orzechowski and Walker, Tax Burden on Tobacco","POL","450POL","450CGS"
"WV","West Virginia","1993","OW","The Tax Burden on Tobacco","Cigarette Sales","34,588,000","$","Dollars","POINT (-80.712640135 38.665510202)","Table 12- Orzechowski and Walker, Tax Burden on Tobacco","POL","450POL","450CGS"
"WI","Wisconsin","1993","OW","The Tax Burden on Tobacco","Cigarette Sales","170,281,849","$","Dollars","POINT (-89.816370742 44.393191174)","Table 12- Orzechowski and Walker, Tax Burden on Tobacco","POL","450POL","450CGS"
"WY","Wyoming","1993","OW","The Tax Burden on Tobacco","Cigarette Sales","5,842,000","$","Dollars","POINT (-108.109830353 43.235541343)","Table 12- Orzechowski and Walker, Tax Burden on Tobacco","POL","450POL","450CGS"
"AL","Alabama","1992","OW","The Tax Burden on Tobacco","Cigarette Sales","73,149,118","$","Dollars","POINT (-86.631860762 32.840571122)","Table 12- Orzechowski and Walker, Tax Burden on Tobacco","POL","450POL","450CGS"
"AK","Alaska","1992","OW","The Tax Burden on Tobacco","Cigarette Sales","15,812,651","$","Dollars","POINT (-147.722059036 64.845079957001)","Table 12- Orzechowski and Walker, Tax Burden on Tobacco","POL","450POL","450CGS"
"AZ","Arizona","1992","OW","The Tax Burden on Tobacco","Cigarette Sales","53,152,206","$","Dollars","POINT (-111.763811277 34.86597028)","Table 12- Orzechowski and Walker, Tax Burden on Tobacco","POL","450POL","450CGS"
"AR","Arkansas","1992","OW","The Tax Burden on Tobacco","Cigarette Sales","65,362,674","$","Dollars","POINT (-92.274490743 34.748650124)","Table 12- Orzechowski and Walker, Tax Burden on Tobacco","POL","450POL","450CGS"
"CA","California","1992","OW","The Tax Burden on Tobacco","Cigarette Sales","717,361,867","$","Dollars","POINT (-120.999999538 37.638640123)","Table 12- Orzechowski and Walker, Tax Burden on Tobacco","POL","450POL","450CGS"
"CO","Colorado","1992","OW","The Tax Burden on Tobacco","Cigarette Sales","58,654,419","$","Dollars","POINT (-106.133610921 38.843840757)","Table 12- Orzechowski and Walker, Tax Burden on Tobacco","POL","450POL","450CGS"
"CT","Connecticut","1992","OW","The Tax Burden on Tobacco","Cigarette Sales","120,786,957","$","Dollars","POINT (-72.649840952 41.56266102)","Table 12- Orzechowski and Walker, Tax Burden on Tobacco","POL","450POL","450CGS"
"DE","Delaware","1992","OW","The Tax Burden on Tobacco","Cigarette Sales","19,489,890","$","Dollars","POINT (-75.577741168 39.008830667)","Table 12- Orzechowski and Walker, Tax Burden on Tobacco","POL","450POL","450CGS"
"DC","District of Columbia","1992","OW","The Tax Burden on Tobacco","Cigarette Sales","14,272,000","$","Dollars","POINT (-77.031961127 38.890371385)","Table 12- Orzechowski and Walker, Tax Burden on Tobacco","POL","450POL","450CGS"
"FL","Florida","1992","OW","The Tax Burden on Tobacco","Cigarette Sales","430,165,803","$","Dollars","POINT (-81.928960539 28.932040377)","Table 12- Orzechowski and Walker, Tax Burden on Tobacco","POL","450POL","450CGS"
"GA","Georgia","1992","OW","The Tax Burden on Tobacco","Cigarette Sales","85,101,224","$","Dollars","POINT (-83.627580346 32.839681093)","Table 12- Orzechowski and Walker, Tax Burden on Tobacco","POL","450POL","450CGS"
"HI","Hawaii","1992","OW","The Tax Burden on Tobacco","Cigarette Sales","26,477,000","$","Dollars","POINT (-157.857749403 21.304850435)","Table 12- Orzechowski and Walker, Tax Burden on Tobacco","POL","450POL","450CGS"
"ID","Idaho","1992","OW","The Tax Burden on Tobacco","Cigarette Sales","15,203,794","$","Dollars","POINT (-114.363730042 43.682630005)","Table 12- Orzechowski and Walker, Tax Burden on Tobacco","POL","450POL","450CGS"
"IL","Illinois","1992","OW","The Tax Burden on Tobacco","Cigarette Sales","323,100,000","$","Dollars","POINT (-88.997710178 40.485010283)","Table 12- Orzechowski and Walker, Tax Burden on Tobacco","POL","450POL","450CGS"
"IN","Indiana","1992","OW","The Tax Burden on Tobacco","Cigarette Sales","110,491,216","$","Dollars","POINT (-86.149960194 39.766910452)","Table 12- Orzechowski and Walker, Tax Burden on Tobacco","POL","450POL","450CGS"
"IA","Iowa","1992","OW","The Tax Burden on Tobacco","Cigarette Sales","94,916,925","$","Dollars","POINT (-93.816490556 42.469400913)","Table 12- Orzechowski and Walker, Tax Burden on Tobacco","POL","450POL","450CGS"
"KS","Kansas","1992","OW","The Tax Burden on Tobacco","Cigarette Sales","53,617,108","$","Dollars","POINT (-98.200781227 38.3477403)","Table 12- Orzechowski and Walker, Tax Burden on Tobacco","POL","450POL","450CGS"
"KY","Kentucky","1992","OW","The Tax Burden on Tobacco","Cigarette Sales","18,538,000","$","Dollars","POINT (-84.774971048 37.645970271)","Table 12- Orzechowski and Walker, Tax Burden on Tobacco","POL","450POL","450CGS"
"LA","Louisiana","1992","OW","The Tax Burden on Tobacco","Cigarette Sales","91,292,885","$","Dollars","POINT (-92.445680071 31.312660644)","Table 12- Orzechowski and Walker, Tax Burden on Tobacco","POL","450POL","450CGS"
"ME","Maine","1992","OW","The Tax Burden on Tobacco","Cigarette Sales","52,528,000","$","Dollars","POINT (-68.985031336 45.254228894001)","Table 12- Orzechowski and Walker, Tax Burden on Tobacco","POL","450POL","450CGS"
"MD","Maryland","1992","OW","The Tax Burden on Tobacco","Cigarette Sales","84,839,000","$","Dollars","POINT (-76.609260111 39.290580964)","Table 12- Orzechowski and Walker, Tax Burden on Tobacco","POL","450POL","450CGS"
"MA","Massachusetts","1992","OW","The Tax Burden on Tobacco","Cigarette Sales","142,123,897","$","Dollars","POINT (-72.082690675 42.27687047)","Table 12- Orzechowski and Walker, Tax Burden on Tobacco","POL","450POL","450CGS"
"MI","Michigan","1992","OW","The Tax Burden on Tobacco","Cigarette Sales","251,217,000","$","Dollars","POINT (-84.71439027 44.661319543001)","Table 12- Orzechowski and Walker, Tax Burden on Tobacco","POL","450POL","450CGS"
"MN","Minnesota","1992","OW","The Tax Burden on Tobacco","Cigarette Sales","159,104,810","$","Dollars","POINT (-94.794200503 46.355648736)","Table 12- Orzechowski and Walker, Tax Burden on Tobacco","POL","450POL","450CGS"
"MS","Mississippi","1992","OW","The Tax Burden on Tobacco","Cigarette Sales","48,170,870","$","Dollars","POINT (-89.538030825 32.745510099)","Table 12- Orzechowski and Walker, Tax Burden on Tobacco","POL","450POL","450CGS"
"MO","Missouri","1992","OW","The Tax Burden on Tobacco","Cigarette Sales","82,066,000","$","Dollars","POINT (-92.566300053 38.635790776)","Table 12- Orzechowski and Walker, Tax Burden on Tobacco","POL","450POL","450CGS"
"MT","Montana","1992","OW","The Tax Burden on Tobacco","Cigarette Sales","12,452,707","$","Dollars","POINT (-109.424420645 47.066528972)","Table 12- Orzechowski and Walker, Tax Burden on Tobacco","POL","450POL","450CGS"
"NE","Nebraska","1992","OW","The Tax Burden on Tobacco","Cigarette Sales","38,702,772","$","Dollars","POINT (-99.365720623 41.641040988001)","Table 12- Orzechowski and Walker, Tax Burden on Tobacco","POL","450POL","450CGS"
"NV","Nevada","1992","OW","The Tax Burden on Tobacco","Cigarette Sales","47,894,128","$","Dollars","POINT (-117.071840564 39.49324039)","Table 12- Orzechowski and Walker, Tax Burden on Tobacco","POL","450POL","450CGS"
"NH","New Hampshire","1992","OW","The Tax Burden on Tobacco","Cigarette Sales","40,608,665","$","Dollars","POINT (-71.50036092 43.655950113)","Table 12- Orzechowski and Walker, Tax Burden on Tobacco","POL","450POL","450CGS"
"NJ","New Jersey","1992","OW","The Tax Burden on Tobacco","Cigarette Sales","269,134,972","$","Dollars","POINT (-74.273691288 40.130570048)","Table 12- Orzechowski and Walker, Tax Burden on Tobacco","POL","450POL","450CGS"
"NM","New Mexico","1992","OW","The Tax Burden on Tobacco","Cigarette Sales","16,441,366","$","Dollars","POINT (-106.240580985 34.520880952)","Table 12- Orzechowski and Walker, Tax Burden on Tobacco","POL","450POL","450CGS"
"NY","New York","1992","OW","The Tax Burden on Tobacco","Cigarette Sales","582,518,658","$","Dollars","POINT (-75.543970427 42.827001032)","Table 12- Orzechowski and Walker, Tax Burden on Tobacco","POL","450POL","450CGS"
"NC","North Carolina","1992","OW","The Tax Burden on Tobacco","Cigarette Sales","39,908,931","$","Dollars","POINT (-79.159250463 35.466220975)","Table 12- Orzechowski and Walker, Tax Burden on Tobacco","POL","450POL","450CGS"
"ND","North Dakota","1992","OW","The Tax Burden on Tobacco","Cigarette Sales","13,509,061","$","Dollars","POINT (-100.118421049 47.475319779)","Table 12- Orzechowski and Walker, Tax Burden on Tobacco","POL","450POL","450CGS"
"OH","Ohio","1992","OW","The Tax Burden on Tobacco","Cigarette Sales","219,655,000","$","Dollars","POINT (-82.404260056 40.060210141)","Table 12- Orzechowski and Walker, Tax Burden on Tobacco","POL","450POL","450CGS"
"OK","Oklahoma","1992","OW","The Tax Burden on Tobacco","Cigarette Sales","62,351,049","$","Dollars","POINT (-97.521070214 35.472031356)","Table 12- Orzechowski and Walker, Tax Burden on Tobacco","POL","450POL","450CGS"
"OR","Oregon","1992","OW","The Tax Burden on Tobacco","Cigarette Sales","81,759,720","$","Dollars","POINT (-120.155031326 44.567449424)","Table 12- Orzechowski and Walker, Tax Burden on Tobacco","POL","450POL","450CGS"
"PA","Pennsylvania","1992","OW","The Tax Burden on Tobacco","Cigarette Sales","338,770,000","$","Dollars","POINT (-77.860700294 40.793730152)","Table 12- Orzechowski and Walker, Tax Burden on Tobacco","POL","450POL","450CGS"
"RI","Rhode Island","1992","OW","The Tax Burden on Tobacco","Cigarette Sales","37,347,000","$","Dollars","POINT (-71.522470314 41.708280193)","Table 12- Orzechowski and Walker, Tax Burden on Tobacco","POL","450POL","450CGS"
"SC","South Carolina","1992","OW","The Tax Burden on Tobacco","Cigarette Sales","27,846,422","$","Dollars","POINT (-81.045371207 33.998821303)","Table 12- Orzechowski and Walker, Tax Burden on Tobacco","POL","450POL","450CGS"
"SD","South Dakota","1992","OW","The Tax Burden on Tobacco","Cigarette Sales","14,943,000","$","Dollars","POINT (-100.373530637 44.353130053)","Table 12- Orzechowski and Walker, Tax Burden on Tobacco","POL","450POL","450CGS"
"TN","Tennessee","1992","OW","The Tax Burden on Tobacco","Cigarette Sales","77,135,315","$","Dollars","POINT (-85.774490914 35.68094058)","Table 12- Orzechowski and Walker, Tax Burden on Tobacco","POL","450POL","450CGS"
"TX","Texas","1992","OW","The Tax Burden on Tobacco","Cigarette Sales","543,222,000","$","Dollars","POINT (-99.426770206 31.827240407)","Table 12- Orzechowski and Walker, Tax Burden on Tobacco","POL","450POL","450CGS"
"UT","Utah","1992","OW","The Tax Burden on Tobacco","Cigarette Sales","24,805,000","$","Dollars","POINT (-111.587130635 39.360700171)","Table 12- Orzechowski and Walker, Tax Burden on Tobacco","POL","450POL","450CGS"
"VT","Vermont","1992","OW","The Tax Burden on Tobacco","Cigarette Sales","13,307,556","$","Dollars","POINT (-72.517640791 43.625381239)","Table 12- Orzechowski and Walker, Tax Burden on Tobacco","POL","450POL","450CGS"
"VA","Virginia","1992","OW","The Tax Burden on Tobacco","Cigarette Sales","16,947,000","$","Dollars","POINT (-78.457890463 37.542680674)","Table 12- Orzechowski and Walker, Tax Burden on Tobacco","POL","450POL","450CGS"
"WA","Washington","1992","OW","The Tax Burden on Tobacco","Cigarette Sales","136,586,160","$","Dollars","POINT (-120.47001079 47.522278629)","Table 12- Orzechowski and Walker, Tax Burden on Tobacco","POL","450POL","450CGS"
"WV","West Virginia","1992","OW","The Tax Burden on Tobacco","Cigarette Sales","29,666,000","$","Dollars","POINT (-80.712640135 38.665510202)","Table 12- Orzechowski and Walker, Tax Burden on Tobacco","POL","450POL","450CGS"
"WI","Wisconsin","1992","OW","The Tax Burden on Tobacco","Cigarette Sales","149,382,335","$","Dollars","POINT (-89.816370742 44.393191174)","Table 12- Orzechowski and Walker, Tax Burden on Tobacco","POL","450POL","450CGS"
"WY","Wyoming","1992","OW","The Tax Burden on Tobacco","Cigarette Sales","5,971,000","$","Dollars","POINT (-108.109830353 43.235541343)","Table 12- Orzechowski and Walker, Tax Burden on Tobacco","POL","450POL","450CGS"
"AL","Alabama","1991","OW","The Tax Burden on Tobacco","Cigarette Sales","73,585,654","$","Dollars","POINT (-86.631860762 32.840571122)","Table 12- Orzechowski and Walker, Tax Burden on Tobacco","POL","450POL","450CGS"
"AK","Alaska","1991","OW","The Tax Burden on Tobacco","Cigarette Sales","16,377,954","$","Dollars","POINT (-147.722059036 64.845079957001)","Table 12- Orzechowski and Walker, Tax Burden on Tobacco","POL","450POL","450CGS"
"AZ","Arizona","1991","OW","The Tax Burden on Tobacco","Cigarette Sales","52,400,987","$","Dollars","POINT (-111.763811277 34.86597028)","Table 12- Orzechowski and Walker, Tax Burden on Tobacco","POL","450POL","450CGS"
"AR","Arkansas","1991","OW","The Tax Burden on Tobacco","Cigarette Sales","57,851,063","$","Dollars","POINT (-92.274490743 34.748650124)","Table 12- Orzechowski and Walker, Tax Burden on Tobacco","POL","450POL","450CGS"
"CA","California","1991","OW","The Tax Burden on Tobacco","Cigarette Sales","729,532,100","$","Dollars","POINT (-120.999999538 37.638640123)","Table 12- Orzechowski and Walker, Tax Burden on Tobacco","POL","450POL","450CGS"
"CO","Colorado","1991","OW","The Tax Burden on Tobacco","Cigarette Sales","59,892,549","$","Dollars","POINT (-106.133610921 38.843840757)","Table 12- Orzechowski and Walker, Tax Burden on Tobacco","POL","450POL","450CGS"
"CT","Connecticut","1991","OW","The Tax Burden on Tobacco","Cigarette Sales","114,506,710","$","Dollars","POINT (-72.649840952 41.56266102)","Table 12- Orzechowski and Walker, Tax Burden on Tobacco","POL","450POL","450CGS"
"DE","Delaware","1991","OW","The Tax Burden on Tobacco","Cigarette Sales","17,463,430","$","Dollars","POINT (-75.577741168 39.008830667)","Table 12- Orzechowski and Walker, Tax Burden on Tobacco","POL","450POL","450CGS"
"DC","District of Columbia","1991","OW","The Tax Burden on Tobacco","Cigarette Sales","8,439,000","$","Dollars","POINT (-77.031961127 38.890371385)","Table 12- Orzechowski and Walker, Tax Burden on Tobacco","POL","450POL","450CGS"
"FL","Florida","1991","OW","The Tax Burden on Tobacco","Cigarette Sales","443,173,112","$","Dollars","POINT (-81.928960539 28.932040377)","Table 12- Orzechowski and Walker, Tax Burden on Tobacco","POL","450POL","450CGS"
"GA","Georgia","1991","OW","The Tax Burden on Tobacco","Cigarette Sales","85,503,524","$","Dollars","POINT (-83.627580346 32.839681093)","Table 12- Orzechowski and Walker, Tax Burden on Tobacco","POL","450POL","450CGS"
"HI","Hawaii","1991","OW","The Tax Burden on Tobacco","Cigarette Sales","25,656,992","$","Dollars","POINT (-157.857749403 21.304850435)","Table 12- Orzechowski and Walker, Tax Burden on Tobacco","POL","450POL","450CGS"
"ID","Idaho","1991","OW","The Tax Burden on Tobacco","Cigarette Sales","14,696,223","$","Dollars","POINT (-114.363730042 43.682630005)","Table 12- Orzechowski and Walker, Tax Burden on Tobacco","POL","450POL","450CGS"
"IL","Illinois","1991","OW","The Tax Burden on Tobacco","Cigarette Sales","323,399,000","$","Dollars","POINT (-88.997710178 40.485010283)","Table 12- Orzechowski and Walker, Tax Burden on Tobacco","POL","450POL","450CGS"
"IN","Indiana","1991","OW","The Tax Burden on Tobacco","Cigarette Sales","114,707,074","$","Dollars","POINT (-86.149960194 39.766910452)","Table 12- Orzechowski and Walker, Tax Burden on Tobacco","POL","450POL","450CGS"
"IA","Iowa","1991","OW","The Tax Burden on Tobacco","Cigarette Sales","84,762,321","$","Dollars","POINT (-93.816490556 42.469400913)","Table 12- Orzechowski and Walker, Tax Burden on Tobacco","POL","450POL","450CGS"
"KS","Kansas","1991","OW","The Tax Burden on Tobacco","Cigarette Sales","55,637,270","$","Dollars","POINT (-98.200781227 38.3477403)","Table 12- Orzechowski and Walker, Tax Burden on Tobacco","POL","450POL","450CGS"
"KY","Kentucky","1991","OW","The Tax Burden on Tobacco","Cigarette Sales","18,847,000","$","Dollars","POINT (-84.774971048 37.645970271)","Table 12- Orzechowski and Walker, Tax Burden on Tobacco","POL","450POL","450CGS"
"LA","Louisiana","1991","OW","The Tax Burden on Tobacco","Cigarette Sales","87,348,058","$","Dollars","POINT (-92.445680071 31.312660644)","Table 12- Orzechowski and Walker, Tax Burden on Tobacco","POL","450POL","450CGS"
"ME","Maine","1991","OW","The Tax Burden on Tobacco","Cigarette Sales","43,462,016","$","Dollars","POINT (-68.985031336 45.254228894001)","Table 12- Orzechowski and Walker, Tax Burden on Tobacco","POL","450POL","450CGS"
"MD","Maryland","1991","OW","The Tax Burden on Tobacco","Cigarette Sales","62,625,000","$","Dollars","POINT (-76.609260111 39.290580964)","Table 12- Orzechowski and Walker, Tax Burden on Tobacco","POL","450POL","450CGS"
"MA","Massachusetts","1991","OW","The Tax Burden on Tobacco","Cigarette Sales","146,858,545","$","Dollars","POINT (-72.082690675 42.27687047)","Table 12- Orzechowski and Walker, Tax Burden on Tobacco","POL","450POL","450CGS"
"MI","Michigan","1991","OW","The Tax Burden on Tobacco","Cigarette Sales","257,166,000","$","Dollars","POINT (-84.71439027 44.661319543001)","Table 12- Orzechowski and Walker, Tax Burden on Tobacco","POL","450POL","450CGS"
"MN","Minnesota","1991","OW","The Tax Burden on Tobacco","Cigarette Sales","146,789,836","$","Dollars","POINT (-94.794200503 46.355648736)","Table 12- Orzechowski and Walker, Tax Burden on Tobacco","POL","450POL","450CGS"
"MS","Mississippi","1991","OW","The Tax Burden on Tobacco","Cigarette Sales","48,919,737","$","Dollars","POINT (-89.538030825 32.745510099)","Table 12- Orzechowski and Walker, Tax Burden on Tobacco","POL","450POL","450CGS"
"MO","Missouri","1991","OW","The Tax Burden on Tobacco","Cigarette Sales","80,391,000","$","Dollars","POINT (-92.566300053 38.635790776)","Table 12- Orzechowski and Walker, Tax Burden on Tobacco","POL","450POL","450CGS"
"MT","Montana","1991","OW","The Tax Burden on Tobacco","Cigarette Sales","11,888,546","$","Dollars","POINT (-109.424420645 47.066528972)","Table 12- Orzechowski and Walker, Tax Burden on Tobacco","POL","450POL","450CGS"
"NE","Nebraska","1991","OW","The Tax Burden on Tobacco","Cigarette Sales","39,469,181","$","Dollars","POINT (-99.365720623 41.641040988001)","Table 12- Orzechowski and Walker, Tax Burden on Tobacco","POL","450POL","450CGS"
"NV","Nevada","1991","OW","The Tax Burden on Tobacco","Cigarette Sales","50,229,047","$","Dollars","POINT (-117.071840564 39.49324039)","Table 12- Orzechowski and Walker, Tax Burden on Tobacco","POL","450POL","450CGS"
"NH","New Hampshire","1991","OW","The Tax Burden on Tobacco","Cigarette Sales","40,860,000","$","Dollars","POINT (-71.50036092 43.655950113)","Table 12- Orzechowski and Walker, Tax Burden on Tobacco","POL","450POL","450CGS"
"NJ","New Jersey","1991","OW","The Tax Burden on Tobacco","Cigarette Sales","269,551,562","$","Dollars","POINT (-74.273691288 40.130570048)","Table 12- Orzechowski and Walker, Tax Burden on Tobacco","POL","450POL","450CGS"
"NM","New Mexico","1991","OW","The Tax Burden on Tobacco","Cigarette Sales","16,083,848","$","Dollars","POINT (-106.240580985 34.520880952)","Table 12- Orzechowski and Walker, Tax Burden on Tobacco","POL","450POL","450CGS"
"NY","New York","1991","OW","The Tax Burden on Tobacco","Cigarette Sales","611,041,549","$","Dollars","POINT (-75.543970427 42.827001032)","Table 12- Orzechowski and Walker, Tax Burden on Tobacco","POL","450POL","450CGS"
"NC","North Carolina","1991","OW","The Tax Burden on Tobacco","Cigarette Sales","17,760,000","$","Dollars","POINT (-79.159250463 35.466220975)","Table 12- Orzechowski and Walker, Tax Burden on Tobacco","POL","450POL","450CGS"
"ND","North Dakota","1991","OW","The Tax Burden on Tobacco","Cigarette Sales","16,259,289","$","Dollars","POINT (-100.118421049 47.475319779)","Table 12- Orzechowski and Walker, Tax Burden on Tobacco","POL","450POL","450CGS"
"OH","Ohio","1991","OW","The Tax Burden on Tobacco","Cigarette Sales","221,408,000","$","Dollars","POINT (-82.404260056 40.060210141)","Table 12- Orzechowski and Walker, Tax Burden on Tobacco","POL","450POL","450CGS"
"OK","Oklahoma","1991","OW","The Tax Burden on Tobacco","Cigarette Sales","63,468,915","$","Dollars","POINT (-97.521070214 35.472031356)","Table 12- Orzechowski and Walker, Tax Burden on Tobacco","POL","450POL","450CGS"
"OR","Oregon","1991","OW","The Tax Burden on Tobacco","Cigarette Sales","80,242,820","$","Dollars","POINT (-120.155031326 44.567449424)","Table 12- Orzechowski and Walker, Tax Burden on Tobacco","POL","450POL","450CGS"
"PA","Pennsylvania","1991","OW","The Tax Burden on Tobacco","Cigarette Sales","225,826,000","$","Dollars","POINT (-77.860700294 40.793730152)","Table 12- Orzechowski and Walker, Tax Burden on Tobacco","POL","450POL","450CGS"
"RI","Rhode Island","1991","OW","The Tax Burden on Tobacco","Cigarette Sales","39,066,000","$","Dollars","POINT (-71.522470314 41.708280193)","Table 12- Orzechowski and Walker, Tax Burden on Tobacco","POL","450POL","450CGS"
"SC","South Carolina","1991","OW","The Tax Burden on Tobacco","Cigarette Sales","29,953,372","$","Dollars","POINT (-81.045371207 33.998821303)","Table 12- Orzechowski and Walker, Tax Burden on Tobacco","POL","450POL","450CGS"
"SD","South Dakota","1991","OW","The Tax Burden on Tobacco","Cigarette Sales","14,724,000","$","Dollars","POINT (-100.373530637 44.353130053)","Table 12- Orzechowski and Walker, Tax Burden on Tobacco","POL","450POL","450CGS"
"TN","Tennessee","1991","OW","The Tax Burden on Tobacco","Cigarette Sales","76,943,846","$","Dollars","POINT (-85.774490914 35.68094058)","Table 12- Orzechowski and Walker, Tax Burden on Tobacco","POL","450POL","450CGS"
"TX","Texas","1991","OW","The Tax Burden on Tobacco","Cigarette Sales","552,917,679","$","Dollars","POINT (-99.426770206 31.827240407)","Table 12- Orzechowski and Walker, Tax Burden on Tobacco","POL","450POL","450CGS"
"UT","Utah","1991","OW","The Tax Burden on Tobacco","Cigarette Sales","21,395,613","$","Dollars","POINT (-111.587130635 39.360700171)","Table 12- Orzechowski and Walker, Tax Burden on Tobacco","POL","450POL","450CGS"
"VT","Vermont","1991","OW","The Tax Burden on Tobacco","Cigarette Sales","11,678,577","$","Dollars","POINT (-72.517640791 43.625381239)","Table 12- Orzechowski and Walker, Tax Burden on Tobacco","POL","450POL","450CGS"
"VA","Virginia","1991","OW","The Tax Burden on Tobacco","Cigarette Sales","17,085,000","$","Dollars","POINT (-78.457890463 37.542680674)","Table 12- Orzechowski and Walker, Tax Burden on Tobacco","POL","450POL","450CGS"
"WA","Washington","1991","OW","The Tax Burden on Tobacco","Cigarette Sales","132,644,369","$","Dollars","POINT (-120.47001079 47.522278629)","Table 12- Orzechowski and Walker, Tax Burden on Tobacco","POL","450POL","450CGS"
"WV","West Virginia","1991","OW","The Tax Burden on Tobacco","Cigarette Sales","33,678,000","$","Dollars","POINT (-80.712640135 38.665510202)","Table 12- Orzechowski and Walker, Tax Burden on Tobacco","POL","450POL","450CGS"
"WI","Wisconsin","1991","OW","The Tax Burden on Tobacco","Cigarette Sales","140,746,376","$","Dollars","POINT (-89.816370742 44.393191174)","Table 12- Orzechowski and Walker, Tax Burden on Tobacco","POL","450POL","450CGS"
"WY","Wyoming","1991","OW","The Tax Burden on Tobacco","Cigarette Sales","5,878,000","$","Dollars","POINT (-108.109830353 43.235541343)","Table 12- Orzechowski and Walker, Tax Burden on Tobacco","POL","450POL","450CGS"
"AL","Alabama","1990","OW","The Tax Burden on Tobacco","Cigarette Sales","74,656,216","$","Dollars","POINT (-86.631860762 32.840571122)","Table 12- Orzechowski and Walker, Tax Burden on Tobacco","POL","450POL","450CGS"
"AK","Alaska","1990","OW","The Tax Burden on Tobacco","Cigarette Sales","13,450,527","$","Dollars","POINT (-147.722059036 64.845079957001)","Table 12- Orzechowski and Walker, Tax Burden on Tobacco","POL","450POL","450CGS"
"AZ","Arizona","1990","OW","The Tax Burden on Tobacco","Cigarette Sales","47,367,639","$","Dollars","POINT (-111.763811277 34.86597028)","Table 12- Orzechowski and Walker, Tax Burden on Tobacco","POL","450POL","450CGS"
"AR","Arkansas","1990","OW","The Tax Burden on Tobacco","Cigarette Sales","57,859,721","$","Dollars","POINT (-92.274490743 34.748650124)","Table 12- Orzechowski and Walker, Tax Burden on Tobacco","POL","450POL","450CGS"
"CA","California","1990","OW","The Tax Burden on Tobacco","Cigarette Sales","777,806,372","$","Dollars","POINT (-120.999999538 37.638640123)","Table 12- Orzechowski and Walker, Tax Burden on Tobacco","POL","450POL","450CGS"
"CO","Colorado","1990","OW","The Tax Burden on Tobacco","Cigarette Sales","58,895,309","$","Dollars","POINT (-106.133610921 38.843840757)","Table 12- Orzechowski and Walker, Tax Burden on Tobacco","POL","450POL","450CGS"
"CT","Connecticut","1990","OW","The Tax Burden on Tobacco","Cigarette Sales","119,516,086","$","Dollars","POINT (-72.649840952 41.56266102)","Table 12- Orzechowski and Walker, Tax Burden on Tobacco","POL","450POL","450CGS"
"DE","Delaware","1990","OW","The Tax Burden on Tobacco","Cigarette Sales","11,701,261","$","Dollars","POINT (-75.577741168 39.008830667)","Table 12- Orzechowski and Walker, Tax Burden on Tobacco","POL","450POL","450CGS"
"DC","District of Columbia","1990","OW","The Tax Burden on Tobacco","Cigarette Sales","8,916,000","$","Dollars","POINT (-77.031961127 38.890371385)","Table 12- Orzechowski and Walker, Tax Burden on Tobacco","POL","450POL","450CGS"
"FL","Florida","1990","OW","The Tax Burden on Tobacco","Cigarette Sales","330,390,606","$","Dollars","POINT (-81.928960539 28.932040377)","Table 12- Orzechowski and Walker, Tax Burden on Tobacco","POL","450POL","450CGS"
"GA","Georgia","1990","OW","The Tax Burden on Tobacco","Cigarette Sales","86,697,410","$","Dollars","POINT (-83.627580346 32.839681093)","Table 12- Orzechowski and Walker, Tax Burden on Tobacco","POL","450POL","450CGS"
"HI","Hawaii","1990","OW","The Tax Burden on Tobacco","Cigarette Sales","21,051,417","$","Dollars","POINT (-157.857749403 21.304850435)","Table 12- Orzechowski and Walker, Tax Burden on Tobacco","POL","450POL","450CGS"
"ID","Idaho","1990","OW","The Tax Burden on Tobacco","Cigarette Sales","16,119,559","$","Dollars","POINT (-114.363730042 43.682630005)","Table 12- Orzechowski and Walker, Tax Burden on Tobacco","POL","450POL","450CGS"
"IL","Illinois","1990","OW","The Tax Burden on Tobacco","Cigarette Sales","323,697,000","$","Dollars","POINT (-88.997710178 40.485010283)","Table 12- Orzechowski and Walker, Tax Burden on Tobacco","POL","450POL","450CGS"
"IN","Indiana","1990","OW","The Tax Burden on Tobacco","Cigarette Sales","111,470,978","$","Dollars","POINT (-86.149960194 39.766910452)","Table 12- Orzechowski and Walker, Tax Burden on Tobacco","POL","450POL","450CGS"
"IA","Iowa","1990","OW","The Tax Burden on Tobacco","Cigarette Sales","84,199,981","$","Dollars","POINT (-93.816490556 42.469400913)","Table 12- Orzechowski and Walker, Tax Burden on Tobacco","POL","450POL","450CGS"
"KS","Kansas","1990","OW","The Tax Burden on Tobacco","Cigarette Sales","55,437,320","$","Dollars","POINT (-98.200781227 38.3477403)","Table 12- Orzechowski and Walker, Tax Burden on Tobacco","POL","450POL","450CGS"
"KY","Kentucky","1990","OW","The Tax Burden on Tobacco","Cigarette Sales","20,658,000","$","Dollars","POINT (-84.774971048 37.645970271)","Table 12- Orzechowski and Walker, Tax Burden on Tobacco","POL","450POL","450CGS"
"LA","Louisiana","1990","OW","The Tax Burden on Tobacco","Cigarette Sales","72,032,677","$","Dollars","POINT (-92.445680071 31.312660644)","Table 12- Orzechowski and Walker, Tax Burden on Tobacco","POL","450POL","450CGS"
"ME","Maine","1990","OW","The Tax Burden on Tobacco","Cigarette Sales","42,774,077","$","Dollars","POINT (-68.985031336 45.254228894001)","Table 12- Orzechowski and Walker, Tax Burden on Tobacco","POL","450POL","450CGS"
"MD","Maryland","1990","OW","The Tax Burden on Tobacco","Cigarette Sales","62,332,000","$","Dollars","POINT (-76.609260111 39.290580964)","Table 12- Orzechowski and Walker, Tax Burden on Tobacco","POL","450POL","450CGS"
"MA","Massachusetts","1990","OW","The Tax Burden on Tobacco","Cigarette Sales","152,641,411","$","Dollars","POINT (-72.082690675 42.27687047)","Table 12- Orzechowski and Walker, Tax Burden on Tobacco","POL","450POL","450CGS"
"MI","Michigan","1990","OW","The Tax Burden on Tobacco","Cigarette Sales","267,058,000","$","Dollars","POINT (-84.71439027 44.661319543001)","Table 12- Orzechowski and Walker, Tax Burden on Tobacco","POL","450POL","450CGS"
"MN","Minnesota","1990","OW","The Tax Burden on Tobacco","Cigarette Sales","149,613,038","$","Dollars","POINT (-94.794200503 46.355648736)","Table 12- Orzechowski and Walker, Tax Burden on Tobacco","POL","450POL","450CGS"
"MS","Mississippi","1990","OW","The Tax Burden on Tobacco","Cigarette Sales","48,814,561","$","Dollars","POINT (-89.538030825 32.745510099)","Table 12- Orzechowski and Walker, Tax Burden on Tobacco","POL","450POL","450CGS"
"MO","Missouri","1990","OW","The Tax Burden on Tobacco","Cigarette Sales","80,659,000","$","Dollars","POINT (-92.566300053 38.635790776)","Table 12- Orzechowski and Walker, Tax Burden on Tobacco","POL","450POL","450CGS"
"MT","Montana","1990","OW","The Tax Burden on Tobacco","Cigarette Sales","12,262,620","$","Dollars","POINT (-109.424420645 47.066528972)","Table 12- Orzechowski and Walker, Tax Burden on Tobacco","POL","450POL","450CGS"
"NE","Nebraska","1990","OW","The Tax Burden on Tobacco","Cigarette Sales","39,082,338","$","Dollars","POINT (-99.365720623 41.641040988001)","Table 12- Orzechowski and Walker, Tax Burden on Tobacco","POL","450POL","450CGS"
"NV","Nevada","1990","OW","The Tax Burden on Tobacco","Cigarette Sales","48,131,119","$","Dollars","POINT (-117.071840564 39.49324039)","Table 12- Orzechowski and Walker, Tax Burden on Tobacco","POL","450POL","450CGS"
"NH","New Hampshire","1990","OW","The Tax Burden on Tobacco","Cigarette Sales","37,639,000","$","Dollars","POINT (-71.50036092 43.655950113)","Table 12- Orzechowski and Walker, Tax Burden on Tobacco","POL","450POL","450CGS"
"NJ","New Jersey","1990","OW","The Tax Burden on Tobacco","Cigarette Sales","206,978,000","$","Dollars","POINT (-74.273691288 40.130570048)","Table 12- Orzechowski and Walker, Tax Burden on Tobacco","POL","450POL","450CGS"
"NM","New Mexico","1990","OW","The Tax Burden on Tobacco","Cigarette Sales","16,304,007","$","Dollars","POINT (-106.240580985 34.520880952)","Table 12- Orzechowski and Walker, Tax Burden on Tobacco","POL","450POL","450CGS"
"NY","New York","1990","OW","The Tax Burden on Tobacco","Cigarette Sales","562,760,969","$","Dollars","POINT (-75.543970427 42.827001032)","Table 12- Orzechowski and Walker, Tax Burden on Tobacco","POL","450POL","450CGS"
"NC","North Carolina","1990","OW","The Tax Burden on Tobacco","Cigarette Sales","17,856,000","$","Dollars","POINT (-79.159250463 35.466220975)","Table 12- Orzechowski and Walker, Tax Burden on Tobacco","POL","450POL","450CGS"
"ND","North Dakota","1990","OW","The Tax Burden on Tobacco","Cigarette Sales","16,111,103","$","Dollars","POINT (-100.118421049 47.475319779)","Table 12- Orzechowski and Walker, Tax Burden on Tobacco","POL","450POL","450CGS"
"OH","Ohio","1990","OW","The Tax Burden on Tobacco","Cigarette Sales","226,507,000","$","Dollars","POINT (-82.404260056 40.060210141)","Table 12- Orzechowski and Walker, Tax Burden on Tobacco","POL","450POL","450CGS"
"OK","Oklahoma","1990","OW","The Tax Burden on Tobacco","Cigarette Sales","67,464,411","$","Dollars","POINT (-97.521070214 35.472031356)","Table 12- Orzechowski and Walker, Tax Burden on Tobacco","POL","450POL","450CGS"
"OR","Oregon","1990","OW","The Tax Burden on Tobacco","Cigarette Sales","78,590,210","$","Dollars","POINT (-120.155031326 44.567449424)","Table 12- Orzechowski and Walker, Tax Burden on Tobacco","POL","450POL","450CGS"
"PA","Pennsylvania","1990","OW","The Tax Burden on Tobacco","Cigarette Sales","222,847,000","$","Dollars","POINT (-77.860700294 40.793730152)","Table 12- Orzechowski and Walker, Tax Burden on Tobacco","POL","450POL","450CGS"
"RI","Rhode Island","1990","OW","The Tax Burden on Tobacco","Cigarette Sales","37,350,000","$","Dollars","POINT (-71.522470314 41.708280193)","Table 12- Orzechowski and Walker, Tax Burden on Tobacco","POL","450POL","450CGS"
"SC","South Carolina","1990","OW","The Tax Burden on Tobacco","Cigarette Sales","29,140,978","$","Dollars","POINT (-81.045371207 33.998821303)","Table 12- Orzechowski and Walker, Tax Burden on Tobacco","POL","450POL","450CGS"
"SD","South Dakota","1990","OW","The Tax Burden on Tobacco","Cigarette Sales","14,679,000","$","Dollars","POINT (-100.373530637 44.353130053)","Table 12- Orzechowski and Walker, Tax Burden on Tobacco","POL","450POL","450CGS"
"TN","Tennessee","1990","OW","The Tax Burden on Tobacco","Cigarette Sales","78,338,596","$","Dollars","POINT (-85.774490914 35.68094058)","Table 12- Orzechowski and Walker, Tax Burden on Tobacco","POL","450POL","450CGS"
"TX","Texas","1990","OW","The Tax Burden on Tobacco","Cigarette Sales","389,745,949","$","Dollars","POINT (-99.426770206 31.827240407)","Table 12- Orzechowski and Walker, Tax Burden on Tobacco","POL","450POL","450CGS"
"UT","Utah","1990","OW","The Tax Burden on Tobacco","Cigarette Sales","21,106,378","$","Dollars","POINT (-111.587130635 39.360700171)","Table 12- Orzechowski and Walker, Tax Burden on Tobacco","POL","450POL","450CGS"
"VT","Vermont","1990","OW","The Tax Burden on Tobacco","Cigarette Sales","11,769,382","$","Dollars","POINT (-72.517640791 43.625381239)","Table 12- Orzechowski and Walker, Tax Burden on Tobacco","POL","450POL","450CGS"
"VA","Virginia","1990","OW","The Tax Burden on Tobacco","Cigarette Sales","17,979,000","$","Dollars","POINT (-78.457890463 37.542680674)","Table 12- Orzechowski and Walker, Tax Burden on Tobacco","POL","450POL","450CGS"
"WA","Washington","1990","OW","The Tax Burden on Tobacco","Cigarette Sales","131,525,085","$","Dollars","POINT (-120.47001079 47.522278629)","Table 12- Orzechowski and Walker, Tax Burden on Tobacco","POL","450POL","450CGS"
"WV","West Virginia","1990","OW","The Tax Burden on Tobacco","Cigarette Sales","33,910,000","$","Dollars","POINT (-80.712640135 38.665510202)","Table 12- Orzechowski and Walker, Tax Burden on Tobacco","POL","450POL","450CGS"
"WI","Wisconsin","1990","OW","The Tax Burden on Tobacco","Cigarette Sales","140,767,838","$","Dollars","POINT (-89.816370742 44.393191174)","Table 12- Orzechowski and Walker, Tax Burden on Tobacco","POL","450POL","450CGS"
"WY","Wyoming","1990","OW","The Tax Burden on Tobacco","Cigarette Sales","5,701,000","$","Dollars","POINT (-108.109830353 43.235541343)","Table 12- Orzechowski and Walker, Tax Burden on Tobacco","POL","450POL","450CGS"
"AL","Alabama","1989","OW","The Tax Burden on Tobacco","Cigarette Sales","74,959,156","$","Dollars","POINT (-86.631860762 32.840571122)","Table 12- Orzechowski and Walker, Tax Burden on Tobacco","POL","450POL","450CGS"
"AK","Alaska","1989","OW","The Tax Burden on Tobacco","Cigarette Sales","8,130,515","$","Dollars","POINT (-147.722059036 64.845079957001)","Table 12- Orzechowski and Walker, Tax Burden on Tobacco","POL","450POL","450CGS"
"AZ","Arizona","1989","OW","The Tax Burden on Tobacco","Cigarette Sales","50,497,361","$","Dollars","POINT (-111.763811277 34.86597028)","Table 12- Orzechowski and Walker, Tax Burden on Tobacco","POL","450POL","450CGS"
"AR","Arkansas","1989","OW","The Tax Burden on Tobacco","Cigarette Sales","60,710,757","$","Dollars","POINT (-92.274490743 34.748650124)","Table 12- Orzechowski and Walker, Tax Burden on Tobacco","POL","450POL","450CGS"
"CA","California","1989","OW","The Tax Burden on Tobacco","Cigarette Sales","503,985,000","$","Dollars","POINT (-120.999999538 37.638640123)","Table 12- Orzechowski and Walker, Tax Burden on Tobacco","POL","450POL","450CGS"
"CO","Colorado","1989","OW","The Tax Burden on Tobacco","Cigarette Sales","59,822,164","$","Dollars","POINT (-106.133610921 38.843840757)","Table 12- Orzechowski and Walker, Tax Burden on Tobacco","POL","450POL","450CGS"
"CT","Connecticut","1989","OW","The Tax Burden on Tobacco","Cigarette Sales","97,623,000","$","Dollars","POINT (-72.649840952 41.56266102)","Table 12- Orzechowski and Walker, Tax Burden on Tobacco","POL","450POL","450CGS"
"DE","Delaware","1989","OW","The Tax Burden on Tobacco","Cigarette Sales","12,115,228","$","Dollars","POINT (-75.577741168 39.008830667)","Table 12- Orzechowski and Walker, Tax Burden on Tobacco","POL","450POL","450CGS"
"DC","District of Columbia","1989","OW","The Tax Burden on Tobacco","Cigarette Sales","10,717,000","$","Dollars","POINT (-77.031961127 38.890371385)","Table 12- Orzechowski and Walker, Tax Burden on Tobacco","POL","450POL","450CGS"
"FL","Florida","1989","OW","The Tax Burden on Tobacco","Cigarette Sales","341,991,205","$","Dollars","POINT (-81.928960539 28.932040377)","Table 12- Orzechowski and Walker, Tax Burden on Tobacco","POL","450POL","450CGS"
"GA","Georgia","1989","OW","The Tax Burden on Tobacco","Cigarette Sales","89,778,112","$","Dollars","POINT (-83.627580346 32.839681093)","Table 12- Orzechowski and Walker, Tax Burden on Tobacco","POL","450POL","450CGS"
"HI","Hawaii","1989","OW","The Tax Burden on Tobacco","Cigarette Sales","21,837,583","$","Dollars","POINT (-157.857749403 21.304850435)","Table 12- Orzechowski and Walker, Tax Burden on Tobacco","POL","450POL","450CGS"
"ID","Idaho","1989","OW","The Tax Burden on Tobacco","Cigarette Sales","14,427,399","$","Dollars","POINT (-114.363730042 43.682630005)","Table 12- Orzechowski and Walker, Tax Burden on Tobacco","POL","450POL","450CGS"
"IL","Illinois","1989","OW","The Tax Burden on Tobacco","Cigarette Sales","244,119,000","$","Dollars","POINT (-88.997710178 40.485010283)","Table 12- Orzechowski and Walker, Tax Burden on Tobacco","POL","450POL","450CGS"
"IN","Indiana","1989","OW","The Tax Burden on Tobacco","Cigarette Sales","112,344,108","$","Dollars","POINT (-86.149960194 39.766910452)","Table 12- Orzechowski and Walker, Tax Burden on Tobacco","POL","450POL","450CGS"
"IA","Iowa","1989","OW","The Tax Burden on Tobacco","Cigarette Sales","91,397,313","$","Dollars","POINT (-93.816490556 42.469400913)","Table 12- Orzechowski and Walker, Tax Burden on Tobacco","POL","450POL","450CGS"
"KS","Kansas","1989","OW","The Tax Burden on Tobacco","Cigarette Sales","57,951,000","$","Dollars","POINT (-98.200781227 38.3477403)","Table 12- Orzechowski and Walker, Tax Burden on Tobacco","POL","450POL","450CGS"
"KY","Kentucky","1989","OW","The Tax Burden on Tobacco","Cigarette Sales","19,426,000","$","Dollars","POINT (-84.774971048 37.645970271)","Table 12- Orzechowski and Walker, Tax Burden on Tobacco","POL","450POL","450CGS"
"LA","Louisiana","1989","OW","The Tax Burden on Tobacco","Cigarette Sales","73,705,336","$","Dollars","POINT (-92.445680071 31.312660644)","Table 12- Orzechowski and Walker, Tax Burden on Tobacco","POL","450POL","450CGS"
"ME","Maine","1989","OW","The Tax Burden on Tobacco","Cigarette Sales","41,291,405","$","Dollars","POINT (-68.985031336 45.254228894001)","Table 12- Orzechowski and Walker, Tax Burden on Tobacco","POL","450POL","450CGS"
"MD","Maryland","1989","OW","The Tax Burden on Tobacco","Cigarette Sales","66,114,000","$","Dollars","POINT (-76.609260111 39.290580964)","Table 12- Orzechowski and Walker, Tax Burden on Tobacco","POL","450POL","450CGS"
"MA","Massachusetts","1989","OW","The Tax Burden on Tobacco","Cigarette Sales","160,319,644","$","Dollars","POINT (-72.082690675 42.27687047)","Table 12- Orzechowski and Walker, Tax Burden on Tobacco","POL","450POL","450CGS"
"MI","Michigan","1989","OW","The Tax Burden on Tobacco","Cigarette Sales","272,167,000","$","Dollars","POINT (-84.71439027 44.661319543001)","Table 12- Orzechowski and Walker, Tax Burden on Tobacco","POL","450POL","450CGS"
"MN","Minnesota","1989","OW","The Tax Burden on Tobacco","Cigarette Sales","155,765,128","$","Dollars","POINT (-94.794200503 46.355648736)","Table 12- Orzechowski and Walker, Tax Burden on Tobacco","POL","450POL","450CGS"
"MS","Mississippi","1989","OW","The Tax Burden on Tobacco","Cigarette Sales","51,984,251","$","Dollars","POINT (-89.538030825 32.745510099)","Table 12- Orzechowski and Walker, Tax Burden on Tobacco","POL","450POL","450CGS"
"MO","Missouri","1989","OW","The Tax Burden on Tobacco","Cigarette Sales","83,125,000","$","Dollars","POINT (-92.566300053 38.635790776)","Table 12- Orzechowski and Walker, Tax Burden on Tobacco","POL","450POL","450CGS"
"MT","Montana","1989","OW","The Tax Burden on Tobacco","Cigarette Sales","11,398,693","$","Dollars","POINT (-109.424420645 47.066528972)","Table 12- Orzechowski and Walker, Tax Burden on Tobacco","POL","450POL","450CGS"
"NE","Nebraska","1989","OW","The Tax Burden on Tobacco","Cigarette Sales","40,792,067","$","Dollars","POINT (-99.365720623 41.641040988001)","Table 12- Orzechowski and Walker, Tax Burden on Tobacco","POL","450POL","450CGS"
"NV","Nevada","1989","OW","The Tax Burden on Tobacco","Cigarette Sales","29,526,100","$","Dollars","POINT (-117.071840564 39.49324039)","Table 12- Orzechowski and Walker, Tax Burden on Tobacco","POL","450POL","450CGS"
"NH","New Hampshire","1989","OW","The Tax Burden on Tobacco","Cigarette Sales","32,082,000","$","Dollars","POINT (-71.50036092 43.655950113)","Table 12- Orzechowski and Walker, Tax Burden on Tobacco","POL","450POL","450CGS"
"NJ","New Jersey","1989","OW","The Tax Burden on Tobacco","Cigarette Sales","216,937,000","$","Dollars","POINT (-74.273691288 40.130570048)","Table 12- Orzechowski and Walker, Tax Burden on Tobacco","POL","450POL","450CGS"
"NM","New Mexico","1989","OW","The Tax Burden on Tobacco","Cigarette Sales","17,172,461","$","Dollars","POINT (-106.240580985 34.520880952)","Table 12- Orzechowski and Walker, Tax Burden on Tobacco","POL","450POL","450CGS"
"NY","New York","1989","OW","The Tax Burden on Tobacco","Cigarette Sales","417,597,000","$","Dollars","POINT (-75.543970427 42.827001032)","Table 12- Orzechowski and Walker, Tax Burden on Tobacco","POL","450POL","450CGS"
"NC","North Carolina","1989","OW","The Tax Burden on Tobacco","Cigarette Sales","18,328,000","$","Dollars","POINT (-79.159250463 35.466220975)","Table 12- Orzechowski and Walker, Tax Burden on Tobacco","POL","450POL","450CGS"
"ND","North Dakota","1989","OW","The Tax Burden on Tobacco","Cigarette Sales","15,624,052","$","Dollars","POINT (-100.118421049 47.475319779)","Table 12- Orzechowski and Walker, Tax Burden on Tobacco","POL","450POL","450CGS"
"OH","Ohio","1989","OW","The Tax Burden on Tobacco","Cigarette Sales","232,561,000","$","Dollars","POINT (-82.404260056 40.060210141)","Table 12- Orzechowski and Walker, Tax Burden on Tobacco","POL","450POL","450CGS"
"OK","Oklahoma","1989","OW","The Tax Burden on Tobacco","Cigarette Sales","74,548,378","$","Dollars","POINT (-97.521070214 35.472031356)","Table 12- Orzechowski and Walker, Tax Burden on Tobacco","POL","450POL","450CGS"
"OR","Oregon","1989","OW","The Tax Burden on Tobacco","Cigarette Sales","79,269,435","$","Dollars","POINT (-120.155031326 44.567449424)","Table 12- Orzechowski and Walker, Tax Burden on Tobacco","POL","450POL","450CGS"
"PA","Pennsylvania","1989","OW","The Tax Burden on Tobacco","Cigarette Sales","232,241,000","$","Dollars","POINT (-77.860700294 40.793730152)","Table 12- Orzechowski and Walker, Tax Burden on Tobacco","POL","450POL","450CGS"
"RI","Rhode Island","1989","OW","The Tax Burden on Tobacco","Cigarette Sales","34,452,000","$","Dollars","POINT (-71.522470314 41.708280193)","Table 12- Orzechowski and Walker, Tax Burden on Tobacco","POL","450POL","450CGS"
"SC","South Carolina","1989","OW","The Tax Burden on Tobacco","Cigarette Sales","29,861,721","$","Dollars","POINT (-81.045371207 33.998821303)","Table 12- Orzechowski and Walker, Tax Burden on Tobacco","POL","450POL","450CGS"
"SD","South Dakota","1989","OW","The Tax Burden on Tobacco","Cigarette Sales","14,527,000","$","Dollars","POINT (-100.373530637 44.353130053)","Table 12- Orzechowski and Walker, Tax Burden on Tobacco","POL","450POL","450CGS"
"TN","Tennessee","1989","OW","The Tax Burden on Tobacco","Cigarette Sales","79,845,917","$","Dollars","POINT (-85.774490914 35.68094058)","Table 12- Orzechowski and Walker, Tax Burden on Tobacco","POL","450POL","450CGS"
"TX","Texas","1989","OW","The Tax Burden on Tobacco","Cigarette Sales","410,282,050","$","Dollars","POINT (-99.426770206 31.827240407)","Table 12- Orzechowski and Walker, Tax Burden on Tobacco","POL","450POL","450CGS"
"UT","Utah","1989","OW","The Tax Burden on Tobacco","Cigarette Sales","22,551,304","$","Dollars","POINT (-111.587130635 39.360700171)","Table 12- Orzechowski and Walker, Tax Burden on Tobacco","POL","450POL","450CGS"
"VT","Vermont","1989","OW","The Tax Burden on Tobacco","Cigarette Sales","11,431,152","$","Dollars","POINT (-72.517640791 43.625381239)","Table 12- Orzechowski and Walker, Tax Burden on Tobacco","POL","450POL","450CGS"
"VA","Virginia","1989","OW","The Tax Burden on Tobacco","Cigarette Sales","18,516,000","$","Dollars","POINT (-78.457890463 37.542680674)","Table 12- Orzechowski and Walker, Tax Burden on Tobacco","POL","450POL","450CGS"
"WA","Washington","1989","OW","The Tax Burden on Tobacco","Cigarette Sales","124,800,921","$","Dollars","POINT (-120.47001079 47.522278629)","Table 12- Orzechowski and Walker, Tax Burden on Tobacco","POL","450POL","450CGS"
"WV","West Virginia","1989","OW","The Tax Burden on Tobacco","Cigarette Sales","33,936,000","$","Dollars","POINT (-80.712640135 38.665510202)","Table 12- Orzechowski and Walker, Tax Burden on Tobacco","POL","450POL","450CGS"
"WI","Wisconsin","1989","OW","The Tax Burden on Tobacco","Cigarette Sales","146,000,027","$","Dollars","POINT (-89.816370742 44.393191174)","Table 12- Orzechowski and Walker, Tax Burden on Tobacco","POL","450POL","450CGS"
"WY","Wyoming","1989","OW","The Tax Burden on Tobacco","Cigarette Sales","4,373,000","$","Dollars","POINT (-108.109830353 43.235541343)","Table 12- Orzechowski and Walker, Tax Burden on Tobacco","POL","450POL","450CGS"
"AL","Alabama","1988","OW","The Tax Burden on Tobacco","Cigarette Sales","76,529,290","$","Dollars","POINT (-86.631860762 32.840571122)","Table 12- Orzechowski and Walker, Tax Burden on Tobacco","POL","450POL","450CGS"
"AK","Alaska","1988","OW","The Tax Burden on Tobacco","Cigarette Sales","8,865,000","$","Dollars","POINT (-147.722059036 64.845079957001)","Table 12- Orzechowski and Walker, Tax Burden on Tobacco","POL","450POL","450CGS"
"AZ","Arizona","1988","OW","The Tax Burden on Tobacco","Cigarette Sales","52,761,017","$","Dollars","POINT (-111.763811277 34.86597028)","Table 12- Orzechowski and Walker, Tax Burden on Tobacco","POL","450POL","450CGS"
"AR","Arkansas","1988","OW","The Tax Burden on Tobacco","Cigarette Sales","61,767,668","$","Dollars","POINT (-92.274490743 34.748650124)","Table 12- Orzechowski and Walker, Tax Burden on Tobacco","POL","450POL","450CGS"
"CA","California","1988","OW","The Tax Burden on Tobacco","Cigarette Sales","251,614,000","$","Dollars","POINT (-120.999999538 37.638640123)","Table 12- Orzechowski and Walker, Tax Burden on Tobacco","POL","450POL","450CGS"
"CO","Colorado","1988","OW","The Tax Burden on Tobacco","Cigarette Sales","63,320,608","$","Dollars","POINT (-106.133610921 38.843840757)","Table 12- Orzechowski and Walker, Tax Burden on Tobacco","POL","450POL","450CGS"
"CT","Connecticut","1988","OW","The Tax Burden on Tobacco","Cigarette Sales","88,352,000","$","Dollars","POINT (-72.649840952 41.56266102)","Table 12- Orzechowski and Walker, Tax Burden on Tobacco","POL","450POL","450CGS"
"DE","Delaware","1988","OW","The Tax Burden on Tobacco","Cigarette Sales","12,472,294","$","Dollars","POINT (-75.577741168 39.008830667)","Table 12- Orzechowski and Walker, Tax Burden on Tobacco","POL","450POL","450CGS"
"DC","District of Columbia","1988","OW","The Tax Burden on Tobacco","Cigarette Sales","10,930,000","$","Dollars","POINT (-77.031961127 38.890371385)","Table 12- Orzechowski and Walker, Tax Burden on Tobacco","POL","450POL","450CGS"
"FL","Florida","1988","OW","The Tax Burden on Tobacco","Cigarette Sales","350,159,584","$","Dollars","POINT (-81.928960539 28.932040377)","Table 12- Orzechowski and Walker, Tax Burden on Tobacco","POL","450POL","450CGS"
"GA","Georgia","1988","OW","The Tax Burden on Tobacco","Cigarette Sales","92,494,239","$","Dollars","POINT (-83.627580346 32.839681093)","Table 12- Orzechowski and Walker, Tax Burden on Tobacco","POL","450POL","450CGS"
"HI","Hawaii","1988","OW","The Tax Burden on Tobacco","Cigarette Sales","19,018,054","$","Dollars","POINT (-157.857749403 21.304850435)","Table 12- Orzechowski and Walker, Tax Burden on Tobacco","POL","450POL","450CGS"
"ID","Idaho","1988","OW","The Tax Burden on Tobacco","Cigarette Sales","15,763,703","$","Dollars","POINT (-114.363730042 43.682630005)","Table 12- Orzechowski and Walker, Tax Burden on Tobacco","POL","450POL","450CGS"
"IL","Illinois","1988","OW","The Tax Burden on Tobacco","Cigarette Sales","250,858,000","$","Dollars","POINT (-88.997710178 40.485010283)","Table 12- Orzechowski and Walker, Tax Burden on Tobacco","POL","450POL","450CGS"
"IN","Indiana","1988","OW","The Tax Burden on Tobacco","Cigarette Sales","115,681,939","$","Dollars","POINT (-86.149960194 39.766910452)","Table 12- Orzechowski and Walker, Tax Burden on Tobacco","POL","450POL","450CGS"
"IA","Iowa","1988","OW","The Tax Burden on Tobacco","Cigarette Sales","81,689,081","$","Dollars","POINT (-93.816490556 42.469400913)","Table 12- Orzechowski and Walker, Tax Burden on Tobacco","POL","450POL","450CGS"
"KS","Kansas","1988","OW","The Tax Burden on Tobacco","Cigarette Sales","61,770,458","$","Dollars","POINT (-98.200781227 38.3477403)","Table 12- Orzechowski and Walker, Tax Burden on Tobacco","POL","450POL","450CGS"
"KY","Kentucky","1988","OW","The Tax Burden on Tobacco","Cigarette Sales","19,591,000","$","Dollars","POINT (-84.774971048 37.645970271)","Table 12- Orzechowski and Walker, Tax Burden on Tobacco","POL","450POL","450CGS"
"LA","Louisiana","1988","OW","The Tax Burden on Tobacco","Cigarette Sales","79,800,290","$","Dollars","POINT (-92.445680071 31.312660644)","Table 12- Orzechowski and Walker, Tax Burden on Tobacco","POL","450POL","450CGS"
"ME","Maine","1988","OW","The Tax Burden on Tobacco","Cigarette Sales","41,714,596","$","Dollars","POINT (-68.985031336 45.254228894001)","Table 12- Orzechowski and Walker, Tax Burden on Tobacco","POL","450POL","450CGS"
"MD","Maryland","1988","OW","The Tax Burden on Tobacco","Cigarette Sales","68,217,000","$","Dollars","POINT (-76.609260111 39.290580964)","Table 12- Orzechowski and Walker, Tax Burden on Tobacco","POL","450POL","450CGS"
"MA","Massachusetts","1988","OW","The Tax Burden on Tobacco","Cigarette Sales","170,898,271","$","Dollars","POINT (-72.082690675 42.27687047)","Table 12- Orzechowski and Walker, Tax Burden on Tobacco","POL","450POL","450CGS"
"MI","Michigan","1988","OW","The Tax Burden on Tobacco","Cigarette Sales","252,492,000","$","Dollars","POINT (-84.71439027 44.661319543001)","Table 12- Orzechowski and Walker, Tax Burden on Tobacco","POL","450POL","450CGS"
"MN","Minnesota","1988","OW","The Tax Burden on Tobacco","Cigarette Sales","153,560,009","$","Dollars","POINT (-94.794200503 46.355648736)","Table 12- Orzechowski and Walker, Tax Burden on Tobacco","POL","450POL","450CGS"
"MS","Mississippi","1988","OW","The Tax Burden on Tobacco","Cigarette Sales","52,497,860","$","Dollars","POINT (-89.538030825 32.745510099)","Table 12- Orzechowski and Walker, Tax Burden on Tobacco","POL","450POL","450CGS"
"MO","Missouri","1988","OW","The Tax Burden on Tobacco","Cigarette Sales","85,700,000","$","Dollars","POINT (-92.566300053 38.635790776)","Table 12- Orzechowski and Walker, Tax Burden on Tobacco","POL","450POL","450CGS"
"MT","Montana","1988","OW","The Tax Burden on Tobacco","Cigarette Sales","11,647,130","$","Dollars","POINT (-109.424420645 47.066528972)","Table 12- Orzechowski and Walker, Tax Burden on Tobacco","POL","450POL","450CGS"
"NE","Nebraska","1988","OW","The Tax Burden on Tobacco","Cigarette Sales","40,486,641","$","Dollars","POINT (-99.365720623 41.641040988001)","Table 12- Orzechowski and Walker, Tax Burden on Tobacco","POL","450POL","450CGS"
"NV","Nevada","1988","OW","The Tax Burden on Tobacco","Cigarette Sales","28,019,991","$","Dollars","POINT (-117.071840564 39.49324039)","Table 12- Orzechowski and Walker, Tax Burden on Tobacco","POL","450POL","450CGS"
"NH","New Hampshire","1988","OW","The Tax Burden on Tobacco","Cigarette Sales","32,515,000","$","Dollars","POINT (-71.50036092 43.655950113)","Table 12- Orzechowski and Walker, Tax Burden on Tobacco","POL","450POL","450CGS"
"NJ","New Jersey","1988","OW","The Tax Burden on Tobacco","Cigarette Sales","225,407,000","$","Dollars","POINT (-74.273691288 40.130570048)","Table 12- Orzechowski and Walker, Tax Burden on Tobacco","POL","450POL","450CGS"
"NM","New Mexico","1988","OW","The Tax Burden on Tobacco","Cigarette Sales","17,793,231","$","Dollars","POINT (-106.240580985 34.520880952)","Table 12- Orzechowski and Walker, Tax Burden on Tobacco","POL","450POL","450CGS"
"NY","New York","1988","OW","The Tax Burden on Tobacco","Cigarette Sales","403,093,000","$","Dollars","POINT (-75.543970427 42.827001032)","Table 12- Orzechowski and Walker, Tax Burden on Tobacco","POL","450POL","450CGS"
"NC","North Carolina","1988","OW","The Tax Burden on Tobacco","Cigarette Sales","18,974,000","$","Dollars","POINT (-79.159250463 35.466220975)","Table 12- Orzechowski and Walker, Tax Burden on Tobacco","POL","450POL","450CGS"
"ND","North Dakota","1988","OW","The Tax Burden on Tobacco","Cigarette Sales","17,049,701","$","Dollars","POINT (-100.118421049 47.475319779)","Table 12- Orzechowski and Walker, Tax Burden on Tobacco","POL","450POL","450CGS"
"OH","Ohio","1988","OW","The Tax Burden on Tobacco","Cigarette Sales","236,811,000","$","Dollars","POINT (-82.404260056 40.060210141)","Table 12- Orzechowski and Walker, Tax Burden on Tobacco","POL","450POL","450CGS"
"OK","Oklahoma","1988","OW","The Tax Burden on Tobacco","Cigarette Sales","79,679,720","$","Dollars","POINT (-97.521070214 35.472031356)","Table 12- Orzechowski and Walker, Tax Burden on Tobacco","POL","450POL","450CGS"
"OR","Oregon","1988","OW","The Tax Burden on Tobacco","Cigarette Sales","80,000,326","$","Dollars","POINT (-120.155031326 44.567449424)","Table 12- Orzechowski and Walker, Tax Burden on Tobacco","POL","450POL","450CGS"
"PA","Pennsylvania","1988","OW","The Tax Burden on Tobacco","Cigarette Sales","237,862,000","$","Dollars","POINT (-77.860700294 40.793730152)","Table 12- Orzechowski and Walker, Tax Burden on Tobacco","POL","450POL","450CGS"
"RI","Rhode Island","1988","OW","The Tax Burden on Tobacco","Cigarette Sales","34,147,000","$","Dollars","POINT (-71.522470314 41.708280193)","Table 12- Orzechowski and Walker, Tax Burden on Tobacco","POL","450POL","450CGS"
"SC","South Carolina","1988","OW","The Tax Burden on Tobacco","Cigarette Sales","30,114,220","$","Dollars","POINT (-81.045371207 33.998821303)","Table 12- Orzechowski and Walker, Tax Burden on Tobacco","POL","450POL","450CGS"
"SD","South Dakota","1988","OW","The Tax Burden on Tobacco","Cigarette Sales","15,261,000","$","Dollars","POINT (-100.373530637 44.353130053)","Table 12- Orzechowski and Walker, Tax Burden on Tobacco","POL","450POL","450CGS"
"TN","Tennessee","1988","OW","The Tax Burden on Tobacco","Cigarette Sales","79,785,166","$","Dollars","POINT (-85.774490914 35.68094058)","Table 12- Orzechowski and Walker, Tax Burden on Tobacco","POL","450POL","450CGS"
"TX","Texas","1988","OW","The Tax Burden on Tobacco","Cigarette Sales","399,060,039","$","Dollars","POINT (-99.426770206 31.827240407)","Table 12- Orzechowski and Walker, Tax Burden on Tobacco","POL","450POL","450CGS"
"UT","Utah","1988","OW","The Tax Burden on Tobacco","Cigarette Sales","21,656,003","$","Dollars","POINT (-111.587130635 39.360700171)","Table 12- Orzechowski and Walker, Tax Burden on Tobacco","POL","450POL","450CGS"
"VT","Vermont","1988","OW","The Tax Burden on Tobacco","Cigarette Sales","12,040,932","$","Dollars","POINT (-72.517640791 43.625381239)","Table 12- Orzechowski and Walker, Tax Burden on Tobacco","POL","450POL","450CGS"
"VA","Virginia","1988","OW","The Tax Burden on Tobacco","Cigarette Sales","19,242,000","$","Dollars","POINT (-78.457890463 37.542680674)","Table 12- Orzechowski and Walker, Tax Burden on Tobacco","POL","450POL","450CGS"
"WA","Washington","1988","OW","The Tax Burden on Tobacco","Cigarette Sales","124,501,713","$","Dollars","POINT (-120.47001079 47.522278629)","Table 12- Orzechowski and Walker, Tax Burden on Tobacco","POL","450POL","450CGS"
"WV","West Virginia","1988","OW","The Tax Burden on Tobacco","Cigarette Sales","35,897,000","$","Dollars","POINT (-80.712640135 38.665510202)","Table 12- Orzechowski and Walker, Tax Burden on Tobacco","POL","450POL","450CGS"
"WI","Wisconsin","1988","OW","The Tax Burden on Tobacco","Cigarette Sales","147,667,224","$","Dollars","POINT (-89.816370742 44.393191174)","Table 12- Orzechowski and Walker, Tax Burden on Tobacco","POL","450POL","450CGS"
"WY","Wyoming","1988","OW","The Tax Burden on Tobacco","Cigarette Sales","4,577,000","$","Dollars","POINT (-108.109830353 43.235541343)","Table 12- Orzechowski and Walker, Tax Burden on Tobacco","POL","450POL","450CGS"
"AL","Alabama","1987","OW","The Tax Burden on Tobacco","Cigarette Sales","77,097,672","$","Dollars","POINT (-86.631860762 32.840571122)","Table 12- Orzechowski and Walker, Tax Burden on Tobacco","POL","450POL","450CGS"
"AK","Alaska","1987","OW","The Tax Burden on Tobacco","Cigarette Sales","9,503,000","$","Dollars","POINT (-147.722059036 64.845079957001)","Table 12- Orzechowski and Walker, Tax Burden on Tobacco","POL","450POL","450CGS"
"AZ","Arizona","1987","OW","The Tax Burden on Tobacco","Cigarette Sales","51,756,221","$","Dollars","POINT (-111.763811277 34.86597028)","Table 12- Orzechowski and Walker, Tax Burden on Tobacco","POL","450POL","450CGS"
"AR","Arkansas","1987","OW","The Tax Burden on Tobacco","Cigarette Sales","61,658,584","$","Dollars","POINT (-92.274490743 34.748650124)","Table 12- Orzechowski and Walker, Tax Burden on Tobacco","POL","450POL","450CGS"
"CA","California","1987","OW","The Tax Burden on Tobacco","Cigarette Sales","256,877,000","$","Dollars","POINT (-120.999999538 37.638640123)","Table 12- Orzechowski and Walker, Tax Burden on Tobacco","POL","450POL","450CGS"
"CO","Colorado","1987","OW","The Tax Burden on Tobacco","Cigarette Sales","66,972,910","$","Dollars","POINT (-106.133610921 38.843840757)","Table 12- Orzechowski and Walker, Tax Burden on Tobacco","POL","450POL","450CGS"
"CT","Connecticut","1987","OW","The Tax Burden on Tobacco","Cigarette Sales","90,031,000","$","Dollars","POINT (-72.649840952 41.56266102)","Table 12- Orzechowski and Walker, Tax Burden on Tobacco","POL","450POL","450CGS"
"DE","Delaware","1987","OW","The Tax Burden on Tobacco","Cigarette Sales","12,441,583","$","Dollars","POINT (-75.577741168 39.008830667)","Table 12- Orzechowski and Walker, Tax Burden on Tobacco","POL","450POL","450CGS"
"DC","District of Columbia","1987","OW","The Tax Burden on Tobacco","Cigarette Sales","9,595,000","$","Dollars","POINT (-77.031961127 38.890371385)","Table 12- Orzechowski and Walker, Tax Burden on Tobacco","POL","450POL","450CGS"
"FL","Florida","1987","OW","The Tax Burden on Tobacco","Cigarette Sales","351,727,705","$","Dollars","POINT (-81.928960539 28.932040377)","Table 12- Orzechowski and Walker, Tax Burden on Tobacco","POL","450POL","450CGS"
"GA","Georgia","1987","OW","The Tax Burden on Tobacco","Cigarette Sales","91,904,935","$","Dollars","POINT (-83.627580346 32.839681093)","Table 12- Orzechowski and Walker, Tax Burden on Tobacco","POL","450POL","450CGS"
"HI","Hawaii","1987","OW","The Tax Burden on Tobacco","Cigarette Sales","17,140,688","$","Dollars","POINT (-157.857749403 21.304850435)","Table 12- Orzechowski and Walker, Tax Burden on Tobacco","POL","450POL","450CGS"
"ID","Idaho","1987","OW","The Tax Burden on Tobacco","Cigarette Sales","10,967,700","$","Dollars","POINT (-114.363730042 43.682630005)","Table 12- Orzechowski and Walker, Tax Burden on Tobacco","POL","450POL","450CGS"
"IL","Illinois","1987","OW","The Tax Burden on Tobacco","Cigarette Sales","252,288,000","$","Dollars","POINT (-88.997710178 40.485010283)","Table 12- Orzechowski and Walker, Tax Burden on Tobacco","POL","450POL","450CGS"
"IN","Indiana","1987","OW","The Tax Burden on Tobacco","Cigarette Sales","78,617,000","$","Dollars","POINT (-86.149960194 39.766910452)","Table 12- Orzechowski and Walker, Tax Burden on Tobacco","POL","450POL","450CGS"
"IA","Iowa","1987","OW","The Tax Burden on Tobacco","Cigarette Sales","77,092,980","$","Dollars","POINT (-93.816490556 42.469400913)","Table 12- Orzechowski and Walker, Tax Burden on Tobacco","POL","450POL","450CGS"
"KS","Kansas","1987","OW","The Tax Burden on Tobacco","Cigarette Sales","62,374,658","$","Dollars","POINT (-98.200781227 38.3477403)","Table 12- Orzechowski and Walker, Tax Burden on Tobacco","POL","450POL","450CGS"
"KY","Kentucky","1987","OW","The Tax Burden on Tobacco","Cigarette Sales","19,445,000","$","Dollars","POINT (-84.774971048 37.645970271)","Table 12- Orzechowski and Walker, Tax Burden on Tobacco","POL","450POL","450CGS"
"LA","Louisiana","1987","OW","The Tax Burden on Tobacco","Cigarette Sales","84,505,838","$","Dollars","POINT (-92.445680071 31.312660644)","Table 12- Orzechowski and Walker, Tax Burden on Tobacco","POL","450POL","450CGS"
"ME","Maine","1987","OW","The Tax Burden on Tobacco","Cigarette Sales","41,130,387","$","Dollars","POINT (-68.985031336 45.254228894001)","Table 12- Orzechowski and Walker, Tax Burden on Tobacco","POL","450POL","450CGS"
"MD","Maryland","1987","OW","The Tax Burden on Tobacco","Cigarette Sales","68,784,000","$","Dollars","POINT (-76.609260111 39.290580964)","Table 12- Orzechowski and Walker, Tax Burden on Tobacco","POL","450POL","450CGS"
"MA","Massachusetts","1987","OW","The Tax Burden on Tobacco","Cigarette Sales","173,006,593","$","Dollars","POINT (-72.082690675 42.27687047)","Table 12- Orzechowski and Walker, Tax Burden on Tobacco","POL","450POL","450CGS"
"MI","Michigan","1987","OW","The Tax Burden on Tobacco","Cigarette Sales","236,118,000","$","Dollars","POINT (-84.71439027 44.661319543001)","Table 12- Orzechowski and Walker, Tax Burden on Tobacco","POL","450POL","450CGS"
"MN","Minnesota","1987","OW","The Tax Burden on Tobacco","Cigarette Sales","113,132,806","$","Dollars","POINT (-94.794200503 46.355648736)","Table 12- Orzechowski and Walker, Tax Burden on Tobacco","POL","450POL","450CGS"
"MS","Mississippi","1987","OW","The Tax Burden on Tobacco","Cigarette Sales","52,452,861","$","Dollars","POINT (-89.538030825 32.745510099)","Table 12- Orzechowski and Walker, Tax Burden on Tobacco","POL","450POL","450CGS"
"MO","Missouri","1987","OW","The Tax Burden on Tobacco","Cigarette Sales","85,255,000","$","Dollars","POINT (-92.566300053 38.635790776)","Table 12- Orzechowski and Walker, Tax Burden on Tobacco","POL","450POL","450CGS"
"MT","Montana","1987","OW","The Tax Burden on Tobacco","Cigarette Sales","12,410,773","$","Dollars","POINT (-109.424420645 47.066528972)","Table 12- Orzechowski and Walker, Tax Burden on Tobacco","POL","450POL","450CGS"
"NE","Nebraska","1987","OW","The Tax Burden on Tobacco","Cigarette Sales","37,825,000","$","Dollars","POINT (-99.365720623 41.641040988001)","Table 12- Orzechowski and Walker, Tax Burden on Tobacco","POL","450POL","450CGS"
"NV","Nevada","1987","OW","The Tax Burden on Tobacco","Cigarette Sales","20,932,015","$","Dollars","POINT (-117.071840564 39.49324039)","Table 12- Orzechowski and Walker, Tax Burden on Tobacco","POL","450POL","450CGS"
"NH","New Hampshire","1987","OW","The Tax Burden on Tobacco","Cigarette Sales","32,327,000","$","Dollars","POINT (-71.50036092 43.655950113)","Table 12- Orzechowski and Walker, Tax Burden on Tobacco","POL","450POL","450CGS"
"NJ","New Jersey","1987","OW","The Tax Burden on Tobacco","Cigarette Sales","212,502,000","$","Dollars","POINT (-74.273691288 40.130570048)","Table 12- Orzechowski and Walker, Tax Burden on Tobacco","POL","450POL","450CGS"
"NM","New Mexico","1987","OW","The Tax Burden on Tobacco","Cigarette Sales","18,219,078","$","Dollars","POINT (-106.240580985 34.520880952)","Table 12- Orzechowski and Walker, Tax Burden on Tobacco","POL","450POL","450CGS"
"NY","New York","1987","OW","The Tax Burden on Tobacco","Cigarette Sales","411,610,000","$","Dollars","POINT (-75.543970427 42.827001032)","Table 12- Orzechowski and Walker, Tax Burden on Tobacco","POL","450POL","450CGS"
"NC","North Carolina","1987","OW","The Tax Burden on Tobacco","Cigarette Sales","18,972,000","$","Dollars","POINT (-79.159250463 35.466220975)","Table 12- Orzechowski and Walker, Tax Burden on Tobacco","POL","450POL","450CGS"
"ND","North Dakota","1987","OW","The Tax Burden on Tobacco","Cigarette Sales","11,627,423","$","Dollars","POINT (-100.118421049 47.475319779)","Table 12- Orzechowski and Walker, Tax Burden on Tobacco","POL","450POL","450CGS"
"OH","Ohio","1987","OW","The Tax Burden on Tobacco","Cigarette Sales","188,898,000","$","Dollars","POINT (-82.404260056 40.060210141)","Table 12- Orzechowski and Walker, Tax Burden on Tobacco","POL","450POL","450CGS"
"OK","Oklahoma","1987","OW","The Tax Burden on Tobacco","Cigarette Sales","69,661,713","$","Dollars","POINT (-97.521070214 35.472031356)","Table 12- Orzechowski and Walker, Tax Burden on Tobacco","POL","450POL","450CGS"
"OR","Oregon","1987","OW","The Tax Burden on Tobacco","Cigarette Sales","79,656,885","$","Dollars","POINT (-120.155031326 44.567449424)","Table 12- Orzechowski and Walker, Tax Burden on Tobacco","POL","450POL","450CGS"
"PA","Pennsylvania","1987","OW","The Tax Burden on Tobacco","Cigarette Sales","240,627,000","$","Dollars","POINT (-77.860700294 40.793730152)","Table 12- Orzechowski and Walker, Tax Burden on Tobacco","POL","450POL","450CGS"
"RI","Rhode Island","1987","OW","The Tax Burden on Tobacco","Cigarette Sales","30,137,000","$","Dollars","POINT (-71.522470314 41.708280193)","Table 12- Orzechowski and Walker, Tax Burden on Tobacco","POL","450POL","450CGS"
"SC","South Carolina","1987","OW","The Tax Burden on Tobacco","Cigarette Sales","30,093,670","$","Dollars","POINT (-81.045371207 33.998821303)","Table 12- Orzechowski and Walker, Tax Burden on Tobacco","POL","450POL","450CGS"
"SD","South Dakota","1987","OW","The Tax Burden on Tobacco","Cigarette Sales","15,849,000","$","Dollars","POINT (-100.373530637 44.353130053)","Table 12- Orzechowski and Walker, Tax Burden on Tobacco","POL","450POL","450CGS"
"TN","Tennessee","1987","OW","The Tax Burden on Tobacco","Cigarette Sales","81,357,705","$","Dollars","POINT (-85.774490914 35.68094058)","Table 12- Orzechowski and Walker, Tax Burden on Tobacco","POL","450POL","450CGS"
"TX","Texas","1987","OW","The Tax Burden on Tobacco","Cigarette Sales","355,496,360","$","Dollars","POINT (-99.426770206 31.827240407)","Table 12- Orzechowski and Walker, Tax Burden on Tobacco","POL","450POL","450CGS"
"UT","Utah","1987","OW","The Tax Burden on Tobacco","Cigarette Sales","14,969,083","$","Dollars","POINT (-111.587130635 39.360700171)","Table 12- Orzechowski and Walker, Tax Burden on Tobacco","POL","450POL","450CGS"
"VT","Vermont","1987","OW","The Tax Burden on Tobacco","Cigarette Sales","11,726,086","$","Dollars","POINT (-72.517640791 43.625381239)","Table 12- Orzechowski and Walker, Tax Burden on Tobacco","POL","450POL","450CGS"
"VA","Virginia","1987","OW","The Tax Burden on Tobacco","Cigarette Sales","19,232,000","$","Dollars","POINT (-78.457890463 37.542680674)","Table 12- Orzechowski and Walker, Tax Burden on Tobacco","POL","450POL","450CGS"
"WA","Washington","1987","OW","The Tax Burden on Tobacco","Cigarette Sales","125,013,254","$","Dollars","POINT (-120.47001079 47.522278629)","Table 12- Orzechowski and Walker, Tax Burden on Tobacco","POL","450POL","450CGS"
"WV","West Virginia","1987","OW","The Tax Burden on Tobacco","Cigarette Sales","35,963,000","$","Dollars","POINT (-80.712640135 38.665510202)","Table 12- Orzechowski and Walker, Tax Burden on Tobacco","POL","450POL","450CGS"
"WI","Wisconsin","1987","OW","The Tax Burden on Tobacco","Cigarette Sales","128,916,821","$","Dollars","POINT (-89.816370742 44.393191174)","Table 12- Orzechowski and Walker, Tax Burden on Tobacco","POL","450POL","450CGS"
"WY","Wyoming","1987","OW","The Tax Burden on Tobacco","Cigarette Sales","4,562,000","$","Dollars","POINT (-108.109830353 43.235541343)","Table 12- Orzechowski and Walker, Tax Burden on Tobacco","POL","450POL","450CGS"
"AL","Alabama","1986","OW","The Tax Burden on Tobacco","Cigarette Sales","77,175,083","$","Dollars","POINT (-86.631860762 32.840571122)","Table 12- Orzechowski and Walker, Tax Burden on Tobacco","POL","450POL","450CGS"
"AK","Alaska","1986","OW","The Tax Burden on Tobacco","Cigarette Sales","8,191,000","$","Dollars","POINT (-147.722059036 64.845079957001)","Table 12- Orzechowski and Walker, Tax Burden on Tobacco","POL","450POL","450CGS"
"AZ","Arizona","1986","OW","The Tax Burden on Tobacco","Cigarette Sales","51,271,543","$","Dollars","POINT (-111.763811277 34.86597028)","Table 12- Orzechowski and Walker, Tax Burden on Tobacco","POL","450POL","450CGS"
"AR","Arkansas","1986","OW","The Tax Burden on Tobacco","Cigarette Sales","62,155,739","$","Dollars","POINT (-92.274490743 34.748650124)","Table 12- Orzechowski and Walker, Tax Burden on Tobacco","POL","450POL","450CGS"
"CA","California","1986","OW","The Tax Burden on Tobacco","Cigarette Sales","261,213,000","$","Dollars","POINT (-120.999999538 37.638640123)","Table 12- Orzechowski and Walker, Tax Burden on Tobacco","POL","450POL","450CGS"
"CO","Colorado","1986","OW","The Tax Burden on Tobacco","Cigarette Sales","53,052,000","$","Dollars","POINT (-106.133610921 38.843840757)","Table 12- Orzechowski and Walker, Tax Burden on Tobacco","POL","450POL","450CGS"
"CT","Connecticut","1986","OW","The Tax Burden on Tobacco","Cigarette Sales","89,483,000","$","Dollars","POINT (-72.649840952 41.56266102)","Table 12- Orzechowski and Walker, Tax Burden on Tobacco","POL","450POL","450CGS"
"DE","Delaware","1986","OW","The Tax Burden on Tobacco","Cigarette Sales","12,569,000","$","Dollars","POINT (-75.577741168 39.008830667)","Table 12- Orzechowski and Walker, Tax Burden on Tobacco","POL","450POL","450CGS"
"DC","District of Columbia","1986","OW","The Tax Burden on Tobacco","Cigarette Sales","9,500,000","$","Dollars","POINT (-77.031961127 38.890371385)","Table 12- Orzechowski and Walker, Tax Burden on Tobacco","POL","450POL","450CGS"
"FL","Florida","1986","OW","The Tax Burden on Tobacco","Cigarette Sales","295,577,556","$","Dollars","POINT (-81.928960539 28.932040377)","Table 12- Orzechowski and Walker, Tax Burden on Tobacco","POL","450POL","450CGS"
"GA","Georgia","1986","OW","The Tax Burden on Tobacco","Cigarette Sales","91,320,117","$","Dollars","POINT (-83.627580346 32.839681093)","Table 12- Orzechowski and Walker, Tax Burden on Tobacco","POL","450POL","450CGS"
"HI","Hawaii","1986","OW","The Tax Burden on Tobacco","Cigarette Sales","17,703,976","$","Dollars","POINT (-157.857749403 21.304850435)","Table 12- Orzechowski and Walker, Tax Burden on Tobacco","POL","450POL","450CGS"
"ID","Idaho","1986","OW","The Tax Burden on Tobacco","Cigarette Sales","8,854,269","$","Dollars","POINT (-114.363730042 43.682630005)","Table 12- Orzechowski and Walker, Tax Burden on Tobacco","POL","450POL","450CGS"
"IL","Illinois","1986","OW","The Tax Burden on Tobacco","Cigarette Sales","201,810,000","$","Dollars","POINT (-88.997710178 40.485010283)","Table 12- Orzechowski and Walker, Tax Burden on Tobacco","POL","450POL","450CGS"
"IN","Indiana","1986","OW","The Tax Burden on Tobacco","Cigarette Sales","79,546,000","$","Dollars","POINT (-86.149960194 39.766910452)","Table 12- Orzechowski and Walker, Tax Burden on Tobacco","POL","450POL","450CGS"
"IA","Iowa","1986","OW","The Tax Burden on Tobacco","Cigarette Sales","72,024,669","$","Dollars","POINT (-93.816490556 42.469400913)","Table 12- Orzechowski and Walker, Tax Burden on Tobacco","POL","450POL","450CGS"
"KS","Kansas","1986","OW","The Tax Burden on Tobacco","Cigarette Sales","58,286,236","$","Dollars","POINT (-98.200781227 38.3477403)","Table 12- Orzechowski and Walker, Tax Burden on Tobacco","POL","450POL","450CGS"
"KY","Kentucky","1986","OW","The Tax Burden on Tobacco","Cigarette Sales","20,115,000","$","Dollars","POINT (-84.774971048 37.645970271)","Table 12- Orzechowski and Walker, Tax Burden on Tobacco","POL","450POL","450CGS"
"LA","Louisiana","1986","OW","The Tax Burden on Tobacco","Cigarette Sales","86,910,227","$","Dollars","POINT (-92.445680071 31.312660644)","Table 12- Orzechowski and Walker, Tax Burden on Tobacco","POL","450POL","450CGS"
"ME","Maine","1986","OW","The Tax Burden on Tobacco","Cigarette Sales","38,662,000","$","Dollars","POINT (-68.985031336 45.254228894001)","Table 12- Orzechowski and Walker, Tax Burden on Tobacco","POL","450POL","450CGS"
"MD","Maryland","1986","OW","The Tax Burden on Tobacco","Cigarette Sales","69,874,000","$","Dollars","POINT (-76.609260111 39.290580964)","Table 12- Orzechowski and Walker, Tax Burden on Tobacco","POL","450POL","450CGS"
"MA","Massachusetts","1986","OW","The Tax Burden on Tobacco","Cigarette Sales","175,333,189","$","Dollars","POINT (-72.082690675 42.27687047)","Table 12- Orzechowski and Walker, Tax Burden on Tobacco","POL","450POL","450CGS"
"MI","Michigan","1986","OW","The Tax Burden on Tobacco","Cigarette Sales","241,805,000","$","Dollars","POINT (-84.71439027 44.661319543001)","Table 12- Orzechowski and Walker, Tax Burden on Tobacco","POL","450POL","450CGS"
"MN","Minnesota","1986","OW","The Tax Burden on Tobacco","Cigarette Sales","101,057,348","$","Dollars","POINT (-94.794200503 46.355648736)","Table 12- Orzechowski and Walker, Tax Burden on Tobacco","POL","450POL","450CGS"
"MS","Mississippi","1986","OW","The Tax Burden on Tobacco","Cigarette Sales","54,070,578","$","Dollars","POINT (-89.538030825 32.745510099)","Table 12- Orzechowski and Walker, Tax Burden on Tobacco","POL","450POL","450CGS"
"MO","Missouri","1986","OW","The Tax Burden on Tobacco","Cigarette Sales","84,312,000","$","Dollars","POINT (-92.566300053 38.635790776)","Table 12- Orzechowski and Walker, Tax Burden on Tobacco","POL","450POL","450CGS"
"MT","Montana","1986","OW","The Tax Burden on Tobacco","Cigarette Sales","12,943,445","$","Dollars","POINT (-109.424420645 47.066528972)","Table 12- Orzechowski and Walker, Tax Burden on Tobacco","POL","450POL","450CGS"
"NE","Nebraska","1986","OW","The Tax Burden on Tobacco","Cigarette Sales","32,372,000","$","Dollars","POINT (-99.365720623 41.641040988001)","Table 12- Orzechowski and Walker, Tax Burden on Tobacco","POL","450POL","450CGS"
"NV","Nevada","1986","OW","The Tax Burden on Tobacco","Cigarette Sales","20,284,792","$","Dollars","POINT (-117.071840564 39.49324039)","Table 12- Orzechowski and Walker, Tax Burden on Tobacco","POL","450POL","450CGS"
"NH","New Hampshire","1986","OW","The Tax Burden on Tobacco","Cigarette Sales","33,639,000","$","Dollars","POINT (-71.50036092 43.655950113)","Table 12- Orzechowski and Walker, Tax Burden on Tobacco","POL","450POL","450CGS"
"NJ","New Jersey","1986","OW","The Tax Burden on Tobacco","Cigarette Sales","218,338,000","$","Dollars","POINT (-74.273691288 40.130570048)","Table 12- Orzechowski and Walker, Tax Burden on Tobacco","POL","450POL","450CGS"
"NM","New Mexico","1986","OW","The Tax Burden on Tobacco","Cigarette Sales","15,317,000","$","Dollars","POINT (-106.240580985 34.520880952)","Table 12- Orzechowski and Walker, Tax Burden on Tobacco","POL","450POL","450CGS"
"NY","New York","1986","OW","The Tax Burden on Tobacco","Cigarette Sales","427,738,000","$","Dollars","POINT (-75.543970427 42.827001032)","Table 12- Orzechowski and Walker, Tax Burden on Tobacco","POL","450POL","450CGS"
"NC","North Carolina","1986","OW","The Tax Burden on Tobacco","Cigarette Sales","19,313,000","$","Dollars","POINT (-79.159250463 35.466220975)","Table 12- Orzechowski and Walker, Tax Burden on Tobacco","POL","450POL","450CGS"
"ND","North Dakota","1986","OW","The Tax Burden on Tobacco","Cigarette Sales","12,309,345","$","Dollars","POINT (-100.118421049 47.475319779)","Table 12- Orzechowski and Walker, Tax Burden on Tobacco","POL","450POL","450CGS"
"OH","Ohio","1986","OW","The Tax Burden on Tobacco","Cigarette Sales","190,198,000","$","Dollars","POINT (-82.404260056 40.060210141)","Table 12- Orzechowski and Walker, Tax Burden on Tobacco","POL","450POL","450CGS"
"OK","Oklahoma","1986","OW","The Tax Burden on Tobacco","Cigarette Sales","71,022,806","$","Dollars","POINT (-97.521070214 35.472031356)","Table 12- Orzechowski and Walker, Tax Burden on Tobacco","POL","450POL","450CGS"
"OR","Oregon","1986","OW","The Tax Burden on Tobacco","Cigarette Sales","75,011,574","$","Dollars","POINT (-120.155031326 44.567449424)","Table 12- Orzechowski and Walker, Tax Burden on Tobacco","POL","450POL","450CGS"
"PA","Pennsylvania","1986","OW","The Tax Burden on Tobacco","Cigarette Sales","243,253,000","$","Dollars","POINT (-77.860700294 40.793730152)","Table 12- Orzechowski and Walker, Tax Burden on Tobacco","POL","450POL","450CGS"
"RI","Rhode Island","1986","OW","The Tax Burden on Tobacco","Cigarette Sales","30,980,000","$","Dollars","POINT (-71.522470314 41.708280193)","Table 12- Orzechowski and Walker, Tax Burden on Tobacco","POL","450POL","450CGS"
"SC","South Carolina","1986","OW","The Tax Burden on Tobacco","Cigarette Sales","29,522,340","$","Dollars","POINT (-81.045371207 33.998821303)","Table 12- Orzechowski and Walker, Tax Burden on Tobacco","POL","450POL","450CGS"
"SD","South Dakota","1986","OW","The Tax Burden on Tobacco","Cigarette Sales","15,673,000","$","Dollars","POINT (-100.373530637 44.353130053)","Table 12- Orzechowski and Walker, Tax Burden on Tobacco","POL","450POL","450CGS"
"TN","Tennessee","1986","OW","The Tax Burden on Tobacco","Cigarette Sales","79,745,209","$","Dollars","POINT (-85.774490914 35.68094058)","Table 12- Orzechowski and Walker, Tax Burden on Tobacco","POL","450POL","450CGS"
"TX","Texas","1986","OW","The Tax Burden on Tobacco","Cigarette Sales","373,506,575","$","Dollars","POINT (-99.426770206 31.827240407)","Table 12- Orzechowski and Walker, Tax Burden on Tobacco","POL","450POL","450CGS"
"UT","Utah","1986","OW","The Tax Burden on Tobacco","Cigarette Sales","12,919,309","$","Dollars","POINT (-111.587130635 39.360700171)","Table 12- Orzechowski and Walker, Tax Burden on Tobacco","POL","450POL","450CGS"
"VT","Vermont","1986","OW","The Tax Burden on Tobacco","Cigarette Sales","11,932,304","$","Dollars","POINT (-72.517640791 43.625381239)","Table 12- Orzechowski and Walker, Tax Burden on Tobacco","POL","450POL","450CGS"
"VA","Virginia","1986","OW","The Tax Burden on Tobacco","Cigarette Sales","19,370,000","$","Dollars","POINT (-78.457890463 37.542680674)","Table 12- Orzechowski and Walker, Tax Burden on Tobacco","POL","450POL","450CGS"
"WA","Washington","1986","OW","The Tax Burden on Tobacco","Cigarette Sales","103,773,418","$","Dollars","POINT (-120.47001079 47.522278629)","Table 12- Orzechowski and Walker, Tax Burden on Tobacco","POL","450POL","450CGS"
"WV","West Virginia","1986","OW","The Tax Burden on Tobacco","Cigarette Sales","36,898,000","$","Dollars","POINT (-80.712640135 38.665510202)","Table 12- Orzechowski and Walker, Tax Burden on Tobacco","POL","450POL","450CGS"
"WI","Wisconsin","1986","OW","The Tax Burden on Tobacco","Cigarette Sales","126,913,372","$","Dollars","POINT (-89.816370742 44.393191174)","Table 12- Orzechowski and Walker, Tax Burden on Tobacco","POL","450POL","450CGS"
"WY","Wyoming","1986","OW","The Tax Burden on Tobacco","Cigarette Sales","5,071,000","$","Dollars","POINT (-108.109830353 43.235541343)","Table 12- Orzechowski and Walker, Tax Burden on Tobacco","POL","450POL","450CGS"
"AL","Alabama","1985","OW","The Tax Burden on Tobacco","Cigarette Sales","76,693,928","$","Dollars","POINT (-86.631860762 32.840571122)","Table 12- Orzechowski and Walker, Tax Burden on Tobacco","POL","450POL","450CGS"
"AK","Alaska","1985","OW","The Tax Burden on Tobacco","Cigarette Sales","5,395,000","$","Dollars","POINT (-147.722059036 64.845079957001)","Table 12- Orzechowski and Walker, Tax Burden on Tobacco","POL","450POL","450CGS"
"AZ","Arizona","1985","OW","The Tax Burden on Tobacco","Cigarette Sales","49,914,889","$","Dollars","POINT (-111.763811277 34.86597028)","Table 12- Orzechowski and Walker, Tax Burden on Tobacco","POL","450POL","450CGS"
"AR","Arkansas","1985","OW","The Tax Burden on Tobacco","Cigarette Sales","62,733,844","$","Dollars","POINT (-92.274490743 34.748650124)","Table 12- Orzechowski and Walker, Tax Burden on Tobacco","POL","450POL","450CGS"
"CA","California","1985","OW","The Tax Burden on Tobacco","Cigarette Sales","265,403,000","$","Dollars","POINT (-120.999999538 37.638640123)","Table 12- Orzechowski and Walker, Tax Burden on Tobacco","POL","450POL","450CGS"
"CO","Colorado","1985","OW","The Tax Burden on Tobacco","Cigarette Sales","54,369,000","$","Dollars","POINT (-106.133610921 38.843840757)","Table 12- Orzechowski and Walker, Tax Burden on Tobacco","POL","450POL","450CGS"
"CT","Connecticut","1985","OW","The Tax Burden on Tobacco","Cigarette Sales","90,922,000","$","Dollars","POINT (-72.649840952 41.56266102)","Table 12- Orzechowski and Walker, Tax Burden on Tobacco","POL","450POL","450CGS"
"DE","Delaware","1985","OW","The Tax Burden on Tobacco","Cigarette Sales","12,518,000","$","Dollars","POINT (-75.577741168 39.008830667)","Table 12- Orzechowski and Walker, Tax Burden on Tobacco","POL","450POL","450CGS"
"DC","District of Columbia","1985","OW","The Tax Burden on Tobacco","Cigarette Sales","9,874,000","$","Dollars","POINT (-77.031961127 38.890371385)","Table 12- Orzechowski and Walker, Tax Burden on Tobacco","POL","450POL","450CGS"
"FL","Florida","1985","OW","The Tax Burden on Tobacco","Cigarette Sales","291,172,000","$","Dollars","POINT (-81.928960539 28.932040377)","Table 12- Orzechowski and Walker, Tax Burden on Tobacco","POL","450POL","450CGS"
"GA","Georgia","1985","OW","The Tax Burden on Tobacco","Cigarette Sales","90,152,759","$","Dollars","POINT (-83.627580346 32.839681093)","Table 12- Orzechowski and Walker, Tax Burden on Tobacco","POL","450POL","450CGS"
"HI","Hawaii","1985","OW","The Tax Burden on Tobacco","Cigarette Sales","17,552,309","$","Dollars","POINT (-157.857749403 21.304850435)","Table 12- Orzechowski and Walker, Tax Burden on Tobacco","POL","450POL","450CGS"
"ID","Idaho","1985","OW","The Tax Burden on Tobacco","Cigarette Sales","9,319,619","$","Dollars","POINT (-114.363730042 43.682630005)","Table 12- Orzechowski and Walker, Tax Burden on Tobacco","POL","450POL","450CGS"
"IL","Illinois","1985","OW","The Tax Burden on Tobacco","Cigarette Sales","167,493,000","$","Dollars","POINT (-88.997710178 40.485010283)","Table 12- Orzechowski and Walker, Tax Burden on Tobacco","POL","450POL","450CGS"
"IN","Indiana","1985","OW","The Tax Burden on Tobacco","Cigarette Sales","78,908,000","$","Dollars","POINT (-86.149960194 39.766910452)","Table 12- Orzechowski and Walker, Tax Burden on Tobacco","POL","450POL","450CGS"
"IA","Iowa","1985","OW","The Tax Burden on Tobacco","Cigarette Sales","58,018,435","$","Dollars","POINT (-93.816490556 42.469400913)","Table 12- Orzechowski and Walker, Tax Burden on Tobacco","POL","450POL","450CGS"
"KS","Kansas","1985","OW","The Tax Burden on Tobacco","Cigarette Sales","45,327,675","$","Dollars","POINT (-98.200781227 38.3477403)","Table 12- Orzechowski and Walker, Tax Burden on Tobacco","POL","450POL","450CGS"
"KY","Kentucky","1985","OW","The Tax Burden on Tobacco","Cigarette Sales","20,623,000","$","Dollars","POINT (-84.774971048 37.645970271)","Table 12- Orzechowski and Walker, Tax Burden on Tobacco","POL","450POL","450CGS"
"LA","Louisiana","1985","OW","The Tax Burden on Tobacco","Cigarette Sales","89,977,784","$","Dollars","POINT (-92.445680071 31.312660644)","Table 12- Orzechowski and Walker, Tax Burden on Tobacco","POL","450POL","450CGS"
"ME","Maine","1985","OW","The Tax Burden on Tobacco","Cigarette Sales","29,800,000","$","Dollars","POINT (-68.985031336 45.254228894001)","Table 12- Orzechowski and Walker, Tax Burden on Tobacco","POL","450POL","450CGS"
"MD","Maryland","1985","OW","The Tax Burden on Tobacco","Cigarette Sales","69,425,000","$","Dollars","POINT (-76.609260111 39.290580964)","Table 12- Orzechowski and Walker, Tax Burden on Tobacco","POL","450POL","450CGS"
"MA","Massachusetts","1985","OW","The Tax Burden on Tobacco","Cigarette Sales","176,875,000","$","Dollars","POINT (-72.082690675 42.27687047)","Table 12- Orzechowski and Walker, Tax Burden on Tobacco","POL","450POL","450CGS"
"MI","Michigan","1985","OW","The Tax Burden on Tobacco","Cigarette Sales","243,993,000","$","Dollars","POINT (-84.71439027 44.661319543001)","Table 12- Orzechowski and Walker, Tax Burden on Tobacco","POL","450POL","450CGS"
"MN","Minnesota","1985","OW","The Tax Burden on Tobacco","Cigarette Sales","85,266,384","$","Dollars","POINT (-94.794200503 46.355648736)","Table 12- Orzechowski and Walker, Tax Burden on Tobacco","POL","450POL","450CGS"
"MS","Mississippi","1985","OW","The Tax Burden on Tobacco","Cigarette Sales","35,093,776","$","Dollars","POINT (-89.538030825 32.745510099)","Table 12- Orzechowski and Walker, Tax Burden on Tobacco","POL","450POL","450CGS"
"MO","Missouri","1985","OW","The Tax Burden on Tobacco","Cigarette Sales","84,761,000","$","Dollars","POINT (-92.566300053 38.635790776)","Table 12- Orzechowski and Walker, Tax Burden on Tobacco","POL","450POL","450CGS"
"MT","Montana","1985","OW","The Tax Burden on Tobacco","Cigarette Sales","13,712,206","$","Dollars","POINT (-109.424420645 47.066528972)","Table 12- Orzechowski and Walker, Tax Burden on Tobacco","POL","450POL","450CGS"
"NE","Nebraska","1985","OW","The Tax Burden on Tobacco","Cigarette Sales","30,639,000","$","Dollars","POINT (-99.365720623 41.641040988001)","Table 12- Orzechowski and Walker, Tax Burden on Tobacco","POL","450POL","450CGS"
"NV","Nevada","1985","OW","The Tax Burden on Tobacco","Cigarette Sales","20,320,667","$","Dollars","POINT (-117.071840564 39.49324039)","Table 12- Orzechowski and Walker, Tax Burden on Tobacco","POL","450POL","450CGS"
"NH","New Hampshire","1985","OW","The Tax Burden on Tobacco","Cigarette Sales","33,552,000","$","Dollars","POINT (-71.50036092 43.655950113)","Table 12- Orzechowski and Walker, Tax Burden on Tobacco","POL","450POL","450CGS"
"NJ","New Jersey","1985","OW","The Tax Burden on Tobacco","Cigarette Sales","220,409,000","$","Dollars","POINT (-74.273691288 40.130570048)","Table 12- Orzechowski and Walker, Tax Burden on Tobacco","POL","450POL","450CGS"
"NM","New Mexico","1985","OW","The Tax Burden on Tobacco","Cigarette Sales","15,319,000","$","Dollars","POINT (-106.240580985 34.520880952)","Table 12- Orzechowski and Walker, Tax Burden on Tobacco","POL","450POL","450CGS"
"NY","New York","1985","OW","The Tax Burden on Tobacco","Cigarette Sales","437,593,000","$","Dollars","POINT (-75.543970427 42.827001032)","Table 12- Orzechowski and Walker, Tax Burden on Tobacco","POL","450POL","450CGS"
"NC","North Carolina","1985","OW","The Tax Burden on Tobacco","Cigarette Sales","19,426,000","$","Dollars","POINT (-79.159250463 35.466220975)","Table 12- Orzechowski and Walker, Tax Burden on Tobacco","POL","450POL","450CGS"
"ND","North Dakota","1985","OW","The Tax Burden on Tobacco","Cigarette Sales","12,858,557","$","Dollars","POINT (-100.118421049 47.475319779)","Table 12- Orzechowski and Walker, Tax Burden on Tobacco","POL","450POL","450CGS"
"OH","Ohio","1985","OW","The Tax Burden on Tobacco","Cigarette Sales","191,793,000","$","Dollars","POINT (-82.404260056 40.060210141)","Table 12- Orzechowski and Walker, Tax Burden on Tobacco","POL","450POL","450CGS"
"OK","Oklahoma","1985","OW","The Tax Burden on Tobacco","Cigarette Sales","74,875,926","$","Dollars","POINT (-97.521070214 35.472031356)","Table 12- Orzechowski and Walker, Tax Burden on Tobacco","POL","450POL","450CGS"
"OR","Oregon","1985","OW","The Tax Burden on Tobacco","Cigarette Sales","60,663,000","$","Dollars","POINT (-120.155031326 44.567449424)","Table 12- Orzechowski and Walker, Tax Burden on Tobacco","POL","450POL","450CGS"
"PA","Pennsylvania","1985","OW","The Tax Burden on Tobacco","Cigarette Sales","249,415,000","$","Dollars","POINT (-77.860700294 40.793730152)","Table 12- Orzechowski and Walker, Tax Burden on Tobacco","POL","450POL","450CGS"
"RI","Rhode Island","1985","OW","The Tax Burden on Tobacco","Cigarette Sales","29,750,000","$","Dollars","POINT (-71.522470314 41.708280193)","Table 12- Orzechowski and Walker, Tax Burden on Tobacco","POL","450POL","450CGS"
"SC","South Carolina","1985","OW","The Tax Burden on Tobacco","Cigarette Sales","29,421,407","$","Dollars","POINT (-81.045371207 33.998821303)","Table 12- Orzechowski and Walker, Tax Burden on Tobacco","POL","450POL","450CGS"
"SD","South Dakota","1985","OW","The Tax Burden on Tobacco","Cigarette Sales","11,167,000","$","Dollars","POINT (-100.373530637 44.353130053)","Table 12- Orzechowski and Walker, Tax Burden on Tobacco","POL","450POL","450CGS"
"TN","Tennessee","1985","OW","The Tax Burden on Tobacco","Cigarette Sales","79,593,436","$","Dollars","POINT (-85.774490914 35.68094058)","Table 12- Orzechowski and Walker, Tax Burden on Tobacco","POL","450POL","450CGS"
"TX","Texas","1985","OW","The Tax Burden on Tobacco","Cigarette Sales","360,500,225","$","Dollars","POINT (-99.426770206 31.827240407)","Table 12- Orzechowski and Walker, Tax Burden on Tobacco","POL","450POL","450CGS"
"UT","Utah","1985","OW","The Tax Burden on Tobacco","Cigarette Sales","13,412,317","$","Dollars","POINT (-111.587130635 39.360700171)","Table 12- Orzechowski and Walker, Tax Burden on Tobacco","POL","450POL","450CGS"
"VT","Vermont","1985","OW","The Tax Burden on Tobacco","Cigarette Sales","12,992,903","$","Dollars","POINT (-72.517640791 43.625381239)","Table 12- Orzechowski and Walker, Tax Burden on Tobacco","POL","450POL","450CGS"
"VA","Virginia","1985","OW","The Tax Burden on Tobacco","Cigarette Sales","19,149,000","$","Dollars","POINT (-78.457890463 37.542680674)","Table 12- Orzechowski and Walker, Tax Burden on Tobacco","POL","450POL","450CGS"
"WA","Washington","1985","OW","The Tax Burden on Tobacco","Cigarette Sales","97,277,410","$","Dollars","POINT (-120.47001079 47.522278629)","Table 12- Orzechowski and Walker, Tax Burden on Tobacco","POL","450POL","450CGS"
"WV","West Virginia","1985","OW","The Tax Burden on Tobacco","Cigarette Sales","36,584,000","$","Dollars","POINT (-80.712640135 38.665510202)","Table 12- Orzechowski and Walker, Tax Burden on Tobacco","POL","450POL","450CGS"
"WI","Wisconsin","1985","OW","The Tax Burden on Tobacco","Cigarette Sales","128,653,014","$","Dollars","POINT (-89.816370742 44.393191174)","Table 12- Orzechowski and Walker, Tax Burden on Tobacco","POL","450POL","450CGS"
"WY","Wyoming","1985","OW","The Tax Burden on Tobacco","Cigarette Sales","5,178,000","$","Dollars","POINT (-108.109830353 43.235541343)","Table 12- Orzechowski and Walker, Tax Burden on Tobacco","POL","450POL","450CGS"
"AL","Alabama","1984","OW","The Tax Burden on Tobacco","Cigarette Sales","72,144,256","$","Dollars","POINT (-86.631860762 32.840571122)","Table 12- Orzechowski and Walker, Tax Burden on Tobacco","POL","450POL","450CGS"
"AK","Alaska","1984","OW","The Tax Burden on Tobacco","Cigarette Sales","5,341,000","$","Dollars","POINT (-147.722059036 64.845079957001)","Table 12- Orzechowski and Walker, Tax Burden on Tobacco","POL","450POL","450CGS"
"AZ","Arizona","1984","OW","The Tax Burden on Tobacco","Cigarette Sales","42,047,774","$","Dollars","POINT (-111.763811277 34.86597028)","Table 12- Orzechowski and Walker, Tax Burden on Tobacco","POL","450POL","450CGS"
"AR","Arkansas","1984","OW","The Tax Burden on Tobacco","Cigarette Sales","60,611,138","$","Dollars","POINT (-92.274490743 34.748650124)","Table 12- Orzechowski and Walker, Tax Burden on Tobacco","POL","450POL","450CGS"
"CA","California","1984","OW","The Tax Burden on Tobacco","Cigarette Sales","265,535,000","$","Dollars","POINT (-120.999999538 37.638640123)","Table 12- Orzechowski and Walker, Tax Burden on Tobacco","POL","450POL","450CGS"
"CO","Colorado","1984","OW","The Tax Burden on Tobacco","Cigarette Sales","49,528,000","$","Dollars","POINT (-106.133610921 38.843840757)","Table 12- Orzechowski and Walker, Tax Burden on Tobacco","POL","450POL","450CGS"
"CT","Connecticut","1984","OW","The Tax Burden on Tobacco","Cigarette Sales","90,454,000","$","Dollars","POINT (-72.649840952 41.56266102)","Table 12- Orzechowski and Walker, Tax Burden on Tobacco","POL","450POL","450CGS"
"DE","Delaware","1984","OW","The Tax Burden on Tobacco","Cigarette Sales","12,278,000","$","Dollars","POINT (-75.577741168 39.008830667)","Table 12- Orzechowski and Walker, Tax Burden on Tobacco","POL","450POL","450CGS"
"DC","District of Columbia","1984","OW","The Tax Burden on Tobacco","Cigarette Sales","9,987,000","$","Dollars","POINT (-77.031961127 38.890371385)","Table 12- Orzechowski and Walker, Tax Burden on Tobacco","POL","450POL","450CGS"
"FL","Florida","1984","OW","The Tax Burden on Tobacco","Cigarette Sales","283,263,000","$","Dollars","POINT (-81.928960539 28.932040377)","Table 12- Orzechowski and Walker, Tax Burden on Tobacco","POL","450POL","450CGS"
"GA","Georgia","1984","OW","The Tax Burden on Tobacco","Cigarette Sales","86,489,648","$","Dollars","POINT (-83.627580346 32.839681093)","Table 12- Orzechowski and Walker, Tax Burden on Tobacco","POL","450POL","450CGS"
"HI","Hawaii","1984","OW","The Tax Burden on Tobacco","Cigarette Sales","17,852,659","$","Dollars","POINT (-157.857749403 21.304850435)","Table 12- Orzechowski and Walker, Tax Burden on Tobacco","POL","450POL","450CGS"
"ID","Idaho","1984","OW","The Tax Burden on Tobacco","Cigarette Sales","9,461,798","$","Dollars","POINT (-114.363730042 43.682630005)","Table 12- Orzechowski and Walker, Tax Burden on Tobacco","POL","450POL","450CGS"
"IL","Illinois","1984","OW","The Tax Burden on Tobacco","Cigarette Sales","170,458,000","$","Dollars","POINT (-88.997710178 40.485010283)","Table 12- Orzechowski and Walker, Tax Burden on Tobacco","POL","450POL","450CGS"
"IN","Indiana","1984","OW","The Tax Burden on Tobacco","Cigarette Sales","79,979,000","$","Dollars","POINT (-86.149960194 39.766910452)","Table 12- Orzechowski and Walker, Tax Burden on Tobacco","POL","450POL","450CGS"
"IA","Iowa","1984","OW","The Tax Burden on Tobacco","Cigarette Sales","59,082,906","$","Dollars","POINT (-93.816490556 42.469400913)","Table 12- Orzechowski and Walker, Tax Burden on Tobacco","POL","450POL","450CGS"
"KS","Kansas","1984","OW","The Tax Burden on Tobacco","Cigarette Sales","45,063,879","$","Dollars","POINT (-98.200781227 38.3477403)","Table 12- Orzechowski and Walker, Tax Burden on Tobacco","POL","450POL","450CGS"
"KY","Kentucky","1984","OW","The Tax Burden on Tobacco","Cigarette Sales","20,623,000","$","Dollars","POINT (-84.774971048 37.645970271)","Table 12- Orzechowski and Walker, Tax Burden on Tobacco","POL","450POL","450CGS"
"LA","Louisiana","1984","OW","The Tax Burden on Tobacco","Cigarette Sales","63,388,285","$","Dollars","POINT (-92.445680071 31.312660644)","Table 12- Orzechowski and Walker, Tax Burden on Tobacco","POL","450POL","450CGS"
"ME","Maine","1984","OW","The Tax Burden on Tobacco","Cigarette Sales","29,456,000","$","Dollars","POINT (-68.985031336 45.254228894001)","Table 12- Orzechowski and Walker, Tax Burden on Tobacco","POL","450POL","450CGS"
"MD","Maryland","1984","OW","The Tax Burden on Tobacco","Cigarette Sales","68,942,000","$","Dollars","POINT (-76.609260111 39.290580964)","Table 12- Orzechowski and Walker, Tax Burden on Tobacco","POL","450POL","450CGS"
"MA","Massachusetts","1984","OW","The Tax Burden on Tobacco","Cigarette Sales","173,429,000","$","Dollars","POINT (-72.082690675 42.27687047)","Table 12- Orzechowski and Walker, Tax Burden on Tobacco","POL","450POL","450CGS"
"MI","Michigan","1984","OW","The Tax Burden on Tobacco","Cigarette Sales","245,818,000","$","Dollars","POINT (-84.71439027 44.661319543001)","Table 12- Orzechowski and Walker, Tax Burden on Tobacco","POL","450POL","450CGS"
"MN","Minnesota","1984","OW","The Tax Burden on Tobacco","Cigarette Sales","83,117,876","$","Dollars","POINT (-94.794200503 46.355648736)","Table 12- Orzechowski and Walker, Tax Burden on Tobacco","POL","450POL","450CGS"
"MS","Mississippi","1984","OW","The Tax Burden on Tobacco","Cigarette Sales","33,262,141","$","Dollars","POINT (-89.538030825 32.745510099)","Table 12- Orzechowski and Walker, Tax Burden on Tobacco","POL","450POL","450CGS"
"MO","Missouri","1984","OW","The Tax Burden on Tobacco","Cigarette Sales","84,351,000","$","Dollars","POINT (-92.566300053 38.635790776)","Table 12- Orzechowski and Walker, Tax Burden on Tobacco","POL","450POL","450CGS"
"MT","Montana","1984","OW","The Tax Burden on Tobacco","Cigarette Sales","13,072,334","$","Dollars","POINT (-109.424420645 47.066528972)","Table 12- Orzechowski and Walker, Tax Burden on Tobacco","POL","450POL","450CGS"
"NE","Nebraska","1984","OW","The Tax Burden on Tobacco","Cigarette Sales","31,069,000","$","Dollars","POINT (-99.365720623 41.641040988001)","Table 12- Orzechowski and Walker, Tax Burden on Tobacco","POL","450POL","450CGS"
"NV","Nevada","1984","OW","The Tax Burden on Tobacco","Cigarette Sales","17,605,891","$","Dollars","POINT (-117.071840564 39.49324039)","Table 12- Orzechowski and Walker, Tax Burden on Tobacco","POL","450POL","450CGS"
"NH","New Hampshire","1984","OW","The Tax Burden on Tobacco","Cigarette Sales","34,316,000","$","Dollars","POINT (-71.50036092 43.655950113)","Table 12- Orzechowski and Walker, Tax Burden on Tobacco","POL","450POL","450CGS"
"NJ","New Jersey","1984","OW","The Tax Burden on Tobacco","Cigarette Sales","220,420,000","$","Dollars","POINT (-74.273691288 40.130570048)","Table 12- Orzechowski and Walker, Tax Burden on Tobacco","POL","450POL","450CGS"
"NM","New Mexico","1984","OW","The Tax Burden on Tobacco","Cigarette Sales","15,118,000","$","Dollars","POINT (-106.240580985 34.520880952)","Table 12- Orzechowski and Walker, Tax Burden on Tobacco","POL","450POL","450CGS"
"NY","New York","1984","OW","The Tax Burden on Tobacco","Cigarette Sales","446,661,000","$","Dollars","POINT (-75.543970427 42.827001032)","Table 12- Orzechowski and Walker, Tax Burden on Tobacco","POL","450POL","450CGS"
"NC","North Carolina","1984","OW","The Tax Burden on Tobacco","Cigarette Sales","19,661,000","$","Dollars","POINT (-79.159250463 35.466220975)","Table 12- Orzechowski and Walker, Tax Burden on Tobacco","POL","450POL","450CGS"
"ND","North Dakota","1984","OW","The Tax Burden on Tobacco","Cigarette Sales","13,531,577","$","Dollars","POINT (-100.118421049 47.475319779)","Table 12- Orzechowski and Walker, Tax Burden on Tobacco","POL","450POL","450CGS"
"OH","Ohio","1984","OW","The Tax Burden on Tobacco","Cigarette Sales","191,666,000","$","Dollars","POINT (-82.404260056 40.060210141)","Table 12- Orzechowski and Walker, Tax Burden on Tobacco","POL","450POL","450CGS"
"OK","Oklahoma","1984","OW","The Tax Burden on Tobacco","Cigarette Sales","77,128,269","$","Dollars","POINT (-97.521070214 35.472031356)","Table 12- Orzechowski and Walker, Tax Burden on Tobacco","POL","450POL","450CGS"
"OR","Oregon","1984","OW","The Tax Burden on Tobacco","Cigarette Sales","49,240,000","$","Dollars","POINT (-120.155031326 44.567449424)","Table 12- Orzechowski and Walker, Tax Burden on Tobacco","POL","450POL","450CGS"
"PA","Pennsylvania","1984","OW","The Tax Burden on Tobacco","Cigarette Sales","247,380,000","$","Dollars","POINT (-77.860700294 40.793730152)","Table 12- Orzechowski and Walker, Tax Burden on Tobacco","POL","450POL","450CGS"
"RI","Rhode Island","1984","OW","The Tax Burden on Tobacco","Cigarette Sales","30,046,000","$","Dollars","POINT (-71.522470314 41.708280193)","Table 12- Orzechowski and Walker, Tax Burden on Tobacco","POL","450POL","450CGS"
"SC","South Carolina","1984","OW","The Tax Burden on Tobacco","Cigarette Sales","29,419,765","$","Dollars","POINT (-81.045371207 33.998821303)","Table 12- Orzechowski and Walker, Tax Burden on Tobacco","POL","450POL","450CGS"
"SD","South Dakota","1984","OW","The Tax Burden on Tobacco","Cigarette Sales","11,191,000","$","Dollars","POINT (-100.373530637 44.353130053)","Table 12- Orzechowski and Walker, Tax Burden on Tobacco","POL","450POL","450CGS"
"TN","Tennessee","1984","OW","The Tax Burden on Tobacco","Cigarette Sales","76,741,643","$","Dollars","POINT (-85.774490914 35.68094058)","Table 12- Orzechowski and Walker, Tax Burden on Tobacco","POL","450POL","450CGS"
"TX","Texas","1984","OW","The Tax Burden on Tobacco","Cigarette Sales","344,699,280","$","Dollars","POINT (-99.426770206 31.827240407)","Table 12- Orzechowski and Walker, Tax Burden on Tobacco","POL","450POL","450CGS"
"UT","Utah","1984","OW","The Tax Burden on Tobacco","Cigarette Sales","13,071,387","$","Dollars","POINT (-111.587130635 39.360700171)","Table 12- Orzechowski and Walker, Tax Burden on Tobacco","POL","450POL","450CGS"
"VT","Vermont","1984","OW","The Tax Burden on Tobacco","Cigarette Sales","12,567,950","$","Dollars","POINT (-72.517640791 43.625381239)","Table 12- Orzechowski and Walker, Tax Burden on Tobacco","POL","450POL","450CGS"
"VA","Virginia","1984","OW","The Tax Burden on Tobacco","Cigarette Sales","19,099,000","$","Dollars","POINT (-78.457890463 37.542680674)","Table 12- Orzechowski and Walker, Tax Burden on Tobacco","POL","450POL","450CGS"
"WA","Washington","1984","OW","The Tax Burden on Tobacco","Cigarette Sales","95,849,952","$","Dollars","POINT (-120.47001079 47.522278629)","Table 12- Orzechowski and Walker, Tax Burden on Tobacco","POL","450POL","450CGS"
"WV","West Virginia","1984","OW","The Tax Burden on Tobacco","Cigarette Sales","37,546,000","$","Dollars","POINT (-80.712640135 38.665510202)","Table 12- Orzechowski and Walker, Tax Burden on Tobacco","POL","450POL","450CGS"
"WI","Wisconsin","1984","OW","The Tax Burden on Tobacco","Cigarette Sales","126,570,755","$","Dollars","POINT (-89.816370742 44.393191174)","Table 12- Orzechowski and Walker, Tax Burden on Tobacco","POL","450POL","450CGS"
"WY","Wyoming","1984","OW","The Tax Burden on Tobacco","Cigarette Sales","5,336,000","$","Dollars","POINT (-108.109830353 43.235541343)","Table 12- Orzechowski and Walker, Tax Burden on Tobacco","POL","450POL","450CGS"
"AL","Alabama","1983","OW","The Tax Burden on Tobacco","Cigarette Sales","73,371,489","$","Dollars","POINT (-86.631860762 32.840571122)","Table 12- Orzechowski and Walker, Tax Burden on Tobacco","POL","450POL","450CGS"
"AK","Alaska","1983","OW","The Tax Burden on Tobacco","Cigarette Sales","5,148,000","$","Dollars","POINT (-147.722059036 64.845079957001)","Table 12- Orzechowski and Walker, Tax Burden on Tobacco","POL","450POL","450CGS"
"AZ","Arizona","1983","OW","The Tax Burden on Tobacco","Cigarette Sales","41,322,538","$","Dollars","POINT (-111.763811277 34.86597028)","Table 12- Orzechowski and Walker, Tax Burden on Tobacco","POL","450POL","450CGS"
"AR","Arkansas","1983","OW","The Tax Burden on Tobacco","Cigarette Sales","54,616,725","$","Dollars","POINT (-92.274490743 34.748650124)","Table 12- Orzechowski and Walker, Tax Burden on Tobacco","POL","450POL","450CGS"
"CA","California","1983","OW","The Tax Burden on Tobacco","Cigarette Sales","273,943,000","$","Dollars","POINT (-120.999999538 37.638640123)","Table 12- Orzechowski and Walker, Tax Burden on Tobacco","POL","450POL","450CGS"
"CO","Colorado","1983","OW","The Tax Burden on Tobacco","Cigarette Sales","38,157,000","$","Dollars","POINT (-106.133610921 38.843840757)","Table 12- Orzechowski and Walker, Tax Burden on Tobacco","POL","450POL","450CGS"
"CT","Connecticut","1983","OW","The Tax Burden on Tobacco","Cigarette Sales","75,564,000","$","Dollars","POINT (-72.649840952 41.56266102)","Table 12- Orzechowski and Walker, Tax Burden on Tobacco","POL","450POL","450CGS"
"DE","Delaware","1983","OW","The Tax Burden on Tobacco","Cigarette Sales","12,605,000","$","Dollars","POINT (-75.577741168 39.008830667)","Table 12- Orzechowski and Walker, Tax Burden on Tobacco","POL","450POL","450CGS"
"DC","District of Columbia","1983","OW","The Tax Burden on Tobacco","Cigarette Sales","10,260,000","$","Dollars","POINT (-77.031961127 38.890371385)","Table 12- Orzechowski and Walker, Tax Burden on Tobacco","POL","450POL","450CGS"
"FL","Florida","1983","OW","The Tax Burden on Tobacco","Cigarette Sales","278,995,000","$","Dollars","POINT (-81.928960539 28.932040377)","Table 12- Orzechowski and Walker, Tax Burden on Tobacco","POL","450POL","450CGS"
"GA","Georgia","1983","OW","The Tax Burden on Tobacco","Cigarette Sales","86,120,722","$","Dollars","POINT (-83.627580346 32.839681093)","Table 12- Orzechowski and Walker, Tax Burden on Tobacco","POL","450POL","450CGS"
"HI","Hawaii","1983","OW","The Tax Burden on Tobacco","Cigarette Sales","15,802,635","$","Dollars","POINT (-157.857749403 21.304850435)","Table 12- Orzechowski and Walker, Tax Burden on Tobacco","POL","450POL","450CGS"
"ID","Idaho","1983","OW","The Tax Burden on Tobacco","Cigarette Sales","9,777,154","$","Dollars","POINT (-114.363730042 43.682630005)","Table 12- Orzechowski and Walker, Tax Burden on Tobacco","POL","450POL","450CGS"
"IL","Illinois","1983","OW","The Tax Burden on Tobacco","Cigarette Sales","175,103,000","$","Dollars","POINT (-88.997710178 40.485010283)","Table 12- Orzechowski and Walker, Tax Burden on Tobacco","POL","450POL","450CGS"
"IN","Indiana","1983","OW","The Tax Burden on Tobacco","Cigarette Sales","82,149,000","$","Dollars","POINT (-86.149960194 39.766910452)","Table 12- Orzechowski and Walker, Tax Burden on Tobacco","POL","450POL","450CGS"
"IA","Iowa","1983","OW","The Tax Burden on Tobacco","Cigarette Sales","60,490,333","$","Dollars","POINT (-93.816490556 42.469400913)","Table 12- Orzechowski and Walker, Tax Burden on Tobacco","POL","450POL","450CGS"
"KS","Kansas","1983","OW","The Tax Burden on Tobacco","Cigarette Sales","33,792,242","$","Dollars","POINT (-98.200781227 38.3477403)","Table 12- Orzechowski and Walker, Tax Burden on Tobacco","POL","450POL","450CGS"
"KY","Kentucky","1983","OW","The Tax Burden on Tobacco","Cigarette Sales","22,127,000","$","Dollars","POINT (-84.774971048 37.645970271)","Table 12- Orzechowski and Walker, Tax Burden on Tobacco","POL","450POL","450CGS"
"LA","Louisiana","1983","OW","The Tax Burden on Tobacco","Cigarette Sales","64,132,865","$","Dollars","POINT (-92.445680071 31.312660644)","Table 12- Orzechowski and Walker, Tax Burden on Tobacco","POL","450POL","450CGS"
"ME","Maine","1983","OW","The Tax Burden on Tobacco","Cigarette Sales","24,601,000","$","Dollars","POINT (-68.985031336 45.254228894001)","Table 12- Orzechowski and Walker, Tax Burden on Tobacco","POL","450POL","450CGS"
"MD","Maryland","1983","OW","The Tax Burden on Tobacco","Cigarette Sales","71,076,000","$","Dollars","POINT (-76.609260111 39.290580964)","Table 12- Orzechowski and Walker, Tax Burden on Tobacco","POL","450POL","450CGS"
"MA","Massachusetts","1983","OW","The Tax Burden on Tobacco","Cigarette Sales","145,413,000","$","Dollars","POINT (-72.082690675 42.27687047)","Table 12- Orzechowski and Walker, Tax Burden on Tobacco","POL","450POL","450CGS"
"MI","Michigan","1983","OW","The Tax Burden on Tobacco","Cigarette Sales","245,417,000","$","Dollars","POINT (-84.71439027 44.661319543001)","Table 12- Orzechowski and Walker, Tax Burden on Tobacco","POL","450POL","450CGS"
"MN","Minnesota","1983","OW","The Tax Burden on Tobacco","Cigarette Sales","84,999,048","$","Dollars","POINT (-94.794200503 46.355648736)","Table 12- Orzechowski and Walker, Tax Burden on Tobacco","POL","450POL","450CGS"
"MS","Mississippi","1983","OW","The Tax Burden on Tobacco","Cigarette Sales","34,308,215","$","Dollars","POINT (-89.538030825 32.745510099)","Table 12- Orzechowski and Walker, Tax Burden on Tobacco","POL","450POL","450CGS"
"MO","Missouri","1983","OW","The Tax Burden on Tobacco","Cigarette Sales","80,704,000","$","Dollars","POINT (-92.566300053 38.635790776)","Table 12- Orzechowski and Walker, Tax Burden on Tobacco","POL","450POL","450CGS"
"MT","Montana","1983","OW","The Tax Burden on Tobacco","Cigarette Sales","10,930,021","$","Dollars","POINT (-109.424420645 47.066528972)","Table 12- Orzechowski and Walker, Tax Burden on Tobacco","POL","450POL","450CGS"
"NE","Nebraska","1983","OW","The Tax Burden on Tobacco","Cigarette Sales","31,636,000","$","Dollars","POINT (-99.365720623 41.641040988001)","Table 12- Orzechowski and Walker, Tax Burden on Tobacco","POL","450POL","450CGS"
"NV","Nevada","1983","OW","The Tax Burden on Tobacco","Cigarette Sales","14,092,000","$","Dollars","POINT (-117.071840564 39.49324039)","Table 12- Orzechowski and Walker, Tax Burden on Tobacco","POL","450POL","450CGS"
"NH","New Hampshire","1983","OW","The Tax Burden on Tobacco","Cigarette Sales","26,583,000","$","Dollars","POINT (-71.50036092 43.655950113)","Table 12- Orzechowski and Walker, Tax Burden on Tobacco","POL","450POL","450CGS"
"NJ","New Jersey","1983","OW","The Tax Burden on Tobacco","Cigarette Sales","216,604,000","$","Dollars","POINT (-74.273691288 40.130570048)","Table 12- Orzechowski and Walker, Tax Burden on Tobacco","POL","450POL","450CGS"
"NM","New Mexico","1983","OW","The Tax Burden on Tobacco","Cigarette Sales","15,700,000","$","Dollars","POINT (-106.240580985 34.520880952)","Table 12- Orzechowski and Walker, Tax Burden on Tobacco","POL","450POL","450CGS"
"NY","New York","1983","OW","The Tax Burden on Tobacco","Cigarette Sales","362,161,000","$","Dollars","POINT (-75.543970427 42.827001032)","Table 12- Orzechowski and Walker, Tax Burden on Tobacco","POL","450POL","450CGS"
"NC","North Carolina","1983","OW","The Tax Burden on Tobacco","Cigarette Sales","20,429,000","$","Dollars","POINT (-79.159250463 35.466220975)","Table 12- Orzechowski and Walker, Tax Burden on Tobacco","POL","450POL","450CGS"
"ND","North Dakota","1983","OW","The Tax Burden on Tobacco","Cigarette Sales","10,593,220","$","Dollars","POINT (-100.118421049 47.475319779)","Table 12- Orzechowski and Walker, Tax Burden on Tobacco","POL","450POL","450CGS"
"OH","Ohio","1983","OW","The Tax Burden on Tobacco","Cigarette Sales","196,422,000","$","Dollars","POINT (-82.404260056 40.060210141)","Table 12- Orzechowski and Walker, Tax Burden on Tobacco","POL","450POL","450CGS"
"OK","Oklahoma","1983","OW","The Tax Burden on Tobacco","Cigarette Sales","80,059,844","$","Dollars","POINT (-97.521070214 35.472031356)","Table 12- Orzechowski and Walker, Tax Burden on Tobacco","POL","450POL","450CGS"
"OR","Oregon","1983","OW","The Tax Burden on Tobacco","Cigarette Sales","62,693,000","$","Dollars","POINT (-120.155031326 44.567449424)","Table 12- Orzechowski and Walker, Tax Burden on Tobacco","POL","450POL","450CGS"
"PA","Pennsylvania","1983","OW","The Tax Burden on Tobacco","Cigarette Sales","267,582,000","$","Dollars","POINT (-77.860700294 40.793730152)","Table 12- Orzechowski and Walker, Tax Burden on Tobacco","POL","450POL","450CGS"
"RI","Rhode Island","1983","OW","The Tax Burden on Tobacco","Cigarette Sales","29,932,000","$","Dollars","POINT (-71.522470314 41.708280193)","Table 12- Orzechowski and Walker, Tax Burden on Tobacco","POL","450POL","450CGS"
"SC","South Carolina","1983","OW","The Tax Burden on Tobacco","Cigarette Sales","29,391,530","$","Dollars","POINT (-81.045371207 33.998821303)","Table 12- Orzechowski and Walker, Tax Burden on Tobacco","POL","450POL","450CGS"
"SD","South Dakota","1983","OW","The Tax Burden on Tobacco","Cigarette Sales","11,381,000","$","Dollars","POINT (-100.373530637 44.353130053)","Table 12- Orzechowski and Walker, Tax Burden on Tobacco","POL","450POL","450CGS"
"TN","Tennessee","1983","OW","The Tax Burden on Tobacco","Cigarette Sales","78,010,310","$","Dollars","POINT (-85.774490914 35.68094058)","Table 12- Orzechowski and Walker, Tax Burden on Tobacco","POL","450POL","450CGS"
"TX","Texas","1983","OW","The Tax Burden on Tobacco","Cigarette Sales","357,379,664","$","Dollars","POINT (-99.426770206 31.827240407)","Table 12- Orzechowski and Walker, Tax Burden on Tobacco","POL","450POL","450CGS"
"UT","Utah","1983","OW","The Tax Burden on Tobacco","Cigarette Sales","12,863,400","$","Dollars","POINT (-111.587130635 39.360700171)","Table 12- Orzechowski and Walker, Tax Burden on Tobacco","POL","450POL","450CGS"
"VT","Vermont","1983","OW","The Tax Burden on Tobacco","Cigarette Sales","9,521,081","$","Dollars","POINT (-72.517640791 43.625381239)","Table 12- Orzechowski and Walker, Tax Burden on Tobacco","POL","450POL","450CGS"
"VA","Virginia","1983","OW","The Tax Burden on Tobacco","Cigarette Sales","19,613,000","$","Dollars","POINT (-78.457890463 37.542680674)","Table 12- Orzechowski and Walker, Tax Burden on Tobacco","POL","450POL","450CGS"
"WA","Washington","1983","OW","The Tax Burden on Tobacco","Cigarette Sales","99,088,106","$","Dollars","POINT (-120.47001079 47.522278629)","Table 12- Orzechowski and Walker, Tax Burden on Tobacco","POL","450POL","450CGS"
"WV","West Virginia","1983","OW","The Tax Burden on Tobacco","Cigarette Sales","38,299,000","$","Dollars","POINT (-80.712640135 38.665510202)","Table 12- Orzechowski and Walker, Tax Burden on Tobacco","POL","450POL","450CGS"
"WI","Wisconsin","1983","OW","The Tax Burden on Tobacco","Cigarette Sales","127,739,461","$","Dollars","POINT (-89.816370742 44.393191174)","Table 12- Orzechowski and Walker, Tax Burden on Tobacco","POL","450POL","450CGS"
"WY","Wyoming","1983","OW","The Tax Burden on Tobacco","Cigarette Sales","5,671,000","$","Dollars","POINT (-108.109830353 43.235541343)","Table 12- Orzechowski and Walker, Tax Burden on Tobacco","POL","450POL","450CGS"
"AL","Alabama","1982","OW","The Tax Burden on Tobacco","Cigarette Sales","74,641,962","$","Dollars","POINT (-86.631860762 32.840571122)","Table 12- Orzechowski and Walker, Tax Burden on Tobacco","POL","450POL","450CGS"
"AK","Alaska","1982","OW","The Tax Burden on Tobacco","Cigarette Sales","4,888,000","$","Dollars","POINT (-147.722059036 64.845079957001)","Table 12- Orzechowski and Walker, Tax Burden on Tobacco","POL","450POL","450CGS"
"AZ","Arizona","1982","OW","The Tax Burden on Tobacco","Cigarette Sales","41,240,299","$","Dollars","POINT (-111.763811277 34.86597028)","Table 12- Orzechowski and Walker, Tax Burden on Tobacco","POL","450POL","450CGS"
"AR","Arkansas","1982","OW","The Tax Burden on Tobacco","Cigarette Sales","51,931,175","$","Dollars","POINT (-92.274490743 34.748650124)","Table 12- Orzechowski and Walker, Tax Burden on Tobacco","POL","450POL","450CGS"
"CA","California","1982","OW","The Tax Burden on Tobacco","Cigarette Sales","279,205,000","$","Dollars","POINT (-120.999999538 37.638640123)","Table 12- Orzechowski and Walker, Tax Burden on Tobacco","POL","450POL","450CGS"
"CO","Colorado","1982","OW","The Tax Burden on Tobacco","Cigarette Sales","38,705,000","$","Dollars","POINT (-106.133610921 38.843840757)","Table 12- Orzechowski and Walker, Tax Burden on Tobacco","POL","450POL","450CGS"
"CT","Connecticut","1982","OW","The Tax Burden on Tobacco","Cigarette Sales","75,483,000","$","Dollars","POINT (-72.649840952 41.56266102)","Table 12- Orzechowski and Walker, Tax Burden on Tobacco","POL","450POL","450CGS"
"DE","Delaware","1982","OW","The Tax Burden on Tobacco","Cigarette Sales","12,904,000","$","Dollars","POINT (-75.577741168 39.008830667)","Table 12- Orzechowski and Walker, Tax Burden on Tobacco","POL","450POL","450CGS"
"DC","District of Columbia","1982","OW","The Tax Burden on Tobacco","Cigarette Sales","10,782,000","$","Dollars","POINT (-77.031961127 38.890371385)","Table 12- Orzechowski and Walker, Tax Burden on Tobacco","POL","450POL","450CGS"
"FL","Florida","1982","OW","The Tax Burden on Tobacco","Cigarette Sales","281,771,000","$","Dollars","POINT (-81.928960539 28.932040377)","Table 12- Orzechowski and Walker, Tax Burden on Tobacco","POL","450POL","450CGS"
"GA","Georgia","1982","OW","The Tax Burden on Tobacco","Cigarette Sales","86,890,317","$","Dollars","POINT (-83.627580346 32.839681093)","Table 12- Orzechowski and Walker, Tax Burden on Tobacco","POL","450POL","450CGS"
"HI","Hawaii","1982","OW","The Tax Burden on Tobacco","Cigarette Sales","12,586,030","$","Dollars","POINT (-157.857749403 21.304850435)","Table 12- Orzechowski and Walker, Tax Burden on Tobacco","POL","450POL","450CGS"
"ID","Idaho","1982","OW","The Tax Burden on Tobacco","Cigarette Sales","9,730,763","$","Dollars","POINT (-114.363730042 43.682630005)","Table 12- Orzechowski and Walker, Tax Burden on Tobacco","POL","450POL","450CGS"
"IL","Illinois","1982","OW","The Tax Burden on Tobacco","Cigarette Sales","176,286,000","$","Dollars","POINT (-88.997710178 40.485010283)","Table 12- Orzechowski and Walker, Tax Burden on Tobacco","POL","450POL","450CGS"
"IN","Indiana","1982","OW","The Tax Burden on Tobacco","Cigarette Sales","84,807,000","$","Dollars","POINT (-86.149960194 39.766910452)","Table 12- Orzechowski and Walker, Tax Burden on Tobacco","POL","450POL","450CGS"
"IA","Iowa","1982","OW","The Tax Burden on Tobacco","Cigarette Sales","61,227,054","$","Dollars","POINT (-93.816490556 42.469400913)","Table 12- Orzechowski and Walker, Tax Burden on Tobacco","POL","450POL","450CGS"
"KS","Kansas","1982","OW","The Tax Burden on Tobacco","Cigarette Sales","34,299,712","$","Dollars","POINT (-98.200781227 38.3477403)","Table 12- Orzechowski and Walker, Tax Burden on Tobacco","POL","450POL","450CGS"
"KY","Kentucky","1982","OW","The Tax Burden on Tobacco","Cigarette Sales","23,140,000","$","Dollars","POINT (-84.774971048 37.645970271)","Table 12- Orzechowski and Walker, Tax Burden on Tobacco","POL","450POL","450CGS"
"LA","Louisiana","1982","OW","The Tax Burden on Tobacco","Cigarette Sales","68,168,223","$","Dollars","POINT (-92.445680071 31.312660644)","Table 12- Orzechowski and Walker, Tax Burden on Tobacco","POL","450POL","450CGS"
"ME","Maine","1982","OW","The Tax Burden on Tobacco","Cigarette Sales","25,293,000","$","Dollars","POINT (-68.985031336 45.254228894001)","Table 12- Orzechowski and Walker, Tax Burden on Tobacco","POL","450POL","450CGS"
"MD","Maryland","1982","OW","The Tax Burden on Tobacco","Cigarette Sales","72,778,000","$","Dollars","POINT (-76.609260111 39.290580964)","Table 12- Orzechowski and Walker, Tax Burden on Tobacco","POL","450POL","450CGS"
"MA","Massachusetts","1982","OW","The Tax Burden on Tobacco","Cigarette Sales","148,323,000","$","Dollars","POINT (-72.082690675 42.27687047)","Table 12- Orzechowski and Walker, Tax Burden on Tobacco","POL","450POL","450CGS"
"MI","Michigan","1982","OW","The Tax Burden on Tobacco","Cigarette Sales","147,003,000","$","Dollars","POINT (-84.71439027 44.661319543001)","Table 12- Orzechowski and Walker, Tax Burden on Tobacco","POL","450POL","450CGS"
"MN","Minnesota","1982","OW","The Tax Burden on Tobacco","Cigarette Sales","87,997,454","$","Dollars","POINT (-94.794200503 46.355648736)","Table 12- Orzechowski and Walker, Tax Burden on Tobacco","POL","450POL","450CGS"
"MS","Mississippi","1982","OW","The Tax Burden on Tobacco","Cigarette Sales","35,020,184","$","Dollars","POINT (-89.538030825 32.745510099)","Table 12- Orzechowski and Walker, Tax Burden on Tobacco","POL","450POL","450CGS"
"MO","Missouri","1982","OW","The Tax Burden on Tobacco","Cigarette Sales","62,122,000","$","Dollars","POINT (-92.566300053 38.635790776)","Table 12- Orzechowski and Walker, Tax Burden on Tobacco","POL","450POL","450CGS"
"MT","Montana","1982","OW","The Tax Burden on Tobacco","Cigarette Sales","11,649,438","$","Dollars","POINT (-109.424420645 47.066528972)","Table 12- Orzechowski and Walker, Tax Burden on Tobacco","POL","450POL","450CGS"
"NE","Nebraska","1982","OW","The Tax Burden on Tobacco","Cigarette Sales","26,594,000","$","Dollars","POINT (-99.365720623 41.641040988001)","Table 12- Orzechowski and Walker, Tax Burden on Tobacco","POL","450POL","450CGS"
"NV","Nevada","1982","OW","The Tax Burden on Tobacco","Cigarette Sales","14,012,000","$","Dollars","POINT (-117.071840564 39.49324039)","Table 12- Orzechowski and Walker, Tax Burden on Tobacco","POL","450POL","450CGS"
"NH","New Hampshire","1982","OW","The Tax Burden on Tobacco","Cigarette Sales","26,934,000","$","Dollars","POINT (-71.50036092 43.655950113)","Table 12- Orzechowski and Walker, Tax Burden on Tobacco","POL","450POL","450CGS"
"NJ","New Jersey","1982","OW","The Tax Burden on Tobacco","Cigarette Sales","178,853,000","$","Dollars","POINT (-74.273691288 40.130570048)","Table 12- Orzechowski and Walker, Tax Burden on Tobacco","POL","450POL","450CGS"
"NM","New Mexico","1982","OW","The Tax Burden on Tobacco","Cigarette Sales","15,542,000","$","Dollars","POINT (-106.240580985 34.520880952)","Table 12- Orzechowski and Walker, Tax Burden on Tobacco","POL","450POL","450CGS"
"NY","New York","1982","OW","The Tax Burden on Tobacco","Cigarette Sales","339,178,000","$","Dollars","POINT (-75.543970427 42.827001032)","Table 12- Orzechowski and Walker, Tax Burden on Tobacco","POL","450POL","450CGS"
"NC","North Carolina","1982","OW","The Tax Burden on Tobacco","Cigarette Sales","21,308,000","$","Dollars","POINT (-79.159250463 35.466220975)","Table 12- Orzechowski and Walker, Tax Burden on Tobacco","POL","450POL","450CGS"
"ND","North Dakota","1982","OW","The Tax Burden on Tobacco","Cigarette Sales","10,008,539","$","Dollars","POINT (-100.118421049 47.475319779)","Table 12- Orzechowski and Walker, Tax Burden on Tobacco","POL","450POL","450CGS"
"OH","Ohio","1982","OW","The Tax Burden on Tobacco","Cigarette Sales","207,814,000","$","Dollars","POINT (-82.404260056 40.060210141)","Table 12- Orzechowski and Walker, Tax Burden on Tobacco","POL","450POL","450CGS"
"OK","Oklahoma","1982","OW","The Tax Burden on Tobacco","Cigarette Sales","82,012,528","$","Dollars","POINT (-97.521070214 35.472031356)","Table 12- Orzechowski and Walker, Tax Burden on Tobacco","POL","450POL","450CGS"
"OR","Oregon","1982","OW","The Tax Burden on Tobacco","Cigarette Sales","46,988,000","$","Dollars","POINT (-120.155031326 44.567449424)","Table 12- Orzechowski and Walker, Tax Burden on Tobacco","POL","450POL","450CGS"
"PA","Pennsylvania","1982","OW","The Tax Burden on Tobacco","Cigarette Sales","263,486,000","$","Dollars","POINT (-77.860700294 40.793730152)","Table 12- Orzechowski and Walker, Tax Burden on Tobacco","POL","450POL","450CGS"
"RI","Rhode Island","1982","OW","The Tax Burden on Tobacco","Cigarette Sales","27,315,000","$","Dollars","POINT (-71.522470314 41.708280193)","Table 12- Orzechowski and Walker, Tax Burden on Tobacco","POL","450POL","450CGS"
"SC","South Carolina","1982","OW","The Tax Burden on Tobacco","Cigarette Sales","30,151,784","$","Dollars","POINT (-81.045371207 33.998821303)","Table 12- Orzechowski and Walker, Tax Burden on Tobacco","POL","450POL","450CGS"
"SD","South Dakota","1982","OW","The Tax Burden on Tobacco","Cigarette Sales","11,615,000","$","Dollars","POINT (-100.373530637 44.353130053)","Table 12- Orzechowski and Walker, Tax Burden on Tobacco","POL","450POL","450CGS"
"TN","Tennessee","1982","OW","The Tax Burden on Tobacco","Cigarette Sales","78,807,924","$","Dollars","POINT (-85.774490914 35.68094058)","Table 12- Orzechowski and Walker, Tax Burden on Tobacco","POL","450POL","450CGS"
"TX","Texas","1982","OW","The Tax Burden on Tobacco","Cigarette Sales","358,491,433","$","Dollars","POINT (-99.426770206 31.827240407)","Table 12- Orzechowski and Walker, Tax Burden on Tobacco","POL","450POL","450CGS"
"UT","Utah","1982","OW","The Tax Burden on Tobacco","Cigarette Sales","11,175,540","$","Dollars","POINT (-111.587130635 39.360700171)","Table 12- Orzechowski and Walker, Tax Burden on Tobacco","POL","450POL","450CGS"
"VT","Vermont","1982","OW","The Tax Burden on Tobacco","Cigarette Sales","10,047,885","$","Dollars","POINT (-72.517640791 43.625381239)","Table 12- Orzechowski and Walker, Tax Burden on Tobacco","POL","450POL","450CGS"
"VA","Virginia","1982","OW","The Tax Burden on Tobacco","Cigarette Sales","20,004,000","$","Dollars","POINT (-78.457890463 37.542680674)","Table 12- Orzechowski and Walker, Tax Burden on Tobacco","POL","450POL","450CGS"
"WA","Washington","1982","OW","The Tax Burden on Tobacco","Cigarette Sales","90,552,150","$","Dollars","POINT (-120.47001079 47.522278629)","Table 12- Orzechowski and Walker, Tax Burden on Tobacco","POL","450POL","450CGS"
"WV","West Virginia","1982","OW","The Tax Burden on Tobacco","Cigarette Sales","39,766,000","$","Dollars","POINT (-80.712640135 38.665510202)","Table 12- Orzechowski and Walker, Tax Burden on Tobacco","POL","450POL","450CGS"
"WI","Wisconsin","1982","OW","The Tax Burden on Tobacco","Cigarette Sales","110,331,468","$","Dollars","POINT (-89.816370742 44.393191174)","Table 12- Orzechowski and Walker, Tax Burden on Tobacco","POL","450POL","450CGS"
"WY","Wyoming","1982","OW","The Tax Burden on Tobacco","Cigarette Sales","6,208,000","$","Dollars","POINT (-108.109830353 43.235541343)","Table 12- Orzechowski and Walker, Tax Burden on Tobacco","POL","450POL","450CGS"
"AL","Alabama","1981","OW","The Tax Burden on Tobacco","Cigarette Sales","72,852,874","$","Dollars","POINT (-86.631860762 32.840571122)","Table 12- Orzechowski and Walker, Tax Burden on Tobacco","POL","450POL","450CGS"
"AK","Alaska","1981","OW","The Tax Burden on Tobacco","Cigarette Sales","4,607,000","$","Dollars","POINT (-147.722059036 64.845079957001)","Table 12- Orzechowski and Walker, Tax Burden on Tobacco","POL","450POL","450CGS"
"AZ","Arizona","1981","OW","The Tax Burden on Tobacco","Cigarette Sales","40,210,749","$","Dollars","POINT (-111.763811277 34.86597028)","Table 12- Orzechowski and Walker, Tax Burden on Tobacco","POL","450POL","450CGS"
"AR","Arkansas","1981","OW","The Tax Burden on Tobacco","Cigarette Sales","52,216,063","$","Dollars","POINT (-92.274490743 34.748650124)","Table 12- Orzechowski and Walker, Tax Burden on Tobacco","POL","450POL","450CGS"
"CA","California","1981","OW","The Tax Burden on Tobacco","Cigarette Sales","280,626,000","$","Dollars","POINT (-120.999999538 37.638640123)","Table 12- Orzechowski and Walker, Tax Burden on Tobacco","POL","450POL","450CGS"
"CO","Colorado","1981","OW","The Tax Burden on Tobacco","Cigarette Sales","38,656,000","$","Dollars","POINT (-106.133610921 38.843840757)","Table 12- Orzechowski and Walker, Tax Burden on Tobacco","POL","450POL","450CGS"
"CT","Connecticut","1981","OW","The Tax Burden on Tobacco","Cigarette Sales","75,961,000","$","Dollars","POINT (-72.649840952 41.56266102)","Table 12- Orzechowski and Walker, Tax Burden on Tobacco","POL","450POL","450CGS"
"DE","Delaware","1981","OW","The Tax Burden on Tobacco","Cigarette Sales","12,714,000","$","Dollars","POINT (-75.577741168 39.008830667)","Table 12- Orzechowski and Walker, Tax Burden on Tobacco","POL","450POL","450CGS"
"DC","District of Columbia","1981","OW","The Tax Burden on Tobacco","Cigarette Sales","10,873,000","$","Dollars","POINT (-77.031961127 38.890371385)","Table 12- Orzechowski and Walker, Tax Burden on Tobacco","POL","450POL","450CGS"
"FL","Florida","1981","OW","The Tax Burden on Tobacco","Cigarette Sales","271,618,000","$","Dollars","POINT (-81.928960539 28.932040377)","Table 12- Orzechowski and Walker, Tax Burden on Tobacco","POL","450POL","450CGS"
"GA","Georgia","1981","OW","The Tax Burden on Tobacco","Cigarette Sales","85,549,591","$","Dollars","POINT (-83.627580346 32.839681093)","Table 12- Orzechowski and Walker, Tax Burden on Tobacco","POL","450POL","450CGS"
"HI","Hawaii","1981","OW","The Tax Burden on Tobacco","Cigarette Sales","12,388,409","$","Dollars","POINT (-157.857749403 21.304850435)","Table 12- Orzechowski and Walker, Tax Burden on Tobacco","POL","450POL","450CGS"
"ID","Idaho","1981","OW","The Tax Burden on Tobacco","Cigarette Sales","9,801,784","$","Dollars","POINT (-114.363730042 43.682630005)","Table 12- Orzechowski and Walker, Tax Burden on Tobacco","POL","450POL","450CGS"
"IL","Illinois","1981","OW","The Tax Burden on Tobacco","Cigarette Sales","181,080,000","$","Dollars","POINT (-88.997710178 40.485010283)","Table 12- Orzechowski and Walker, Tax Burden on Tobacco","POL","450POL","450CGS"
"IN","Indiana","1981","OW","The Tax Burden on Tobacco","Cigarette Sales","85,609,000","$","Dollars","POINT (-86.149960194 39.766910452)","Table 12- Orzechowski and Walker, Tax Burden on Tobacco","POL","450POL","450CGS"
"IA","Iowa","1981","OW","The Tax Burden on Tobacco","Cigarette Sales","50,394,103","$","Dollars","POINT (-93.816490556 42.469400913)","Table 12- Orzechowski and Walker, Tax Burden on Tobacco","POL","450POL","450CGS"
"KS","Kansas","1981","OW","The Tax Burden on Tobacco","Cigarette Sales","34,323,231","$","Dollars","POINT (-98.200781227 38.3477403)","Table 12- Orzechowski and Walker, Tax Burden on Tobacco","POL","450POL","450CGS"
"KY","Kentucky","1981","OW","The Tax Burden on Tobacco","Cigarette Sales","23,029,000","$","Dollars","POINT (-84.774971048 37.645970271)","Table 12- Orzechowski and Walker, Tax Burden on Tobacco","POL","450POL","450CGS"
"LA","Louisiana","1981","OW","The Tax Burden on Tobacco","Cigarette Sales","66,589,349","$","Dollars","POINT (-92.445680071 31.312660644)","Table 12- Orzechowski and Walker, Tax Burden on Tobacco","POL","450POL","450CGS"
"ME","Maine","1981","OW","The Tax Burden on Tobacco","Cigarette Sales","25,000,000","$","Dollars","POINT (-68.985031336 45.254228894001)","Table 12- Orzechowski and Walker, Tax Burden on Tobacco","POL","450POL","450CGS"
"MD","Maryland","1981","OW","The Tax Burden on Tobacco","Cigarette Sales","75,154,000","$","Dollars","POINT (-76.609260111 39.290580964)","Table 12- Orzechowski and Walker, Tax Burden on Tobacco","POL","450POL","450CGS"
"MA","Massachusetts","1981","OW","The Tax Burden on Tobacco","Cigarette Sales","148,438,000","$","Dollars","POINT (-72.082690675 42.27687047)","Table 12- Orzechowski and Walker, Tax Burden on Tobacco","POL","450POL","450CGS"
"MI","Michigan","1981","OW","The Tax Burden on Tobacco","Cigarette Sales","142,017,000","$","Dollars","POINT (-84.71439027 44.661319543001)","Table 12- Orzechowski and Walker, Tax Burden on Tobacco","POL","450POL","450CGS"
"MN","Minnesota","1981","OW","The Tax Burden on Tobacco","Cigarette Sales","88,626,729","$","Dollars","POINT (-94.794200503 46.355648736)","Table 12- Orzechowski and Walker, Tax Burden on Tobacco","POL","450POL","450CGS"
"MS","Mississippi","1981","OW","The Tax Burden on Tobacco","Cigarette Sales","34,741,994","$","Dollars","POINT (-89.538030825 32.745510099)","Table 12- Orzechowski and Walker, Tax Burden on Tobacco","POL","450POL","450CGS"
"MO","Missouri","1981","OW","The Tax Burden on Tobacco","Cigarette Sales","62,180,000","$","Dollars","POINT (-92.566300053 38.635790776)","Table 12- Orzechowski and Walker, Tax Burden on Tobacco","POL","450POL","450CGS"
"MT","Montana","1981","OW","The Tax Burden on Tobacco","Cigarette Sales","11,436,105","$","Dollars","POINT (-109.424420645 47.066528972)","Table 12- Orzechowski and Walker, Tax Burden on Tobacco","POL","450POL","450CGS"
"NE","Nebraska","1981","OW","The Tax Burden on Tobacco","Cigarette Sales","23,878,000","$","Dollars","POINT (-99.365720623 41.641040988001)","Table 12- Orzechowski and Walker, Tax Burden on Tobacco","POL","450POL","450CGS"
"NV","Nevada","1981","OW","The Tax Burden on Tobacco","Cigarette Sales","13,794,000","$","Dollars","POINT (-117.071840564 39.49324039)","Table 12- Orzechowski and Walker, Tax Burden on Tobacco","POL","450POL","450CGS"
"NH","New Hampshire","1981","OW","The Tax Burden on Tobacco","Cigarette Sales","27,123,000","$","Dollars","POINT (-71.50036092 43.655950113)","Table 12- Orzechowski and Walker, Tax Burden on Tobacco","POL","450POL","450CGS"
"NJ","New Jersey","1981","OW","The Tax Burden on Tobacco","Cigarette Sales","178,888,000","$","Dollars","POINT (-74.273691288 40.130570048)","Table 12- Orzechowski and Walker, Tax Burden on Tobacco","POL","450POL","450CGS"
"NM","New Mexico","1981","OW","The Tax Burden on Tobacco","Cigarette Sales","16,073,000","$","Dollars","POINT (-106.240580985 34.520880952)","Table 12- Orzechowski and Walker, Tax Burden on Tobacco","POL","450POL","450CGS"
"NY","New York","1981","OW","The Tax Burden on Tobacco","Cigarette Sales","342,554,000","$","Dollars","POINT (-75.543970427 42.827001032)","Table 12- Orzechowski and Walker, Tax Burden on Tobacco","POL","450POL","450CGS"
"NC","North Carolina","1981","OW","The Tax Burden on Tobacco","Cigarette Sales","21,069,000","$","Dollars","POINT (-79.159250463 35.466220975)","Table 12- Orzechowski and Walker, Tax Burden on Tobacco","POL","450POL","450CGS"
"ND","North Dakota","1981","OW","The Tax Burden on Tobacco","Cigarette Sales","9,847,648","$","Dollars","POINT (-100.118421049 47.475319779)","Table 12- Orzechowski and Walker, Tax Burden on Tobacco","POL","450POL","450CGS"
"OH","Ohio","1981","OW","The Tax Burden on Tobacco","Cigarette Sales","215,017,000","$","Dollars","POINT (-82.404260056 40.060210141)","Table 12- Orzechowski and Walker, Tax Burden on Tobacco","POL","450POL","450CGS"
"OK","Oklahoma","1981","OW","The Tax Burden on Tobacco","Cigarette Sales","78,231,671","$","Dollars","POINT (-97.521070214 35.472031356)","Table 12- Orzechowski and Walker, Tax Burden on Tobacco","POL","450POL","450CGS"
"OR","Oregon","1981","OW","The Tax Burden on Tobacco","Cigarette Sales","33,907,000","$","Dollars","POINT (-120.155031326 44.567449424)","Table 12- Orzechowski and Walker, Tax Burden on Tobacco","POL","450POL","450CGS"
"PA","Pennsylvania","1981","OW","The Tax Burden on Tobacco","Cigarette Sales","267,388,000","$","Dollars","POINT (-77.860700294 40.793730152)","Table 12- Orzechowski and Walker, Tax Burden on Tobacco","POL","450POL","450CGS"
"RI","Rhode Island","1981","OW","The Tax Burden on Tobacco","Cigarette Sales","25,779,000","$","Dollars","POINT (-71.522470314 41.708280193)","Table 12- Orzechowski and Walker, Tax Burden on Tobacco","POL","450POL","450CGS"
"SC","South Carolina","1981","OW","The Tax Burden on Tobacco","Cigarette Sales","29,722,415","$","Dollars","POINT (-81.045371207 33.998821303)","Table 12- Orzechowski and Walker, Tax Burden on Tobacco","POL","450POL","450CGS"
"SD","South Dakota","1981","OW","The Tax Burden on Tobacco","Cigarette Sales","11,176,000","$","Dollars","POINT (-100.373530637 44.353130053)","Table 12- Orzechowski and Walker, Tax Burden on Tobacco","POL","450POL","450CGS"
"TN","Tennessee","1981","OW","The Tax Burden on Tobacco","Cigarette Sales","77,075,964","$","Dollars","POINT (-85.774490914 35.68094058)","Table 12- Orzechowski and Walker, Tax Burden on Tobacco","POL","450POL","450CGS"
"TX","Texas","1981","OW","The Tax Burden on Tobacco","Cigarette Sales","339,554,173","$","Dollars","POINT (-99.426770206 31.827240407)","Table 12- Orzechowski and Walker, Tax Burden on Tobacco","POL","450POL","450CGS"
"UT","Utah","1981","OW","The Tax Burden on Tobacco","Cigarette Sales","11,332,870","$","Dollars","POINT (-111.587130635 39.360700171)","Table 12- Orzechowski and Walker, Tax Burden on Tobacco","POL","450POL","450CGS"
"VT","Vermont","1981","OW","The Tax Burden on Tobacco","Cigarette Sales","10,047,083","$","Dollars","POINT (-72.517640791 43.625381239)","Table 12- Orzechowski and Walker, Tax Burden on Tobacco","POL","450POL","450CGS"
"VA","Virginia","1981","OW","The Tax Burden on Tobacco","Cigarette Sales","20,035,000","$","Dollars","POINT (-78.457890463 37.542680674)","Table 12- Orzechowski and Walker, Tax Burden on Tobacco","POL","450POL","450CGS"
"WA","Washington","1981","OW","The Tax Burden on Tobacco","Cigarette Sales","74,445,441","$","Dollars","POINT (-120.47001079 47.522278629)","Table 12- Orzechowski and Walker, Tax Burden on Tobacco","POL","450POL","450CGS"
"WV","West Virginia","1981","OW","The Tax Burden on Tobacco","Cigarette Sales","39,947,000","$","Dollars","POINT (-80.712640135 38.665510202)","Table 12- Orzechowski and Walker, Tax Burden on Tobacco","POL","450POL","450CGS"
"WI","Wisconsin","1981","OW","The Tax Burden on Tobacco","Cigarette Sales","90,783,000","$","Dollars","POINT (-89.816370742 44.393191174)","Table 12- Orzechowski and Walker, Tax Burden on Tobacco","POL","450POL","450CGS"
"WY","Wyoming","1981","OW","The Tax Burden on Tobacco","Cigarette Sales","6,146,000","$","Dollars","POINT (-108.109830353 43.235541343)","Table 12- Orzechowski and Walker, Tax Burden on Tobacco","POL","450POL","450CGS"
"AL","Alabama","1980","OW","The Tax Burden on Tobacco","Cigarette Sales","55,701,205","$","Dollars","POINT (-86.631860762 32.840571122)","Table 12- Orzechowski and Walker, Tax Burden on Tobacco","POL","450POL","450CGS"
"AK","Alaska","1980","OW","The Tax Burden on Tobacco","Cigarette Sales","4,351,000","$","Dollars","POINT (-147.722059036 64.845079957001)","Table 12- Orzechowski and Walker, Tax Burden on Tobacco","POL","450POL","450CGS"
"AZ","Arizona","1980","OW","The Tax Burden on Tobacco","Cigarette Sales","40,387,868","$","Dollars","POINT (-111.763811277 34.86597028)","Table 12- Orzechowski and Walker, Tax Burden on Tobacco","POL","450POL","450CGS"
"AR","Arkansas","1980","OW","The Tax Burden on Tobacco","Cigarette Sales","50,988,650","$","Dollars","POINT (-92.274490743 34.748650124)","Table 12- Orzechowski and Walker, Tax Burden on Tobacco","POL","450POL","450CGS"
"CA","California","1980","OW","The Tax Burden on Tobacco","Cigarette Sales","272,774,000","$","Dollars","POINT (-120.999999538 37.638640123)","Table 12- Orzechowski and Walker, Tax Burden on Tobacco","POL","450POL","450CGS"
"CO","Colorado","1980","OW","The Tax Burden on Tobacco","Cigarette Sales","36,311,000","$","Dollars","POINT (-106.133610921 38.843840757)","Table 12- Orzechowski and Walker, Tax Burden on Tobacco","POL","450POL","450CGS"
"CT","Connecticut","1980","OW","The Tax Burden on Tobacco","Cigarette Sales","77,161,000","$","Dollars","POINT (-72.649840952 41.56266102)","Table 12- Orzechowski and Walker, Tax Burden on Tobacco","POL","450POL","450CGS"
"DE","Delaware","1980","OW","The Tax Burden on Tobacco","Cigarette Sales","12,261,000","$","Dollars","POINT (-75.577741168 39.008830667)","Table 12- Orzechowski and Walker, Tax Burden on Tobacco","POL","450POL","450CGS"
"DC","District of Columbia","1980","OW","The Tax Burden on Tobacco","Cigarette Sales","11,007,000","$","Dollars","POINT (-77.031961127 38.890371385)","Table 12- Orzechowski and Walker, Tax Burden on Tobacco","POL","450POL","450CGS"
"FL","Florida","1980","OW","The Tax Burden on Tobacco","Cigarette Sales","258,648,000","$","Dollars","POINT (-81.928960539 28.932040377)","Table 12- Orzechowski and Walker, Tax Burden on Tobacco","POL","450POL","450CGS"
"GA","Georgia","1980","OW","The Tax Burden on Tobacco","Cigarette Sales","81,529,217","$","Dollars","POINT (-83.627580346 32.839681093)","Table 12- Orzechowski and Walker, Tax Burden on Tobacco","POL","450POL","450CGS"
"HI","Hawaii","1980","OW","The Tax Burden on Tobacco","Cigarette Sales","11,447,081","$","Dollars","POINT (-157.857749403 21.304850435)","Table 12- Orzechowski and Walker, Tax Burden on Tobacco","POL","450POL","450CGS"
"ID","Idaho","1980","OW","The Tax Burden on Tobacco","Cigarette Sales","9,483,198","$","Dollars","POINT (-114.363730042 43.682630005)","Table 12- Orzechowski and Walker, Tax Burden on Tobacco","POL","450POL","450CGS"
"IL","Illinois","1980","OW","The Tax Burden on Tobacco","Cigarette Sales","181,085,000","$","Dollars","POINT (-88.997710178 40.485010283)","Table 12- Orzechowski and Walker, Tax Burden on Tobacco","POL","450POL","450CGS"
"IN","Indiana","1980","OW","The Tax Burden on Tobacco","Cigarette Sales","83,311,000","$","Dollars","POINT (-86.149960194 39.766910452)","Table 12- Orzechowski and Walker, Tax Burden on Tobacco","POL","450POL","450CGS"
"IA","Iowa","1980","OW","The Tax Burden on Tobacco","Cigarette Sales","47,075,859","$","Dollars","POINT (-93.816490556 42.469400913)","Table 12- Orzechowski and Walker, Tax Burden on Tobacco","POL","450POL","450CGS"
"KS","Kansas","1980","OW","The Tax Burden on Tobacco","Cigarette Sales","33,130,559","$","Dollars","POINT (-98.200781227 38.3477403)","Table 12- Orzechowski and Walker, Tax Burden on Tobacco","POL","450POL","450CGS"
"KY","Kentucky","1980","OW","The Tax Burden on Tobacco","Cigarette Sales","22,777,000","$","Dollars","POINT (-84.774971048 37.645970271)","Table 12- Orzechowski and Walker, Tax Burden on Tobacco","POL","450POL","450CGS"
"LA","Louisiana","1980","OW","The Tax Burden on Tobacco","Cigarette Sales","63,701,662","$","Dollars","POINT (-92.445680071 31.312660644)","Table 12- Orzechowski and Walker, Tax Burden on Tobacco","POL","450POL","450CGS"
"ME","Maine","1980","OW","The Tax Burden on Tobacco","Cigarette Sales","24,785,000","$","Dollars","POINT (-68.985031336 45.254228894001)","Table 12- Orzechowski and Walker, Tax Burden on Tobacco","POL","450POL","450CGS"
"MD","Maryland","1980","OW","The Tax Burden on Tobacco","Cigarette Sales","54,574,000","$","Dollars","POINT (-76.609260111 39.290580964)","Table 12- Orzechowski and Walker, Tax Burden on Tobacco","POL","450POL","450CGS"
"MA","Massachusetts","1980","OW","The Tax Burden on Tobacco","Cigarette Sales","146,022,000","$","Dollars","POINT (-72.082690675 42.27687047)","Table 12- Orzechowski and Walker, Tax Burden on Tobacco","POL","450POL","450CGS"
"MI","Michigan","1980","OW","The Tax Burden on Tobacco","Cigarette Sales","142,473,000","$","Dollars","POINT (-84.71439027 44.661319543001)","Table 12- Orzechowski and Walker, Tax Burden on Tobacco","POL","450POL","450CGS"
"MN","Minnesota","1980","OW","The Tax Burden on Tobacco","Cigarette Sales","86,084,277","$","Dollars","POINT (-94.794200503 46.355648736)","Table 12- Orzechowski and Walker, Tax Burden on Tobacco","POL","450POL","450CGS"
"MS","Mississippi","1980","OW","The Tax Burden on Tobacco","Cigarette Sales","33,608,855","$","Dollars","POINT (-89.538030825 32.745510099)","Table 12- Orzechowski and Walker, Tax Burden on Tobacco","POL","450POL","450CGS"
"MO","Missouri","1980","OW","The Tax Burden on Tobacco","Cigarette Sales","62,263,000","$","Dollars","POINT (-92.566300053 38.635790776)","Table 12- Orzechowski and Walker, Tax Burden on Tobacco","POL","450POL","450CGS"
"MT","Montana","1980","OW","The Tax Burden on Tobacco","Cigarette Sales","11,504,367","$","Dollars","POINT (-109.424420645 47.066528972)","Table 12- Orzechowski and Walker, Tax Burden on Tobacco","POL","450POL","450CGS"
"NE","Nebraska","1980","OW","The Tax Burden on Tobacco","Cigarette Sales","23,791,000","$","Dollars","POINT (-99.365720623 41.641040988001)","Table 12- Orzechowski and Walker, Tax Burden on Tobacco","POL","450POL","450CGS"
"NV","Nevada","1980","OW","The Tax Burden on Tobacco","Cigarette Sales","12,536,000","$","Dollars","POINT (-117.071840564 39.49324039)","Table 12- Orzechowski and Walker, Tax Burden on Tobacco","POL","450POL","450CGS"
"NH","New Hampshire","1980","OW","The Tax Burden on Tobacco","Cigarette Sales","26,373,000","$","Dollars","POINT (-71.50036092 43.655950113)","Table 12- Orzechowski and Walker, Tax Burden on Tobacco","POL","450POL","450CGS"
"NJ","New Jersey","1980","OW","The Tax Burden on Tobacco","Cigarette Sales","173,132,000","$","Dollars","POINT (-74.273691288 40.130570048)","Table 12- Orzechowski and Walker, Tax Burden on Tobacco","POL","450POL","450CGS"
"NM","New Mexico","1980","OW","The Tax Burden on Tobacco","Cigarette Sales","15,288,000","$","Dollars","POINT (-106.240580985 34.520880952)","Table 12- Orzechowski and Walker, Tax Burden on Tobacco","POL","450POL","450CGS"
"NY","New York","1980","OW","The Tax Burden on Tobacco","Cigarette Sales","337,733,000","$","Dollars","POINT (-75.543970427 42.827001032)","Table 12- Orzechowski and Walker, Tax Burden on Tobacco","POL","450POL","450CGS"
"NC","North Carolina","1980","OW","The Tax Burden on Tobacco","Cigarette Sales","21,060,000","$","Dollars","POINT (-79.159250463 35.466220975)","Table 12- Orzechowski and Walker, Tax Burden on Tobacco","POL","450POL","450CGS"
"ND","North Dakota","1980","OW","The Tax Burden on Tobacco","Cigarette Sales","9,686,868","$","Dollars","POINT (-100.118421049 47.475319779)","Table 12- Orzechowski and Walker, Tax Burden on Tobacco","POL","450POL","450CGS"
"OH","Ohio","1980","OW","The Tax Burden on Tobacco","Cigarette Sales","214,864,000","$","Dollars","POINT (-82.404260056 40.060210141)","Table 12- Orzechowski and Walker, Tax Burden on Tobacco","POL","450POL","450CGS"
"OK","Oklahoma","1980","OW","The Tax Burden on Tobacco","Cigarette Sales","73,476,900","$","Dollars","POINT (-97.521070214 35.472031356)","Table 12- Orzechowski and Walker, Tax Burden on Tobacco","POL","450POL","450CGS"
"OR","Oregon","1980","OW","The Tax Burden on Tobacco","Cigarette Sales","33,324,000","$","Dollars","POINT (-120.155031326 44.567449424)","Table 12- Orzechowski and Walker, Tax Burden on Tobacco","POL","450POL","450CGS"
"PA","Pennsylvania","1980","OW","The Tax Burden on Tobacco","Cigarette Sales","281,805,000","$","Dollars","POINT (-77.860700294 40.793730152)","Table 12- Orzechowski and Walker, Tax Burden on Tobacco","POL","450POL","450CGS"
"RI","Rhode Island","1980","OW","The Tax Burden on Tobacco","Cigarette Sales","24,958,000","$","Dollars","POINT (-71.522470314 41.708280193)","Table 12- Orzechowski and Walker, Tax Burden on Tobacco","POL","450POL","450CGS"
"SC","South Carolina","1980","OW","The Tax Burden on Tobacco","Cigarette Sales","28,389,033","$","Dollars","POINT (-81.045371207 33.998821303)","Table 12- Orzechowski and Walker, Tax Burden on Tobacco","POL","450POL","450CGS"
"SD","South Dakota","1980","OW","The Tax Burden on Tobacco","Cigarette Sales","11,053,000","$","Dollars","POINT (-100.373530637 44.353130053)","Table 12- Orzechowski and Walker, Tax Burden on Tobacco","POL","450POL","450CGS"
"TN","Tennessee","1980","OW","The Tax Burden on Tobacco","Cigarette Sales","74,254,687","$","Dollars","POINT (-85.774490914 35.68094058)","Table 12- Orzechowski and Walker, Tax Burden on Tobacco","POL","450POL","450CGS"
"TX","Texas","1980","OW","The Tax Burden on Tobacco","Cigarette Sales","321,154,012","$","Dollars","POINT (-99.426770206 31.827240407)","Table 12- Orzechowski and Walker, Tax Burden on Tobacco","POL","450POL","450CGS"
"UT","Utah","1980","OW","The Tax Burden on Tobacco","Cigarette Sales","10,380,880","$","Dollars","POINT (-111.587130635 39.360700171)","Table 12- Orzechowski and Walker, Tax Burden on Tobacco","POL","450POL","450CGS"
"VT","Vermont","1980","OW","The Tax Burden on Tobacco","Cigarette Sales","9,635,046","$","Dollars","POINT (-72.517640791 43.625381239)","Table 12- Orzechowski and Walker, Tax Burden on Tobacco","POL","450POL","450CGS"
"VA","Virginia","1980","OW","The Tax Burden on Tobacco","Cigarette Sales","19,350,000","$","Dollars","POINT (-78.457890463 37.542680674)","Table 12- Orzechowski and Walker, Tax Burden on Tobacco","POL","450POL","450CGS"
"WA","Washington","1980","OW","The Tax Burden on Tobacco","Cigarette Sales","63,679,946","$","Dollars","POINT (-120.47001079 47.522278629)","Table 12- Orzechowski and Walker, Tax Burden on Tobacco","POL","450POL","450CGS"
"WV","West Virginia","1980","OW","The Tax Burden on Tobacco","Cigarette Sales","39,103,000","$","Dollars","POINT (-80.712640135 38.665510202)","Table 12- Orzechowski and Walker, Tax Burden on Tobacco","POL","450POL","450CGS"
"WI","Wisconsin","1980","OW","The Tax Burden on Tobacco","Cigarette Sales","89,273,000","$","Dollars","POINT (-89.816370742 44.393191174)","Table 12- Orzechowski and Walker, Tax Burden on Tobacco","POL","450POL","450CGS"
"WY","Wyoming","1980","OW","The Tax Burden on Tobacco","Cigarette Sales","5,691,000","$","Dollars","POINT (-108.109830353 43.235541343)","Table 12- Orzechowski and Walker, Tax Burden on Tobacco","POL","450POL","450CGS"
"AL","Alabama","1979","OW","The Tax Burden on Tobacco","Cigarette Sales","54,496,057","$","Dollars","POINT (-86.631860762 32.840571122)","Table 12- Orzechowski and Walker, Tax Burden on Tobacco","POL","450POL","450CGS"
"AK","Alaska","1979","OW","The Tax Burden on Tobacco","Cigarette Sales","4,451,000","$","Dollars","POINT (-147.722059036 64.845079957001)","Table 12- Orzechowski and Walker, Tax Burden on Tobacco","POL","450POL","450CGS"
"AZ","Arizona","1979","OW","The Tax Burden on Tobacco","Cigarette Sales","38,135,772","$","Dollars","POINT (-111.763811277 34.86597028)","Table 12- Orzechowski and Walker, Tax Burden on Tobacco","POL","450POL","450CGS"
"AR","Arkansas","1979","OW","The Tax Burden on Tobacco","Cigarette Sales","49,072,538","$","Dollars","POINT (-92.274490743 34.748650124)","Table 12- Orzechowski and Walker, Tax Burden on Tobacco","POL","450POL","450CGS"
"CA","California","1979","OW","The Tax Burden on Tobacco","Cigarette Sales","271,823,000","$","Dollars","POINT (-120.999999538 37.638640123)","Table 12- Orzechowski and Walker, Tax Burden on Tobacco","POL","450POL","450CGS"
"CO","Colorado","1979","OW","The Tax Burden on Tobacco","Cigarette Sales","35,108,000","$","Dollars","POINT (-106.133610921 38.843840757)","Table 12- Orzechowski and Walker, Tax Burden on Tobacco","POL","450POL","450CGS"
"CT","Connecticut","1979","OW","The Tax Burden on Tobacco","Cigarette Sales","76,544,000","$","Dollars","POINT (-72.649840952 41.56266102)","Table 12- Orzechowski and Walker, Tax Burden on Tobacco","POL","450POL","450CGS"
"DE","Delaware","1979","OW","The Tax Burden on Tobacco","Cigarette Sales","12,260,000","$","Dollars","POINT (-75.577741168 39.008830667)","Table 12- Orzechowski and Walker, Tax Burden on Tobacco","POL","450POL","450CGS"
"DC","District of Columbia","1979","OW","The Tax Burden on Tobacco","Cigarette Sales","11,201,000","$","Dollars","POINT (-77.031961127 38.890371385)","Table 12- Orzechowski and Walker, Tax Burden on Tobacco","POL","450POL","450CGS"
"FL","Florida","1979","OW","The Tax Burden on Tobacco","Cigarette Sales","244,444,000","$","Dollars","POINT (-81.928960539 28.932040377)","Table 12- Orzechowski and Walker, Tax Burden on Tobacco","POL","450POL","450CGS"
"GA","Georgia","1979","OW","The Tax Burden on Tobacco","Cigarette Sales","79,159,343","$","Dollars","POINT (-83.627580346 32.839681093)","Table 12- Orzechowski and Walker, Tax Burden on Tobacco","POL","450POL","450CGS"
"HI","Hawaii","1979","OW","The Tax Burden on Tobacco","Cigarette Sales","10,652,107","$","Dollars","POINT (-157.857749403 21.304850435)","Table 12- Orzechowski and Walker, Tax Burden on Tobacco","POL","450POL","450CGS"
"ID","Idaho","1979","OW","The Tax Burden on Tobacco","Cigarette Sales","9,388,416","$","Dollars","POINT (-114.363730042 43.682630005)","Table 12- Orzechowski and Walker, Tax Burden on Tobacco","POL","450POL","450CGS"
"IL","Illinois","1979","OW","The Tax Burden on Tobacco","Cigarette Sales","182,296,000","$","Dollars","POINT (-88.997710178 40.485010283)","Table 12- Orzechowski and Walker, Tax Burden on Tobacco","POL","450POL","450CGS"
"IN","Indiana","1979","OW","The Tax Burden on Tobacco","Cigarette Sales","84,004,000","$","Dollars","POINT (-86.149960194 39.766910452)","Table 12- Orzechowski and Walker, Tax Burden on Tobacco","POL","450POL","450CGS"
"IA","Iowa","1979","OW","The Tax Burden on Tobacco","Cigarette Sales","46,817,786","$","Dollars","POINT (-93.816490556 42.469400913)","Table 12- Orzechowski and Walker, Tax Burden on Tobacco","POL","450POL","450CGS"
"KS","Kansas","1979","OW","The Tax Burden on Tobacco","Cigarette Sales","32,655,500","$","Dollars","POINT (-98.200781227 38.3477403)","Table 12- Orzechowski and Walker, Tax Burden on Tobacco","POL","450POL","450CGS"
"KY","Kentucky","1979","OW","The Tax Burden on Tobacco","Cigarette Sales","22,550,000","$","Dollars","POINT (-84.774971048 37.645970271)","Table 12- Orzechowski and Walker, Tax Burden on Tobacco","POL","450POL","450CGS"
"LA","Louisiana","1979","OW","The Tax Burden on Tobacco","Cigarette Sales","61,132,782","$","Dollars","POINT (-92.445680071 31.312660644)","Table 12- Orzechowski and Walker, Tax Burden on Tobacco","POL","450POL","450CGS"
"ME","Maine","1979","OW","The Tax Burden on Tobacco","Cigarette Sales","24,172,000","$","Dollars","POINT (-68.985031336 45.254228894001)","Table 12- Orzechowski and Walker, Tax Burden on Tobacco","POL","450POL","450CGS"
"MD","Maryland","1979","OW","The Tax Burden on Tobacco","Cigarette Sales","54,636,000","$","Dollars","POINT (-76.609260111 39.290580964)","Table 12- Orzechowski and Walker, Tax Burden on Tobacco","POL","450POL","450CGS"
"MA","Massachusetts","1979","OW","The Tax Burden on Tobacco","Cigarette Sales","143,272,000","$","Dollars","POINT (-72.082690675 42.27687047)","Table 12- Orzechowski and Walker, Tax Burden on Tobacco","POL","450POL","450CGS"
"MI","Michigan","1979","OW","The Tax Burden on Tobacco","Cigarette Sales","142,421,000","$","Dollars","POINT (-84.71439027 44.661319543001)","Table 12- Orzechowski and Walker, Tax Burden on Tobacco","POL","450POL","450CGS"
"MN","Minnesota","1979","OW","The Tax Burden on Tobacco","Cigarette Sales","85,350,189","$","Dollars","POINT (-94.794200503 46.355648736)","Table 12- Orzechowski and Walker, Tax Burden on Tobacco","POL","450POL","450CGS"
"MS","Mississippi","1979","OW","The Tax Burden on Tobacco","Cigarette Sales","32,770,862","$","Dollars","POINT (-89.538030825 32.745510099)","Table 12- Orzechowski and Walker, Tax Burden on Tobacco","POL","450POL","450CGS"
"MO","Missouri","1979","OW","The Tax Burden on Tobacco","Cigarette Sales","61,335,000","$","Dollars","POINT (-92.566300053 38.635790776)","Table 12- Orzechowski and Walker, Tax Burden on Tobacco","POL","450POL","450CGS"
"MT","Montana","1979","OW","The Tax Burden on Tobacco","Cigarette Sales","11,336,539","$","Dollars","POINT (-109.424420645 47.066528972)","Table 12- Orzechowski and Walker, Tax Burden on Tobacco","POL","450POL","450CGS"
"NE","Nebraska","1979","OW","The Tax Burden on Tobacco","Cigarette Sales","23,614,000","$","Dollars","POINT (-99.365720623 41.641040988001)","Table 12- Orzechowski and Walker, Tax Burden on Tobacco","POL","450POL","450CGS"
"NV","Nevada","1979","OW","The Tax Burden on Tobacco","Cigarette Sales","12,128,000","$","Dollars","POINT (-117.071840564 39.49324039)","Table 12- Orzechowski and Walker, Tax Burden on Tobacco","POL","450POL","450CGS"
"NH","New Hampshire","1979","OW","The Tax Burden on Tobacco","Cigarette Sales","26,610,000","$","Dollars","POINT (-71.50036092 43.655950113)","Table 12- Orzechowski and Walker, Tax Burden on Tobacco","POL","450POL","450CGS"
"NJ","New Jersey","1979","OW","The Tax Burden on Tobacco","Cigarette Sales","172,389,000","$","Dollars","POINT (-74.273691288 40.130570048)","Table 12- Orzechowski and Walker, Tax Burden on Tobacco","POL","450POL","450CGS"
"NM","New Mexico","1979","OW","The Tax Burden on Tobacco","Cigarette Sales","14,688,000","$","Dollars","POINT (-106.240580985 34.520880952)","Table 12- Orzechowski and Walker, Tax Burden on Tobacco","POL","450POL","450CGS"
"NY","New York","1979","OW","The Tax Burden on Tobacco","Cigarette Sales","330,650,000","$","Dollars","POINT (-75.543970427 42.827001032)","Table 12- Orzechowski and Walker, Tax Burden on Tobacco","POL","450POL","450CGS"
"NC","North Carolina","1979","OW","The Tax Burden on Tobacco","Cigarette Sales","22,004,000","$","Dollars","POINT (-79.159250463 35.466220975)","Table 12- Orzechowski and Walker, Tax Burden on Tobacco","POL","450POL","450CGS"
"ND","North Dakota","1979","OW","The Tax Burden on Tobacco","Cigarette Sales","8,705,686","$","Dollars","POINT (-100.118421049 47.475319779)","Table 12- Orzechowski and Walker, Tax Burden on Tobacco","POL","450POL","450CGS"
"OH","Ohio","1979","OW","The Tax Burden on Tobacco","Cigarette Sales","211,049,000","$","Dollars","POINT (-82.404260056 40.060210141)","Table 12- Orzechowski and Walker, Tax Burden on Tobacco","POL","450POL","450CGS"
"OK","Oklahoma","1979","OW","The Tax Burden on Tobacco","Cigarette Sales","53,000,386","$","Dollars","POINT (-97.521070214 35.472031356)","Table 12- Orzechowski and Walker, Tax Burden on Tobacco","POL","450POL","450CGS"
"OR","Oregon","1979","OW","The Tax Burden on Tobacco","Cigarette Sales","33,151,000","$","Dollars","POINT (-120.155031326 44.567449424)","Table 12- Orzechowski and Walker, Tax Burden on Tobacco","POL","450POL","450CGS"
"PA","Pennsylvania","1979","OW","The Tax Burden on Tobacco","Cigarette Sales","259,213,000","$","Dollars","POINT (-77.860700294 40.793730152)","Table 12- Orzechowski and Walker, Tax Burden on Tobacco","POL","450POL","450CGS"
"RI","Rhode Island","1979","OW","The Tax Burden on Tobacco","Cigarette Sales","24,530,000","$","Dollars","POINT (-71.522470314 41.708280193)","Table 12- Orzechowski and Walker, Tax Burden on Tobacco","POL","450POL","450CGS"
"SC","South Carolina","1979","OW","The Tax Burden on Tobacco","Cigarette Sales","27,713,875","$","Dollars","POINT (-81.045371207 33.998821303)","Table 12- Orzechowski and Walker, Tax Burden on Tobacco","POL","450POL","450CGS"
"SD","South Dakota","1979","OW","The Tax Burden on Tobacco","Cigarette Sales","9,721,000","$","Dollars","POINT (-100.373530637 44.353130053)","Table 12- Orzechowski and Walker, Tax Burden on Tobacco","POL","450POL","450CGS"
"TN","Tennessee","1979","OW","The Tax Burden on Tobacco","Cigarette Sales","72,046,814","$","Dollars","POINT (-85.774490914 35.68094058)","Table 12- Orzechowski and Walker, Tax Burden on Tobacco","POL","450POL","450CGS"
"TX","Texas","1979","OW","The Tax Burden on Tobacco","Cigarette Sales","301,669,878","$","Dollars","POINT (-99.426770206 31.827240407)","Table 12- Orzechowski and Walker, Tax Burden on Tobacco","POL","450POL","450CGS"
"UT","Utah","1979","OW","The Tax Burden on Tobacco","Cigarette Sales","8,270,288","$","Dollars","POINT (-111.587130635 39.360700171)","Table 12- Orzechowski and Walker, Tax Burden on Tobacco","POL","450POL","450CGS"
"VT","Vermont","1979","OW","The Tax Burden on Tobacco","Cigarette Sales","9,404,220","$","Dollars","POINT (-72.517640791 43.625381239)","Table 12- Orzechowski and Walker, Tax Burden on Tobacco","POL","450POL","450CGS"
"VA","Virginia","1979","OW","The Tax Burden on Tobacco","Cigarette Sales","19,535,000","$","Dollars","POINT (-78.457890463 37.542680674)","Table 12- Orzechowski and Walker, Tax Burden on Tobacco","POL","450POL","450CGS"
"WA","Washington","1979","OW","The Tax Burden on Tobacco","Cigarette Sales","61,252,398","$","Dollars","POINT (-120.47001079 47.522278629)","Table 12- Orzechowski and Walker, Tax Burden on Tobacco","POL","450POL","450CGS"
"WV","West Virginia","1979","OW","The Tax Burden on Tobacco","Cigarette Sales","38,961,000","$","Dollars","POINT (-80.712640135 38.665510202)","Table 12- Orzechowski and Walker, Tax Burden on Tobacco","POL","450POL","450CGS"
"WI","Wisconsin","1979","OW","The Tax Burden on Tobacco","Cigarette Sales","87,984,000","$","Dollars","POINT (-89.816370742 44.393191174)","Table 12- Orzechowski and Walker, Tax Burden on Tobacco","POL","450POL","450CGS"
"WY","Wyoming","1979","OW","The Tax Burden on Tobacco","Cigarette Sales","5,720,000","$","Dollars","POINT (-108.109830353 43.235541343)","Table 12- Orzechowski and Walker, Tax Burden on Tobacco","POL","450POL","450CGS"
"AL","Alabama","1978","OW","The Tax Burden on Tobacco","Cigarette Sales","54,460,929","$","Dollars","POINT (-86.631860762 32.840571122)","Table 12- Orzechowski and Walker, Tax Burden on Tobacco","POL","450POL","450CGS"
"AK","Alaska","1978","OW","The Tax Burden on Tobacco","Cigarette Sales","4,676,000","$","Dollars","POINT (-147.722059036 64.845079957001)","Table 12- Orzechowski and Walker, Tax Burden on Tobacco","POL","450POL","450CGS"
"AZ","Arizona","1978","OW","The Tax Burden on Tobacco","Cigarette Sales","37,232,113","$","Dollars","POINT (-111.763811277 34.86597028)","Table 12- Orzechowski and Walker, Tax Burden on Tobacco","POL","450POL","450CGS"
"AR","Arkansas","1978","OW","The Tax Burden on Tobacco","Cigarette Sales","48,463,712","$","Dollars","POINT (-92.274490743 34.748650124)","Table 12- Orzechowski and Walker, Tax Burden on Tobacco","POL","450POL","450CGS"
"CA","California","1978","OW","The Tax Burden on Tobacco","Cigarette Sales","276,202,000","$","Dollars","POINT (-120.999999538 37.638640123)","Table 12- Orzechowski and Walker, Tax Burden on Tobacco","POL","450POL","450CGS"
"CO","Colorado","1978","OW","The Tax Burden on Tobacco","Cigarette Sales","50,757,000","$","Dollars","POINT (-106.133610921 38.843840757)","Table 12- Orzechowski and Walker, Tax Burden on Tobacco","POL","450POL","450CGS"
"CT","Connecticut","1978","OW","The Tax Burden on Tobacco","Cigarette Sales","76,700,000","$","Dollars","POINT (-72.649840952 41.56266102)","Table 12- Orzechowski and Walker, Tax Burden on Tobacco","POL","450POL","450CGS"
"DE","Delaware","1978","OW","The Tax Burden on Tobacco","Cigarette Sales","12,672,000","$","Dollars","POINT (-75.577741168 39.008830667)","Table 12- Orzechowski and Walker, Tax Burden on Tobacco","POL","450POL","450CGS"
"DC","District of Columbia","1978","OW","The Tax Burden on Tobacco","Cigarette Sales","11,640,000","$","Dollars","POINT (-77.031961127 38.890371385)","Table 12- Orzechowski and Walker, Tax Burden on Tobacco","POL","450POL","450CGS"
"FL","Florida","1978","OW","The Tax Burden on Tobacco","Cigarette Sales","236,587,000","$","Dollars","POINT (-81.928960539 28.932040377)","Table 12- Orzechowski and Walker, Tax Burden on Tobacco","POL","450POL","450CGS"
"GA","Georgia","1978","OW","The Tax Burden on Tobacco","Cigarette Sales","78,514,059","$","Dollars","POINT (-83.627580346 32.839681093)","Table 12- Orzechowski and Walker, Tax Burden on Tobacco","POL","450POL","450CGS"
"HI","Hawaii","1978","OW","The Tax Burden on Tobacco","Cigarette Sales","9,874,813","$","Dollars","POINT (-157.857749403 21.304850435)","Table 12- Orzechowski and Walker, Tax Burden on Tobacco","POL","450POL","450CGS"
"ID","Idaho","1978","OW","The Tax Burden on Tobacco","Cigarette Sales","9,577,228","$","Dollars","POINT (-114.363730042 43.682630005)","Table 12- Orzechowski and Walker, Tax Burden on Tobacco","POL","450POL","450CGS"
"IL","Illinois","1978","OW","The Tax Burden on Tobacco","Cigarette Sales","183,660,000","$","Dollars","POINT (-88.997710178 40.485010283)","Table 12- Orzechowski and Walker, Tax Burden on Tobacco","POL","450POL","450CGS"
"IN","Indiana","1978","OW","The Tax Burden on Tobacco","Cigarette Sales","84,459,000","$","Dollars","POINT (-86.149960194 39.766910452)","Table 12- Orzechowski and Walker, Tax Burden on Tobacco","POL","450POL","450CGS"
"IA","Iowa","1978","OW","The Tax Burden on Tobacco","Cigarette Sales","47,623,434","$","Dollars","POINT (-93.816490556 42.469400913)","Table 12- Orzechowski and Walker, Tax Burden on Tobacco","POL","450POL","450CGS"
"KS","Kansas","1978","OW","The Tax Burden on Tobacco","Cigarette Sales","32,518,489","$","Dollars","POINT (-98.200781227 38.3477403)","Table 12- Orzechowski and Walker, Tax Burden on Tobacco","POL","450POL","450CGS"
"KY","Kentucky","1978","OW","The Tax Burden on Tobacco","Cigarette Sales","23,305,000","$","Dollars","POINT (-84.774971048 37.645970271)","Table 12- Orzechowski and Walker, Tax Burden on Tobacco","POL","450POL","450CGS"
"LA","Louisiana","1978","OW","The Tax Burden on Tobacco","Cigarette Sales","61,526,377","$","Dollars","POINT (-92.445680071 31.312660644)","Table 12- Orzechowski and Walker, Tax Burden on Tobacco","POL","450POL","450CGS"
"ME","Maine","1978","OW","The Tax Burden on Tobacco","Cigarette Sales","24,988,000","$","Dollars","POINT (-68.985031336 45.254228894001)","Table 12- Orzechowski and Walker, Tax Burden on Tobacco","POL","450POL","450CGS"
"MD","Maryland","1978","OW","The Tax Burden on Tobacco","Cigarette Sales","55,490,000","$","Dollars","POINT (-76.609260111 39.290580964)","Table 12- Orzechowski and Walker, Tax Burden on Tobacco","POL","450POL","450CGS"
"MA","Massachusetts","1978","OW","The Tax Burden on Tobacco","Cigarette Sales","146,357,000","$","Dollars","POINT (-72.082690675 42.27687047)","Table 12- Orzechowski and Walker, Tax Burden on Tobacco","POL","450POL","450CGS"
"MI","Michigan","1978","OW","The Tax Burden on Tobacco","Cigarette Sales","142,424,000","$","Dollars","POINT (-84.71439027 44.661319543001)","Table 12- Orzechowski and Walker, Tax Burden on Tobacco","POL","450POL","450CGS"
"MN","Minnesota","1978","OW","The Tax Burden on Tobacco","Cigarette Sales","85,171,636","$","Dollars","POINT (-94.794200503 46.355648736)","Table 12- Orzechowski and Walker, Tax Burden on Tobacco","POL","450POL","450CGS"
"MS","Mississippi","1978","OW","The Tax Burden on Tobacco","Cigarette Sales","32,819,570","$","Dollars","POINT (-89.538030825 32.745510099)","Table 12- Orzechowski and Walker, Tax Burden on Tobacco","POL","450POL","450CGS"
"MO","Missouri","1978","OW","The Tax Burden on Tobacco","Cigarette Sales","61,263,000","$","Dollars","POINT (-92.566300053 38.635790776)","Table 12- Orzechowski and Walker, Tax Burden on Tobacco","POL","450POL","450CGS"
"MT","Montana","1978","OW","The Tax Burden on Tobacco","Cigarette Sales","11,618,047","$","Dollars","POINT (-109.424420645 47.066528972)","Table 12- Orzechowski and Walker, Tax Burden on Tobacco","POL","450POL","450CGS"
"NE","Nebraska","1978","OW","The Tax Burden on Tobacco","Cigarette Sales","23,822,000","$","Dollars","POINT (-99.365720623 41.641040988001)","Table 12- Orzechowski and Walker, Tax Burden on Tobacco","POL","450POL","450CGS"
"NV","Nevada","1978","OW","The Tax Burden on Tobacco","Cigarette Sales","11,871,000","$","Dollars","POINT (-117.071840564 39.49324039)","Table 12- Orzechowski and Walker, Tax Burden on Tobacco","POL","450POL","450CGS"
"NH","New Hampshire","1978","OW","The Tax Burden on Tobacco","Cigarette Sales","27,463,000","$","Dollars","POINT (-71.50036092 43.655950113)","Table 12- Orzechowski and Walker, Tax Burden on Tobacco","POL","450POL","450CGS"
"NJ","New Jersey","1978","OW","The Tax Burden on Tobacco","Cigarette Sales","172,543,000","$","Dollars","POINT (-74.273691288 40.130570048)","Table 12- Orzechowski and Walker, Tax Burden on Tobacco","POL","450POL","450CGS"
"NM","New Mexico","1978","OW","The Tax Burden on Tobacco","Cigarette Sales","14,717,000","$","Dollars","POINT (-106.240580985 34.520880952)","Table 12- Orzechowski and Walker, Tax Burden on Tobacco","POL","450POL","450CGS"
"NY","New York","1978","OW","The Tax Burden on Tobacco","Cigarette Sales","339,839,000","$","Dollars","POINT (-75.543970427 42.827001032)","Table 12- Orzechowski and Walker, Tax Burden on Tobacco","POL","450POL","450CGS"
"NC","North Carolina","1978","OW","The Tax Burden on Tobacco","Cigarette Sales","22,708,000","$","Dollars","POINT (-79.159250463 35.466220975)","Table 12- Orzechowski and Walker, Tax Burden on Tobacco","POL","450POL","450CGS"
"ND","North Dakota","1978","OW","The Tax Burden on Tobacco","Cigarette Sales","8,756,406","$","Dollars","POINT (-100.118421049 47.475319779)","Table 12- Orzechowski and Walker, Tax Burden on Tobacco","POL","450POL","450CGS"
"OH","Ohio","1978","OW","The Tax Burden on Tobacco","Cigarette Sales","210,701,000","$","Dollars","POINT (-82.404260056 40.060210141)","Table 12- Orzechowski and Walker, Tax Burden on Tobacco","POL","450POL","450CGS"
"OK","Oklahoma","1978","OW","The Tax Burden on Tobacco","Cigarette Sales","52,475,244","$","Dollars","POINT (-97.521070214 35.472031356)","Table 12- Orzechowski and Walker, Tax Burden on Tobacco","POL","450POL","450CGS"
"OR","Oregon","1978","OW","The Tax Burden on Tobacco","Cigarette Sales","33,423,000","$","Dollars","POINT (-120.155031326 44.567449424)","Table 12- Orzechowski and Walker, Tax Burden on Tobacco","POL","450POL","450CGS"
"PA","Pennsylvania","1978","OW","The Tax Burden on Tobacco","Cigarette Sales","259,411,000","$","Dollars","POINT (-77.860700294 40.793730152)","Table 12- Orzechowski and Walker, Tax Burden on Tobacco","POL","450POL","450CGS"
"RI","Rhode Island","1978","OW","The Tax Burden on Tobacco","Cigarette Sales","24,711,000","$","Dollars","POINT (-71.522470314 41.708280193)","Table 12- Orzechowski and Walker, Tax Burden on Tobacco","POL","450POL","450CGS"
"SC","South Carolina","1978","OW","The Tax Burden on Tobacco","Cigarette Sales","28,273,885","$","Dollars","POINT (-81.045371207 33.998821303)","Table 12- Orzechowski and Walker, Tax Burden on Tobacco","POL","450POL","450CGS"
"SD","South Dakota","1978","OW","The Tax Burden on Tobacco","Cigarette Sales","9,665,000","$","Dollars","POINT (-100.373530637 44.353130053)","Table 12- Orzechowski and Walker, Tax Burden on Tobacco","POL","450POL","450CGS"
"TN","Tennessee","1978","OW","The Tax Burden on Tobacco","Cigarette Sales","71,135,611","$","Dollars","POINT (-85.774490914 35.68094058)","Table 12- Orzechowski and Walker, Tax Burden on Tobacco","POL","450POL","450CGS"
"TX","Texas","1978","OW","The Tax Burden on Tobacco","Cigarette Sales","296,923,598","$","Dollars","POINT (-99.426770206 31.827240407)","Table 12- Orzechowski and Walker, Tax Burden on Tobacco","POL","450POL","450CGS"
"UT","Utah","1978","OW","The Tax Burden on Tobacco","Cigarette Sales","8,077,185","$","Dollars","POINT (-111.587130635 39.360700171)","Table 12- Orzechowski and Walker, Tax Burden on Tobacco","POL","450POL","450CGS"
"VT","Vermont","1978","OW","The Tax Burden on Tobacco","Cigarette Sales","9,412,514","$","Dollars","POINT (-72.517640791 43.625381239)","Table 12- Orzechowski and Walker, Tax Burden on Tobacco","POL","450POL","450CGS"
"VA","Virginia","1978","OW","The Tax Burden on Tobacco","Cigarette Sales","20,017,000","$","Dollars","POINT (-78.457890463 37.542680674)","Table 12- Orzechowski and Walker, Tax Burden on Tobacco","POL","450POL","450CGS"
"WA","Washington","1978","OW","The Tax Burden on Tobacco","Cigarette Sales","59,298,458","$","Dollars","POINT (-120.47001079 47.522278629)","Table 12- Orzechowski and Walker, Tax Burden on Tobacco","POL","450POL","450CGS"
"WV","West Virginia","1978","OW","The Tax Burden on Tobacco","Cigarette Sales","30,369,000","$","Dollars","POINT (-80.712640135 38.665510202)","Table 12- Orzechowski and Walker, Tax Burden on Tobacco","POL","450POL","450CGS"
"WI","Wisconsin","1978","OW","The Tax Burden on Tobacco","Cigarette Sales","86,984,000","$","Dollars","POINT (-89.816370742 44.393191174)","Table 12- Orzechowski and Walker, Tax Burden on Tobacco","POL","450POL","450CGS"
"WY","Wyoming","1978","OW","The Tax Burden on Tobacco","Cigarette Sales","5,205,000","$","Dollars","POINT (-108.109830353 43.235541343)","Table 12- Orzechowski and Walker, Tax Burden on Tobacco","POL","450POL","450CGS"
"AL","Alabama","1977","OW","The Tax Burden on Tobacco","Cigarette Sales","51,516,608","$","Dollars","POINT (-86.631860762 32.840571122)","Table 12- Orzechowski and Walker, Tax Burden on Tobacco","POL","450POL","450CGS"
"AK","Alaska","1977","OW","The Tax Burden on Tobacco","Cigarette Sales","4,868,000","$","Dollars","POINT (-147.722059036 64.845079957001)","Table 12- Orzechowski and Walker, Tax Burden on Tobacco","POL","450POL","450CGS"
"AZ","Arizona","1977","OW","The Tax Burden on Tobacco","Cigarette Sales","35,910,542","$","Dollars","POINT (-111.763811277 34.86597028)","Table 12- Orzechowski and Walker, Tax Burden on Tobacco","POL","450POL","450CGS"
"AR","Arkansas","1977","OW","The Tax Burden on Tobacco","Cigarette Sales","45,878,425","$","Dollars","POINT (-92.274490743 34.748650124)","Table 12- Orzechowski and Walker, Tax Burden on Tobacco","POL","450POL","450CGS"
"CA","California","1977","OW","The Tax Burden on Tobacco","Cigarette Sales","272,021,000","$","Dollars","POINT (-120.999999538 37.638640123)","Table 12- Orzechowski and Walker, Tax Burden on Tobacco","POL","450POL","450CGS"
"CO","Colorado","1977","OW","The Tax Burden on Tobacco","Cigarette Sales","34,098,000","$","Dollars","POINT (-106.133610921 38.843840757)","Table 12- Orzechowski and Walker, Tax Burden on Tobacco","POL","450POL","450CGS"
"CT","Connecticut","1977","OW","The Tax Burden on Tobacco","Cigarette Sales","76,803,000","$","Dollars","POINT (-72.649840952 41.56266102)","Table 12- Orzechowski and Walker, Tax Burden on Tobacco","POL","450POL","450CGS"
"DE","Delaware","1977","OW","The Tax Burden on Tobacco","Cigarette Sales","12,493,000","$","Dollars","POINT (-75.577741168 39.008830667)","Table 12- Orzechowski and Walker, Tax Burden on Tobacco","POL","450POL","450CGS"
"DC","District of Columbia","1977","OW","The Tax Burden on Tobacco","Cigarette Sales","12,669,000","$","Dollars","POINT (-77.031961127 38.890371385)","Table 12- Orzechowski and Walker, Tax Burden on Tobacco","POL","450POL","450CGS"
"FL","Florida","1977","OW","The Tax Burden on Tobacco","Cigarette Sales","190,607,000","$","Dollars","POINT (-81.928960539 28.932040377)","Table 12- Orzechowski and Walker, Tax Burden on Tobacco","POL","450POL","450CGS"
"GA","Georgia","1977","OW","The Tax Burden on Tobacco","Cigarette Sales","75,841,237","$","Dollars","POINT (-83.627580346 32.839681093)","Table 12- Orzechowski and Walker, Tax Burden on Tobacco","POL","450POL","450CGS"
"HI","Hawaii","1977","OW","The Tax Burden on Tobacco","Cigarette Sales","9,275,371","$","Dollars","POINT (-157.857749403 21.304850435)","Table 12- Orzechowski and Walker, Tax Burden on Tobacco","POL","450POL","450CGS"
"ID","Idaho","1977","OW","The Tax Burden on Tobacco","Cigarette Sales","9,453,009","$","Dollars","POINT (-114.363730042 43.682630005)","Table 12- Orzechowski and Walker, Tax Burden on Tobacco","POL","450POL","450CGS"
"IL","Illinois","1977","OW","The Tax Burden on Tobacco","Cigarette Sales","180,478,000","$","Dollars","POINT (-88.997710178 40.485010283)","Table 12- Orzechowski and Walker, Tax Burden on Tobacco","POL","450POL","450CGS"
"IN","Indiana","1977","OW","The Tax Burden on Tobacco","Cigarette Sales","55,024,000","$","Dollars","POINT (-86.149960194 39.766910452)","Table 12- Orzechowski and Walker, Tax Burden on Tobacco","POL","450POL","450CGS"
"IA","Iowa","1977","OW","The Tax Burden on Tobacco","Cigarette Sales","46,894,948","$","Dollars","POINT (-93.816490556 42.469400913)","Table 12- Orzechowski and Walker, Tax Burden on Tobacco","POL","450POL","450CGS"
"KS","Kansas","1977","OW","The Tax Burden on Tobacco","Cigarette Sales","32,492,220","$","Dollars","POINT (-98.200781227 38.3477403)","Table 12- Orzechowski and Walker, Tax Burden on Tobacco","POL","450POL","450CGS"
"KY","Kentucky","1977","OW","The Tax Burden on Tobacco","Cigarette Sales","23,588,000","$","Dollars","POINT (-84.774971048 37.645970271)","Table 12- Orzechowski and Walker, Tax Burden on Tobacco","POL","450POL","450CGS"
"LA","Louisiana","1977","OW","The Tax Burden on Tobacco","Cigarette Sales","59,157,747","$","Dollars","POINT (-92.445680071 31.312660644)","Table 12- Orzechowski and Walker, Tax Burden on Tobacco","POL","450POL","450CGS"
"ME","Maine","1977","OW","The Tax Burden on Tobacco","Cigarette Sales","24,919,000","$","Dollars","POINT (-68.985031336 45.254228894001)","Table 12- Orzechowski and Walker, Tax Burden on Tobacco","POL","450POL","450CGS"
"MD","Maryland","1977","OW","The Tax Burden on Tobacco","Cigarette Sales","56,233,000","$","Dollars","POINT (-76.609260111 39.290580964)","Table 12- Orzechowski and Walker, Tax Burden on Tobacco","POL","450POL","450CGS"
"MA","Massachusetts","1977","OW","The Tax Burden on Tobacco","Cigarette Sales","145,006,000","$","Dollars","POINT (-72.082690675 42.27687047)","Table 12- Orzechowski and Walker, Tax Burden on Tobacco","POL","450POL","450CGS"
"MI","Michigan","1977","OW","The Tax Burden on Tobacco","Cigarette Sales","140,488,000","$","Dollars","POINT (-84.71439027 44.661319543001)","Table 12- Orzechowski and Walker, Tax Burden on Tobacco","POL","450POL","450CGS"
"MN","Minnesota","1977","OW","The Tax Burden on Tobacco","Cigarette Sales","83,667,105","$","Dollars","POINT (-94.794200503 46.355648736)","Table 12- Orzechowski and Walker, Tax Burden on Tobacco","POL","450POL","450CGS"
"MS","Mississippi","1977","OW","The Tax Burden on Tobacco","Cigarette Sales","31,606,577","$","Dollars","POINT (-89.538030825 32.745510099)","Table 12- Orzechowski and Walker, Tax Burden on Tobacco","POL","450POL","450CGS"
"MO","Missouri","1977","OW","The Tax Burden on Tobacco","Cigarette Sales","60,568,000","$","Dollars","POINT (-92.566300053 38.635790776)","Table 12- Orzechowski and Walker, Tax Burden on Tobacco","POL","450POL","450CGS"
"MT","Montana","1977","OW","The Tax Burden on Tobacco","Cigarette Sales","11,479,175","$","Dollars","POINT (-109.424420645 47.066528972)","Table 12- Orzechowski and Walker, Tax Burden on Tobacco","POL","450POL","450CGS"
"NE","Nebraska","1977","OW","The Tax Burden on Tobacco","Cigarette Sales","23,759,000","$","Dollars","POINT (-99.365720623 41.641040988001)","Table 12- Orzechowski and Walker, Tax Burden on Tobacco","POL","450POL","450CGS"
"NV","Nevada","1977","OW","The Tax Burden on Tobacco","Cigarette Sales","11,648,000","$","Dollars","POINT (-117.071840564 39.49324039)","Table 12- Orzechowski and Walker, Tax Burden on Tobacco","POL","450POL","450CGS"
"NH","New Hampshire","1977","OW","The Tax Burden on Tobacco","Cigarette Sales","27,498,000","$","Dollars","POINT (-71.50036092 43.655950113)","Table 12- Orzechowski and Walker, Tax Burden on Tobacco","POL","450POL","450CGS"
"NJ","New Jersey","1977","OW","The Tax Burden on Tobacco","Cigarette Sales","171,187,000","$","Dollars","POINT (-74.273691288 40.130570048)","Table 12- Orzechowski and Walker, Tax Burden on Tobacco","POL","450POL","450CGS"
"NM","New Mexico","1977","OW","The Tax Burden on Tobacco","Cigarette Sales","14,347,000","$","Dollars","POINT (-106.240580985 34.520880952)","Table 12- Orzechowski and Walker, Tax Burden on Tobacco","POL","450POL","450CGS"
"NY","New York","1977","OW","The Tax Burden on Tobacco","Cigarette Sales","340,307,000","$","Dollars","POINT (-75.543970427 42.827001032)","Table 12- Orzechowski and Walker, Tax Burden on Tobacco","POL","450POL","450CGS"
"NC","North Carolina","1977","OW","The Tax Burden on Tobacco","Cigarette Sales","23,730,000","$","Dollars","POINT (-79.159250463 35.466220975)","Table 12- Orzechowski and Walker, Tax Burden on Tobacco","POL","450POL","450CGS"
"ND","North Dakota","1977","OW","The Tax Burden on Tobacco","Cigarette Sales","8,641,141","$","Dollars","POINT (-100.118421049 47.475319779)","Table 12- Orzechowski and Walker, Tax Burden on Tobacco","POL","450POL","450CGS"
"OH","Ohio","1977","OW","The Tax Burden on Tobacco","Cigarette Sales","204,153,000","$","Dollars","POINT (-82.404260056 40.060210141)","Table 12- Orzechowski and Walker, Tax Burden on Tobacco","POL","450POL","450CGS"
"OK","Oklahoma","1977","OW","The Tax Burden on Tobacco","Cigarette Sales","50,502,883","$","Dollars","POINT (-97.521070214 35.472031356)","Table 12- Orzechowski and Walker, Tax Burden on Tobacco","POL","450POL","450CGS"
"OR","Oregon","1977","OW","The Tax Burden on Tobacco","Cigarette Sales","32,606,000","$","Dollars","POINT (-120.155031326 44.567449424)","Table 12- Orzechowski and Walker, Tax Burden on Tobacco","POL","450POL","450CGS"
"PA","Pennsylvania","1977","OW","The Tax Burden on Tobacco","Cigarette Sales","256,408,000","$","Dollars","POINT (-77.860700294 40.793730152)","Table 12- Orzechowski and Walker, Tax Burden on Tobacco","POL","450POL","450CGS"
"RI","Rhode Island","1977","OW","The Tax Burden on Tobacco","Cigarette Sales","24,823,000","$","Dollars","POINT (-71.522470314 41.708280193)","Table 12- Orzechowski and Walker, Tax Burden on Tobacco","POL","450POL","450CGS"
"SC","South Carolina","1977","OW","The Tax Burden on Tobacco","Cigarette Sales","23,441,273","$","Dollars","POINT (-81.045371207 33.998821303)","Table 12- Orzechowski and Walker, Tax Burden on Tobacco","POL","450POL","450CGS"
"SD","South Dakota","1977","OW","The Tax Burden on Tobacco","Cigarette Sales","9,515,000","$","Dollars","POINT (-100.373530637 44.353130053)","Table 12- Orzechowski and Walker, Tax Burden on Tobacco","POL","450POL","450CGS"
"TN","Tennessee","1977","OW","The Tax Burden on Tobacco","Cigarette Sales","68,265,256","$","Dollars","POINT (-85.774490914 35.68094058)","Table 12- Orzechowski and Walker, Tax Burden on Tobacco","POL","450POL","450CGS"
"TX","Texas","1977","OW","The Tax Burden on Tobacco","Cigarette Sales","283,908,123","$","Dollars","POINT (-99.426770206 31.827240407)","Table 12- Orzechowski and Walker, Tax Burden on Tobacco","POL","450POL","450CGS"
"UT","Utah","1977","OW","The Tax Burden on Tobacco","Cigarette Sales","7,755,816","$","Dollars","POINT (-111.587130635 39.360700171)","Table 12- Orzechowski and Walker, Tax Burden on Tobacco","POL","450POL","450CGS"
"VT","Vermont","1977","OW","The Tax Burden on Tobacco","Cigarette Sales","9,674,168","$","Dollars","POINT (-72.517640791 43.625381239)","Table 12- Orzechowski and Walker, Tax Burden on Tobacco","POL","450POL","450CGS"
"VA","Virginia","1977","OW","The Tax Burden on Tobacco","Cigarette Sales","19,842,000","$","Dollars","POINT (-78.457890463 37.542680674)","Table 12- Orzechowski and Walker, Tax Burden on Tobacco","POL","450POL","450CGS"
"WA","Washington","1977","OW","The Tax Burden on Tobacco","Cigarette Sales","57,489,163","$","Dollars","POINT (-120.47001079 47.522278629)","Table 12- Orzechowski and Walker, Tax Burden on Tobacco","POL","450POL","450CGS"
"WV","West Virginia","1977","OW","The Tax Burden on Tobacco","Cigarette Sales","29,284,000","$","Dollars","POINT (-80.712640135 38.665510202)","Table 12- Orzechowski and Walker, Tax Burden on Tobacco","POL","450POL","450CGS"
"WI","Wisconsin","1977","OW","The Tax Burden on Tobacco","Cigarette Sales","86,415,000","$","Dollars","POINT (-89.816370742 44.393191174)","Table 12- Orzechowski and Walker, Tax Burden on Tobacco","POL","450POL","450CGS"
"WY","Wyoming","1977","OW","The Tax Burden on Tobacco","Cigarette Sales","5,003,000","$","Dollars","POINT (-108.109830353 43.235541343)","Table 12- Orzechowski and Walker, Tax Burden on Tobacco","POL","450POL","450CGS"
"AL","Alabama","1976","OW","The Tax Burden on Tobacco","Cigarette Sales","50,409,197","$","Dollars","POINT (-86.631860762 32.840571122)","Table 12- Orzechowski and Walker, Tax Burden on Tobacco","POL","450POL","450CGS"
"AK","Alaska","1976","OW","The Tax Burden on Tobacco","Cigarette Sales","4,649,000","$","Dollars","POINT (-147.722059036 64.845079957001)","Table 12- Orzechowski and Walker, Tax Burden on Tobacco","POL","450POL","450CGS"
"AZ","Arizona","1976","OW","The Tax Burden on Tobacco","Cigarette Sales","35,349,459","$","Dollars","POINT (-111.763811277 34.86597028)","Table 12- Orzechowski and Walker, Tax Burden on Tobacco","POL","450POL","450CGS"
"AR","Arkansas","1976","OW","The Tax Burden on Tobacco","Cigarette Sales","44,721,125","$","Dollars","POINT (-92.274490743 34.748650124)","Table 12- Orzechowski and Walker, Tax Burden on Tobacco","POL","450POL","450CGS"
"CA","California","1976","OW","The Tax Burden on Tobacco","Cigarette Sales","271,234,000","$","Dollars","POINT (-120.999999538 37.638640123)","Table 12- Orzechowski and Walker, Tax Burden on Tobacco","POL","450POL","450CGS"
"CO","Colorado","1976","OW","The Tax Burden on Tobacco","Cigarette Sales","33,914,000","$","Dollars","POINT (-106.133610921 38.843840757)","Table 12- Orzechowski and Walker, Tax Burden on Tobacco","POL","450POL","450CGS"
"CT","Connecticut","1976","OW","The Tax Burden on Tobacco","Cigarette Sales","73,701,000","$","Dollars","POINT (-72.649840952 41.56266102)","Table 12- Orzechowski and Walker, Tax Burden on Tobacco","POL","450POL","450CGS"
"DE","Delaware","1976","OW","The Tax Burden on Tobacco","Cigarette Sales","12,409,000","$","Dollars","POINT (-75.577741168 39.008830667)","Table 12- Orzechowski and Walker, Tax Burden on Tobacco","POL","450POL","450CGS"
"DC","District of Columbia","1976","OW","The Tax Burden on Tobacco","Cigarette Sales","10,137,000","$","Dollars","POINT (-77.031961127 38.890371385)","Table 12- Orzechowski and Walker, Tax Burden on Tobacco","POL","450POL","450CGS"
"FL","Florida","1976","OW","The Tax Burden on Tobacco","Cigarette Sales","185,059,000","$","Dollars","POINT (-81.928960539 28.932040377)","Table 12- Orzechowski and Walker, Tax Burden on Tobacco","POL","450POL","450CGS"
"GA","Georgia","1976","OW","The Tax Burden on Tobacco","Cigarette Sales","74,434,653","$","Dollars","POINT (-83.627580346 32.839681093)","Table 12- Orzechowski and Walker, Tax Burden on Tobacco","POL","450POL","450CGS"
"HI","Hawaii","1976","OW","The Tax Burden on Tobacco","Cigarette Sales","8,603,167","$","Dollars","POINT (-157.857749403 21.304850435)","Table 12- Orzechowski and Walker, Tax Burden on Tobacco","POL","450POL","450CGS"
"ID","Idaho","1976","OW","The Tax Burden on Tobacco","Cigarette Sales","9,332,444","$","Dollars","POINT (-114.363730042 43.682630005)","Table 12- Orzechowski and Walker, Tax Burden on Tobacco","POL","450POL","450CGS"
"IL","Illinois","1976","OW","The Tax Burden on Tobacco","Cigarette Sales","178,897,000","$","Dollars","POINT (-88.997710178 40.485010283)","Table 12- Orzechowski and Walker, Tax Burden on Tobacco","POL","450POL","450CGS"
"IN","Indiana","1976","OW","The Tax Burden on Tobacco","Cigarette Sales","53,081,000","$","Dollars","POINT (-86.149960194 39.766910452)","Table 12- Orzechowski and Walker, Tax Burden on Tobacco","POL","450POL","450CGS"
"IA","Iowa","1976","OW","The Tax Burden on Tobacco","Cigarette Sales","46,500,488","$","Dollars","POINT (-93.816490556 42.469400913)","Table 12- Orzechowski and Walker, Tax Burden on Tobacco","POL","450POL","450CGS"
"KS","Kansas","1976","OW","The Tax Burden on Tobacco","Cigarette Sales","32,063,308","$","Dollars","POINT (-98.200781227 38.3477403)","Table 12- Orzechowski and Walker, Tax Burden on Tobacco","POL","450POL","450CGS"
"KY","Kentucky","1976","OW","The Tax Burden on Tobacco","Cigarette Sales","23,527,000","$","Dollars","POINT (-84.774971048 37.645970271)","Table 12- Orzechowski and Walker, Tax Burden on Tobacco","POL","450POL","450CGS"
"LA","Louisiana","1976","OW","The Tax Burden on Tobacco","Cigarette Sales","58,209,458","$","Dollars","POINT (-92.445680071 31.312660644)","Table 12- Orzechowski and Walker, Tax Burden on Tobacco","POL","450POL","450CGS"
"ME","Maine","1976","OW","The Tax Burden on Tobacco","Cigarette Sales","24,549,000","$","Dollars","POINT (-68.985031336 45.254228894001)","Table 12- Orzechowski and Walker, Tax Burden on Tobacco","POL","450POL","450CGS"
"MD","Maryland","1976","OW","The Tax Burden on Tobacco","Cigarette Sales","56,168,000","$","Dollars","POINT (-76.609260111 39.290580964)","Table 12- Orzechowski and Walker, Tax Burden on Tobacco","POL","450POL","450CGS"
"MA","Massachusetts","1976","OW","The Tax Burden on Tobacco","Cigarette Sales","143,083,000","$","Dollars","POINT (-72.082690675 42.27687047)","Table 12- Orzechowski and Walker, Tax Burden on Tobacco","POL","450POL","450CGS"
"MI","Michigan","1976","OW","The Tax Burden on Tobacco","Cigarette Sales","139,015,000","$","Dollars","POINT (-84.71439027 44.661319543001)","Table 12- Orzechowski and Walker, Tax Burden on Tobacco","POL","450POL","450CGS"
"MN","Minnesota","1976","OW","The Tax Burden on Tobacco","Cigarette Sales","82,524,137","$","Dollars","POINT (-94.794200503 46.355648736)","Table 12- Orzechowski and Walker, Tax Burden on Tobacco","POL","450POL","450CGS"
"MS","Mississippi","1976","OW","The Tax Burden on Tobacco","Cigarette Sales","31,194,721","$","Dollars","POINT (-89.538030825 32.745510099)","Table 12- Orzechowski and Walker, Tax Burden on Tobacco","POL","450POL","450CGS"
"MO","Missouri","1976","OW","The Tax Burden on Tobacco","Cigarette Sales","59,808,000","$","Dollars","POINT (-92.566300053 38.635790776)","Table 12- Orzechowski and Walker, Tax Burden on Tobacco","POL","450POL","450CGS"
"MT","Montana","1976","OW","The Tax Burden on Tobacco","Cigarette Sales","11,203,768","$","Dollars","POINT (-109.424420645 47.066528972)","Table 12- Orzechowski and Walker, Tax Burden on Tobacco","POL","450POL","450CGS"
"NE","Nebraska","1976","OW","The Tax Burden on Tobacco","Cigarette Sales","23,744,000","$","Dollars","POINT (-99.365720623 41.641040988001)","Table 12- Orzechowski and Walker, Tax Burden on Tobacco","POL","450POL","450CGS"
"NV","Nevada","1976","OW","The Tax Burden on Tobacco","Cigarette Sales","11,756,000","$","Dollars","POINT (-117.071840564 39.49324039)","Table 12- Orzechowski and Walker, Tax Burden on Tobacco","POL","450POL","450CGS"
"NH","New Hampshire","1976","OW","The Tax Burden on Tobacco","Cigarette Sales","28,508,000","$","Dollars","POINT (-71.50036092 43.655950113)","Table 12- Orzechowski and Walker, Tax Burden on Tobacco","POL","450POL","450CGS"
"NJ","New Jersey","1976","OW","The Tax Burden on Tobacco","Cigarette Sales","170,091,000","$","Dollars","POINT (-74.273691288 40.130570048)","Table 12- Orzechowski and Walker, Tax Burden on Tobacco","POL","450POL","450CGS"
"NM","New Mexico","1976","OW","The Tax Burden on Tobacco","Cigarette Sales","14,101,000","$","Dollars","POINT (-106.240580985 34.520880952)","Table 12- Orzechowski and Walker, Tax Burden on Tobacco","POL","450POL","450CGS"
"NY","New York","1976","OW","The Tax Burden on Tobacco","Cigarette Sales","338,668,000","$","Dollars","POINT (-75.543970427 42.827001032)","Table 12- Orzechowski and Walker, Tax Burden on Tobacco","POL","450POL","450CGS"
"NC","North Carolina","1976","OW","The Tax Burden on Tobacco","Cigarette Sales","25,092,000","$","Dollars","POINT (-79.159250463 35.466220975)","Table 12- Orzechowski and Walker, Tax Burden on Tobacco","POL","450POL","450CGS"
"ND","North Dakota","1976","OW","The Tax Burden on Tobacco","Cigarette Sales","8,760,004","$","Dollars","POINT (-100.118421049 47.475319779)","Table 12- Orzechowski and Walker, Tax Burden on Tobacco","POL","450POL","450CGS"
"OH","Ohio","1976","OW","The Tax Burden on Tobacco","Cigarette Sales","201,135,000","$","Dollars","POINT (-82.404260056 40.060210141)","Table 12- Orzechowski and Walker, Tax Burden on Tobacco","POL","450POL","450CGS"
"OK","Oklahoma","1976","OW","The Tax Burden on Tobacco","Cigarette Sales","48,870,860","$","Dollars","POINT (-97.521070214 35.472031356)","Table 12- Orzechowski and Walker, Tax Burden on Tobacco","POL","450POL","450CGS"
"OR","Oregon","1976","OW","The Tax Burden on Tobacco","Cigarette Sales","32,219,000","$","Dollars","POINT (-120.155031326 44.567449424)","Table 12- Orzechowski and Walker, Tax Burden on Tobacco","POL","450POL","450CGS"
"PA","Pennsylvania","1976","OW","The Tax Burden on Tobacco","Cigarette Sales","252,983,000","$","Dollars","POINT (-77.860700294 40.793730152)","Table 12- Orzechowski and Walker, Tax Burden on Tobacco","POL","450POL","450CGS"
"RI","Rhode Island","1976","OW","The Tax Burden on Tobacco","Cigarette Sales","25,351,000","$","Dollars","POINT (-71.522470314 41.708280193)","Table 12- Orzechowski and Walker, Tax Burden on Tobacco","POL","450POL","450CGS"
"SC","South Carolina","1976","OW","The Tax Burden on Tobacco","Cigarette Sales","23,170,887","$","Dollars","POINT (-81.045371207 33.998821303)","Table 12- Orzechowski and Walker, Tax Burden on Tobacco","POL","450POL","450CGS"
"SD","South Dakota","1976","OW","The Tax Burden on Tobacco","Cigarette Sales","9,561,000","$","Dollars","POINT (-100.373530637 44.353130053)","Table 12- Orzechowski and Walker, Tax Burden on Tobacco","POL","450POL","450CGS"
"TN","Tennessee","1976","OW","The Tax Burden on Tobacco","Cigarette Sales","66,254,203","$","Dollars","POINT (-85.774490914 35.68094058)","Table 12- Orzechowski and Walker, Tax Burden on Tobacco","POL","450POL","450CGS"
"TX","Texas","1976","OW","The Tax Burden on Tobacco","Cigarette Sales","273,166,718","$","Dollars","POINT (-99.426770206 31.827240407)","Table 12- Orzechowski and Walker, Tax Burden on Tobacco","POL","450POL","450CGS"
"UT","Utah","1976","OW","The Tax Burden on Tobacco","Cigarette Sales","7,518,081","$","Dollars","POINT (-111.587130635 39.360700171)","Table 12- Orzechowski and Walker, Tax Burden on Tobacco","POL","450POL","450CGS"
"VT","Vermont","1976","OW","The Tax Burden on Tobacco","Cigarette Sales","9,671,592","$","Dollars","POINT (-72.517640791 43.625381239)","Table 12- Orzechowski and Walker, Tax Burden on Tobacco","POL","450POL","450CGS"
"VA","Virginia","1976","OW","The Tax Burden on Tobacco","Cigarette Sales","19,630,000","$","Dollars","POINT (-78.457890463 37.542680674)","Table 12- Orzechowski and Walker, Tax Burden on Tobacco","POL","450POL","450CGS"
"WA","Washington","1976","OW","The Tax Burden on Tobacco","Cigarette Sales","56,868,365","$","Dollars","POINT (-120.47001079 47.522278629)","Table 12- Orzechowski and Walker, Tax Burden on Tobacco","POL","450POL","450CGS"
"WV","West Virginia","1976","OW","The Tax Burden on Tobacco","Cigarette Sales","28,102,000","$","Dollars","POINT (-80.712640135 38.665510202)","Table 12- Orzechowski and Walker, Tax Burden on Tobacco","POL","450POL","450CGS"
"WI","Wisconsin","1976","OW","The Tax Burden on Tobacco","Cigarette Sales","85,040,000","$","Dollars","POINT (-89.816370742 44.393191174)","Table 12- Orzechowski and Walker, Tax Burden on Tobacco","POL","450POL","450CGS"
"WY","Wyoming","1976","OW","The Tax Burden on Tobacco","Cigarette Sales","4,834,000","$","Dollars","POINT (-108.109830353 43.235541343)","Table 12- Orzechowski and Walker, Tax Burden on Tobacco","POL","450POL","450CGS"
"AL","Alabama","1975","OW","The Tax Burden on Tobacco","Cigarette Sales","47,956,285","$","Dollars","POINT (-86.631860762 32.840571122)","Table 12- Orzechowski and Walker, Tax Burden on Tobacco","POL","450POL","450CGS"
"AK","Alaska","1975","OW","The Tax Burden on Tobacco","Cigarette Sales","4,056,000","$","Dollars","POINT (-147.722059036 64.845079957001)","Table 12- Orzechowski and Walker, Tax Burden on Tobacco","POL","450POL","450CGS"
"AZ","Arizona","1975","OW","The Tax Burden on Tobacco","Cigarette Sales","34,513,342","$","Dollars","POINT (-111.763811277 34.86597028)","Table 12- Orzechowski and Walker, Tax Burden on Tobacco","POL","450POL","450CGS"
"AR","Arkansas","1975","OW","The Tax Burden on Tobacco","Cigarette Sales","42,027,562","$","Dollars","POINT (-92.274490743 34.748650124)","Table 12- Orzechowski and Walker, Tax Burden on Tobacco","POL","450POL","450CGS"
"CA","California","1975","OW","The Tax Burden on Tobacco","Cigarette Sales","265,698,000","$","Dollars","POINT (-120.999999538 37.638640123)","Table 12- Orzechowski and Walker, Tax Burden on Tobacco","POL","450POL","450CGS"
"CO","Colorado","1975","OW","The Tax Burden on Tobacco","Cigarette Sales","32,710,000","$","Dollars","POINT (-106.133610921 38.843840757)","Table 12- Orzechowski and Walker, Tax Burden on Tobacco","POL","450POL","450CGS"
"CT","Connecticut","1975","OW","The Tax Burden on Tobacco","Cigarette Sales","71,458,000","$","Dollars","POINT (-72.649840952 41.56266102)","Table 12- Orzechowski and Walker, Tax Burden on Tobacco","POL","450POL","450CGS"
"DE","Delaware","1975","OW","The Tax Burden on Tobacco","Cigarette Sales","11,847,000","$","Dollars","POINT (-75.577741168 39.008830667)","Table 12- Orzechowski and Walker, Tax Burden on Tobacco","POL","450POL","450CGS"
"DC","District of Columbia","1975","OW","The Tax Burden on Tobacco","Cigarette Sales","7,640,000","$","Dollars","POINT (-77.031961127 38.890371385)","Table 12- Orzechowski and Walker, Tax Burden on Tobacco","POL","450POL","450CGS"
"FL","Florida","1975","OW","The Tax Burden on Tobacco","Cigarette Sales","181,452,000","$","Dollars","POINT (-81.928960539 28.932040377)","Table 12- Orzechowski and Walker, Tax Burden on Tobacco","POL","450POL","450CGS"
"GA","Georgia","1975","OW","The Tax Burden on Tobacco","Cigarette Sales","72,017,668","$","Dollars","POINT (-83.627580346 32.839681093)","Table 12- Orzechowski and Walker, Tax Burden on Tobacco","POL","450POL","450CGS"
"HI","Hawaii","1975","OW","The Tax Burden on Tobacco","Cigarette Sales","7,825,482","$","Dollars","POINT (-157.857749403 21.304850435)","Table 12- Orzechowski and Walker, Tax Burden on Tobacco","POL","450POL","450CGS"
"ID","Idaho","1975","OW","The Tax Burden on Tobacco","Cigarette Sales","8,966,803","$","Dollars","POINT (-114.363730042 43.682630005)","Table 12- Orzechowski and Walker, Tax Burden on Tobacco","POL","450POL","450CGS"
"IL","Illinois","1975","OW","The Tax Burden on Tobacco","Cigarette Sales","174,745,000","$","Dollars","POINT (-88.997710178 40.485010283)","Table 12- Orzechowski and Walker, Tax Burden on Tobacco","POL","450POL","450CGS"
"IN","Indiana","1975","OW","The Tax Burden on Tobacco","Cigarette Sales","51,934,000","$","Dollars","POINT (-86.149960194 39.766910452)","Table 12- Orzechowski and Walker, Tax Burden on Tobacco","POL","450POL","450CGS"
"IA","Iowa","1975","OW","The Tax Burden on Tobacco","Cigarette Sales","44,851,832","$","Dollars","POINT (-93.816490556 42.469400913)","Table 12- Orzechowski and Walker, Tax Burden on Tobacco","POL","450POL","450CGS"
"KS","Kansas","1975","OW","The Tax Burden on Tobacco","Cigarette Sales","30,820,823","$","Dollars","POINT (-98.200781227 38.3477403)","Table 12- Orzechowski and Walker, Tax Burden on Tobacco","POL","450POL","450CGS"
"KY","Kentucky","1975","OW","The Tax Burden on Tobacco","Cigarette Sales","22,457,000","$","Dollars","POINT (-84.774971048 37.645970271)","Table 12- Orzechowski and Walker, Tax Burden on Tobacco","POL","450POL","450CGS"
"LA","Louisiana","1975","OW","The Tax Burden on Tobacco","Cigarette Sales","55,323,480","$","Dollars","POINT (-92.445680071 31.312660644)","Table 12- Orzechowski and Walker, Tax Burden on Tobacco","POL","450POL","450CGS"
"ME","Maine","1975","OW","The Tax Burden on Tobacco","Cigarette Sales","23,565,000","$","Dollars","POINT (-68.985031336 45.254228894001)","Table 12- Orzechowski and Walker, Tax Burden on Tobacco","POL","450POL","450CGS"
"MD","Maryland","1975","OW","The Tax Burden on Tobacco","Cigarette Sales","38,263,000","$","Dollars","POINT (-76.609260111 39.290580964)","Table 12- Orzechowski and Walker, Tax Burden on Tobacco","POL","450POL","450CGS"
"MA","Massachusetts","1975","OW","The Tax Burden on Tobacco","Cigarette Sales","117,057,000","$","Dollars","POINT (-72.082690675 42.27687047)","Table 12- Orzechowski and Walker, Tax Burden on Tobacco","POL","450POL","450CGS"
"MI","Michigan","1975","OW","The Tax Burden on Tobacco","Cigarette Sales","136,929,000","$","Dollars","POINT (-84.71439027 44.661319543001)","Table 12- Orzechowski and Walker, Tax Burden on Tobacco","POL","450POL","450CGS"
"MN","Minnesota","1975","OW","The Tax Burden on Tobacco","Cigarette Sales","78,648,180","$","Dollars","POINT (-94.794200503 46.355648736)","Table 12- Orzechowski and Walker, Tax Burden on Tobacco","POL","450POL","450CGS"
"MS","Mississippi","1975","OW","The Tax Burden on Tobacco","Cigarette Sales","29,870,336","$","Dollars","POINT (-89.538030825 32.745510099)","Table 12- Orzechowski and Walker, Tax Burden on Tobacco","POL","450POL","450CGS"
"MO","Missouri","1975","OW","The Tax Burden on Tobacco","Cigarette Sales","58,307,000","$","Dollars","POINT (-92.566300053 38.635790776)","Table 12- Orzechowski and Walker, Tax Burden on Tobacco","POL","450POL","450CGS"
"MT","Montana","1975","OW","The Tax Burden on Tobacco","Cigarette Sales","10,908,482","$","Dollars","POINT (-109.424420645 47.066528972)","Table 12- Orzechowski and Walker, Tax Burden on Tobacco","POL","450POL","450CGS"
"NE","Nebraska","1975","OW","The Tax Burden on Tobacco","Cigarette Sales","22,892,000","$","Dollars","POINT (-99.365720623 41.641040988001)","Table 12- Orzechowski and Walker, Tax Burden on Tobacco","POL","450POL","450CGS"
"NV","Nevada","1975","OW","The Tax Burden on Tobacco","Cigarette Sales","11,665,000","$","Dollars","POINT (-117.071840564 39.49324039)","Table 12- Orzechowski and Walker, Tax Burden on Tobacco","POL","450POL","450CGS"
"NH","New Hampshire","1975","OW","The Tax Burden on Tobacco","Cigarette Sales","23,912,882","$","Dollars","POINT (-71.50036092 43.655950113)","Table 12- Orzechowski and Walker, Tax Burden on Tobacco","POL","450POL","450CGS"
"NJ","New Jersey","1975","OW","The Tax Burden on Tobacco","Cigarette Sales","170,266,000","$","Dollars","POINT (-74.273691288 40.130570048)","Table 12- Orzechowski and Walker, Tax Burden on Tobacco","POL","450POL","450CGS"
"NM","New Mexico","1975","OW","The Tax Burden on Tobacco","Cigarette Sales","13,876,000","$","Dollars","POINT (-106.240580985 34.520880952)","Table 12- Orzechowski and Walker, Tax Burden on Tobacco","POL","450POL","450CGS"
"NY","New York","1975","OW","The Tax Burden on Tobacco","Cigarette Sales","336,549,000","$","Dollars","POINT (-75.543970427 42.827001032)","Table 12- Orzechowski and Walker, Tax Burden on Tobacco","POL","450POL","450CGS"
"NC","North Carolina","1975","OW","The Tax Burden on Tobacco","Cigarette Sales","24,238,000","$","Dollars","POINT (-79.159250463 35.466220975)","Table 12- Orzechowski and Walker, Tax Burden on Tobacco","POL","450POL","450CGS"
"ND","North Dakota","1975","OW","The Tax Burden on Tobacco","Cigarette Sales","8,260,851","$","Dollars","POINT (-100.118421049 47.475319779)","Table 12- Orzechowski and Walker, Tax Burden on Tobacco","POL","450POL","450CGS"
"OH","Ohio","1975","OW","The Tax Burden on Tobacco","Cigarette Sales","197,352,000","$","Dollars","POINT (-82.404260056 40.060210141)","Table 12- Orzechowski and Walker, Tax Burden on Tobacco","POL","450POL","450CGS"
"OK","Oklahoma","1975","OW","The Tax Burden on Tobacco","Cigarette Sales","46,797,075","$","Dollars","POINT (-97.521070214 35.472031356)","Table 12- Orzechowski and Walker, Tax Burden on Tobacco","POL","450POL","450CGS"
"OR","Oregon","1975","OW","The Tax Burden on Tobacco","Cigarette Sales","31,489,000","$","Dollars","POINT (-120.155031326 44.567449424)","Table 12- Orzechowski and Walker, Tax Burden on Tobacco","POL","450POL","450CGS"
"PA","Pennsylvania","1975","OW","The Tax Burden on Tobacco","Cigarette Sales","244,757,000","$","Dollars","POINT (-77.860700294 40.793730152)","Table 12- Orzechowski and Walker, Tax Burden on Tobacco","POL","450POL","450CGS"
"RI","Rhode Island","1975","OW","The Tax Burden on Tobacco","Cigarette Sales","19,352,000","$","Dollars","POINT (-71.522470314 41.708280193)","Table 12- Orzechowski and Walker, Tax Burden on Tobacco","POL","450POL","450CGS"
"SC","South Carolina","1975","OW","The Tax Burden on Tobacco","Cigarette Sales","21,800,180","$","Dollars","POINT (-81.045371207 33.998821303)","Table 12- Orzechowski and Walker, Tax Burden on Tobacco","POL","450POL","450CGS"
"SD","South Dakota","1975","OW","The Tax Burden on Tobacco","Cigarette Sales","9,283,000","$","Dollars","POINT (-100.373530637 44.353130053)","Table 12- Orzechowski and Walker, Tax Burden on Tobacco","POL","450POL","450CGS"
"TN","Tennessee","1975","OW","The Tax Burden on Tobacco","Cigarette Sales","62,998,951","$","Dollars","POINT (-85.774490914 35.68094058)","Table 12- Orzechowski and Walker, Tax Burden on Tobacco","POL","450POL","450CGS"
"TX","Texas","1975","OW","The Tax Burden on Tobacco","Cigarette Sales","256,967,461","$","Dollars","POINT (-99.426770206 31.827240407)","Table 12- Orzechowski and Walker, Tax Burden on Tobacco","POL","450POL","450CGS"
"UT","Utah","1975","OW","The Tax Burden on Tobacco","Cigarette Sales","7,111,247","$","Dollars","POINT (-111.587130635 39.360700171)","Table 12- Orzechowski and Walker, Tax Burden on Tobacco","POL","450POL","450CGS"
"VT","Vermont","1975","OW","The Tax Burden on Tobacco","Cigarette Sales","8,776,260","$","Dollars","POINT (-72.517640791 43.625381239)","Table 12- Orzechowski and Walker, Tax Burden on Tobacco","POL","450POL","450CGS"
"VA","Virginia","1975","OW","The Tax Burden on Tobacco","Cigarette Sales","18,736,000","$","Dollars","POINT (-78.457890463 37.542680674)","Table 12- Orzechowski and Walker, Tax Burden on Tobacco","POL","450POL","450CGS"
"WA","Washington","1975","OW","The Tax Burden on Tobacco","Cigarette Sales","55,315,200","$","Dollars","POINT (-120.47001079 47.522278629)","Table 12- Orzechowski and Walker, Tax Burden on Tobacco","POL","450POL","450CGS"
"WV","West Virginia","1975","OW","The Tax Burden on Tobacco","Cigarette Sales","26,495,000","$","Dollars","POINT (-80.712640135 38.665510202)","Table 12- Orzechowski and Walker, Tax Burden on Tobacco","POL","450POL","450CGS"
"WI","Wisconsin","1975","OW","The Tax Burden on Tobacco","Cigarette Sales","82,735,000","$","Dollars","POINT (-89.816370742 44.393191174)","Table 12- Orzechowski and Walker, Tax Burden on Tobacco","POL","450POL","450CGS"
"WY","Wyoming","1975","OW","The Tax Burden on Tobacco","Cigarette Sales","4,614,000","$","Dollars","POINT (-108.109830353 43.235541343)","Table 12- Orzechowski and Walker, Tax Burden on Tobacco","POL","450POL","450CGS"
"AL","Alabama","1974","OW","The Tax Burden on Tobacco","Cigarette Sales","45,943,402","$","Dollars","POINT (-86.631860762 32.840571122)","Table 12- Orzechowski and Walker, Tax Burden on Tobacco","POL","450POL","450CGS"
"AK","Alaska","1974","OW","The Tax Burden on Tobacco","Cigarette Sales","3,444,000","$","Dollars","POINT (-147.722059036 64.845079957001)","Table 12- Orzechowski and Walker, Tax Burden on Tobacco","POL","450POL","450CGS"
"AZ","Arizona","1974","OW","The Tax Burden on Tobacco","Cigarette Sales","27,387,025","$","Dollars","POINT (-111.763811277 34.86597028)","Table 12- Orzechowski and Walker, Tax Burden on Tobacco","POL","450POL","450CGS"
"AR","Arkansas","1974","OW","The Tax Burden on Tobacco","Cigarette Sales","39,654,387","$","Dollars","POINT (-92.274490743 34.748650124)","Table 12- Orzechowski and Walker, Tax Burden on Tobacco","POL","450POL","450CGS"
"CA","California","1974","OW","The Tax Burden on Tobacco","Cigarette Sales","261,029,000","$","Dollars","POINT (-120.999999538 37.638640123)","Table 12- Orzechowski and Walker, Tax Burden on Tobacco","POL","450POL","450CGS"
"CO","Colorado","1974","OW","The Tax Burden on Tobacco","Cigarette Sales","32,364,000","$","Dollars","POINT (-106.133610921 38.843840757)","Table 12- Orzechowski and Walker, Tax Burden on Tobacco","POL","450POL","450CGS"
"CT","Connecticut","1974","OW","The Tax Burden on Tobacco","Cigarette Sales","72,582,000","$","Dollars","POINT (-72.649840952 41.56266102)","Table 12- Orzechowski and Walker, Tax Burden on Tobacco","POL","450POL","450CGS"
"DE","Delaware","1974","OW","The Tax Burden on Tobacco","Cigarette Sales","12,206,000","$","Dollars","POINT (-75.577741168 39.008830667)","Table 12- Orzechowski and Walker, Tax Burden on Tobacco","POL","450POL","450CGS"
"DC","District of Columbia","1974","OW","The Tax Burden on Tobacco","Cigarette Sales","8,165,000","$","Dollars","POINT (-77.031961127 38.890371385)","Table 12- Orzechowski and Walker, Tax Burden on Tobacco","POL","450POL","450CGS"
"FL","Florida","1974","OW","The Tax Burden on Tobacco","Cigarette Sales","177,469,000","$","Dollars","POINT (-81.928960539 28.932040377)","Table 12- Orzechowski and Walker, Tax Burden on Tobacco","POL","450POL","450CGS"
"GA","Georgia","1974","OW","The Tax Burden on Tobacco","Cigarette Sales","71,030,901","$","Dollars","POINT (-83.627580346 32.839681093)","Table 12- Orzechowski and Walker, Tax Burden on Tobacco","POL","450POL","450CGS"
"HI","Hawaii","1974","OW","The Tax Burden on Tobacco","Cigarette Sales","7,429,637","$","Dollars","POINT (-157.857749403 21.304850435)","Table 12- Orzechowski and Walker, Tax Burden on Tobacco","POL","450POL","450CGS"
"ID","Idaho","1974","OW","The Tax Burden on Tobacco","Cigarette Sales","8,804,939","$","Dollars","POINT (-114.363730042 43.682630005)","Table 12- Orzechowski and Walker, Tax Burden on Tobacco","POL","450POL","450CGS"
"IL","Illinois","1974","OW","The Tax Burden on Tobacco","Cigarette Sales","175,365,000","$","Dollars","POINT (-88.997710178 40.485010283)","Table 12- Orzechowski and Walker, Tax Burden on Tobacco","POL","450POL","450CGS"
"IN","Indiana","1974","OW","The Tax Burden on Tobacco","Cigarette Sales","50,996,000","$","Dollars","POINT (-86.149960194 39.766910452)","Table 12- Orzechowski and Walker, Tax Burden on Tobacco","POL","450POL","450CGS"
"IA","Iowa","1974","OW","The Tax Burden on Tobacco","Cigarette Sales","43,975,775","$","Dollars","POINT (-93.816490556 42.469400913)","Table 12- Orzechowski and Walker, Tax Burden on Tobacco","POL","450POL","450CGS"
"KS","Kansas","1974","OW","The Tax Burden on Tobacco","Cigarette Sales","29,740,692","$","Dollars","POINT (-98.200781227 38.3477403)","Table 12- Orzechowski and Walker, Tax Burden on Tobacco","POL","450POL","450CGS"
"KY","Kentucky","1974","OW","The Tax Burden on Tobacco","Cigarette Sales","21,292,000","$","Dollars","POINT (-84.774971048 37.645970271)","Table 12- Orzechowski and Walker, Tax Burden on Tobacco","POL","450POL","450CGS"
"LA","Louisiana","1974","OW","The Tax Burden on Tobacco","Cigarette Sales","53,786,141","$","Dollars","POINT (-92.445680071 31.312660644)","Table 12- Orzechowski and Walker, Tax Burden on Tobacco","POL","450POL","450CGS"
"ME","Maine","1974","OW","The Tax Burden on Tobacco","Cigarette Sales","20,452,000","$","Dollars","POINT (-68.985031336 45.254228894001)","Table 12- Orzechowski and Walker, Tax Burden on Tobacco","POL","450POL","450CGS"
"MD","Maryland","1974","OW","The Tax Burden on Tobacco","Cigarette Sales","35,351,000","$","Dollars","POINT (-76.609260111 39.290580964)","Table 12- Orzechowski and Walker, Tax Burden on Tobacco","POL","450POL","450CGS"
"MA","Massachusetts","1974","OW","The Tax Burden on Tobacco","Cigarette Sales","115,663,000","$","Dollars","POINT (-72.082690675 42.27687047)","Table 12- Orzechowski and Walker, Tax Burden on Tobacco","POL","450POL","450CGS"
"MI","Michigan","1974","OW","The Tax Burden on Tobacco","Cigarette Sales","138,116,000","$","Dollars","POINT (-84.71439027 44.661319543001)","Table 12- Orzechowski and Walker, Tax Burden on Tobacco","POL","450POL","450CGS"
"MN","Minnesota","1974","OW","The Tax Burden on Tobacco","Cigarette Sales","77,610,293","$","Dollars","POINT (-94.794200503 46.355648736)","Table 12- Orzechowski and Walker, Tax Burden on Tobacco","POL","450POL","450CGS"
"MS","Mississippi","1974","OW","The Tax Burden on Tobacco","Cigarette Sales","29,390,709","$","Dollars","POINT (-89.538030825 32.745510099)","Table 12- Orzechowski and Walker, Tax Burden on Tobacco","POL","450POL","450CGS"
"MO","Missouri","1974","OW","The Tax Burden on Tobacco","Cigarette Sales","57,975,000","$","Dollars","POINT (-92.566300053 38.635790776)","Table 12- Orzechowski and Walker, Tax Burden on Tobacco","POL","450POL","450CGS"
"MT","Montana","1974","OW","The Tax Burden on Tobacco","Cigarette Sales","10,549,226","$","Dollars","POINT (-109.424420645 47.066528972)","Table 12- Orzechowski and Walker, Tax Burden on Tobacco","POL","450POL","450CGS"
"NE","Nebraska","1974","OW","The Tax Burden on Tobacco","Cigarette Sales","22,153,000","$","Dollars","POINT (-99.365720623 41.641040988001)","Table 12- Orzechowski and Walker, Tax Burden on Tobacco","POL","450POL","450CGS"
"NV","Nevada","1974","OW","The Tax Burden on Tobacco","Cigarette Sales","11,130,000","$","Dollars","POINT (-117.071840564 39.49324039)","Table 12- Orzechowski and Walker, Tax Burden on Tobacco","POL","450POL","450CGS"
"NH","New Hampshire","1974","OW","The Tax Burden on Tobacco","Cigarette Sales","23,476,872","$","Dollars","POINT (-71.50036092 43.655950113)","Table 12- Orzechowski and Walker, Tax Burden on Tobacco","POL","450POL","450CGS"
"NJ","New Jersey","1974","OW","The Tax Burden on Tobacco","Cigarette Sales","169,724,000","$","Dollars","POINT (-74.273691288 40.130570048)","Table 12- Orzechowski and Walker, Tax Burden on Tobacco","POL","450POL","450CGS"
"NM","New Mexico","1974","OW","The Tax Burden on Tobacco","Cigarette Sales","13,252,000","$","Dollars","POINT (-106.240580985 34.520880952)","Table 12- Orzechowski and Walker, Tax Burden on Tobacco","POL","450POL","450CGS"
"NY","New York","1974","OW","The Tax Burden on Tobacco","Cigarette Sales","333,255,000","$","Dollars","POINT (-75.543970427 42.827001032)","Table 12- Orzechowski and Walker, Tax Burden on Tobacco","POL","450POL","450CGS"
"NC","North Carolina","1974","OW","The Tax Burden on Tobacco","Cigarette Sales","23,973,000","$","Dollars","POINT (-79.159250463 35.466220975)","Table 12- Orzechowski and Walker, Tax Burden on Tobacco","POL","450POL","450CGS"
"ND","North Dakota","1974","OW","The Tax Burden on Tobacco","Cigarette Sales","7,779,886","$","Dollars","POINT (-100.118421049 47.475319779)","Table 12- Orzechowski and Walker, Tax Burden on Tobacco","POL","450POL","450CGS"
"OH","Ohio","1974","OW","The Tax Burden on Tobacco","Cigarette Sales","196,578,000","$","Dollars","POINT (-82.404260056 40.060210141)","Table 12- Orzechowski and Walker, Tax Burden on Tobacco","POL","450POL","450CGS"
"OK","Oklahoma","1974","OW","The Tax Burden on Tobacco","Cigarette Sales","45,178,513","$","Dollars","POINT (-97.521070214 35.472031356)","Table 12- Orzechowski and Walker, Tax Burden on Tobacco","POL","450POL","450CGS"
"OR","Oregon","1974","OW","The Tax Burden on Tobacco","Cigarette Sales","31,199,000","$","Dollars","POINT (-120.155031326 44.567449424)","Table 12- Orzechowski and Walker, Tax Burden on Tobacco","POL","450POL","450CGS"
"PA","Pennsylvania","1974","OW","The Tax Burden on Tobacco","Cigarette Sales","244,659,000","$","Dollars","POINT (-77.860700294 40.793730152)","Table 12- Orzechowski and Walker, Tax Burden on Tobacco","POL","450POL","450CGS"
"RI","Rhode Island","1974","OW","The Tax Burden on Tobacco","Cigarette Sales","18,482,269","$","Dollars","POINT (-71.522470314 41.708280193)","Table 12- Orzechowski and Walker, Tax Burden on Tobacco","POL","450POL","450CGS"
"SC","South Carolina","1974","OW","The Tax Burden on Tobacco","Cigarette Sales","21,209,852","$","Dollars","POINT (-81.045371207 33.998821303)","Table 12- Orzechowski and Walker, Tax Burden on Tobacco","POL","450POL","450CGS"
"SD","South Dakota","1974","OW","The Tax Burden on Tobacco","Cigarette Sales","8,909,000","$","Dollars","POINT (-100.373530637 44.353130053)","Table 12- Orzechowski and Walker, Tax Burden on Tobacco","POL","450POL","450CGS"
"TN","Tennessee","1974","OW","The Tax Burden on Tobacco","Cigarette Sales","61,589,439","$","Dollars","POINT (-85.774490914 35.68094058)","Table 12- Orzechowski and Walker, Tax Burden on Tobacco","POL","450POL","450CGS"
"TX","Texas","1974","OW","The Tax Burden on Tobacco","Cigarette Sales","248,277,976","$","Dollars","POINT (-99.426770206 31.827240407)","Table 12- Orzechowski and Walker, Tax Burden on Tobacco","POL","450POL","450CGS"
"UT","Utah","1974","OW","The Tax Burden on Tobacco","Cigarette Sales","6,993,604","$","Dollars","POINT (-111.587130635 39.360700171)","Table 12- Orzechowski and Walker, Tax Burden on Tobacco","POL","450POL","450CGS"
"VT","Vermont","1974","OW","The Tax Burden on Tobacco","Cigarette Sales","8,454,155","$","Dollars","POINT (-72.517640791 43.625381239)","Table 12- Orzechowski and Walker, Tax Burden on Tobacco","POL","450POL","450CGS"
"VA","Virginia","1974","OW","The Tax Burden on Tobacco","Cigarette Sales","17,997,000","$","Dollars","POINT (-78.457890463 37.542680674)","Table 12- Orzechowski and Walker, Tax Burden on Tobacco","POL","450POL","450CGS"
"WA","Washington","1974","OW","The Tax Burden on Tobacco","Cigarette Sales","54,106,070","$","Dollars","POINT (-120.47001079 47.522278629)","Table 12- Orzechowski and Walker, Tax Burden on Tobacco","POL","450POL","450CGS"
"WV","West Virginia","1974","OW","The Tax Burden on Tobacco","Cigarette Sales","25,830,000","$","Dollars","POINT (-80.712640135 38.665510202)","Table 12- Orzechowski and Walker, Tax Burden on Tobacco","POL","450POL","450CGS"
"WI","Wisconsin","1974","OW","The Tax Burden on Tobacco","Cigarette Sales","81,904,000","$","Dollars","POINT (-89.816370742 44.393191174)","Table 12- Orzechowski and Walker, Tax Burden on Tobacco","POL","450POL","450CGS"
"WY","Wyoming","1974","OW","The Tax Burden on Tobacco","Cigarette Sales","4,117,000","$","Dollars","POINT (-108.109830353 43.235541343)","Table 12- Orzechowski and Walker, Tax Burden on Tobacco","POL","450POL","450CGS"
"AL","Alabama","1973","OW","The Tax Burden on Tobacco","Cigarette Sales","43,328,876","$","Dollars","POINT (-86.631860762 32.840571122)","Table 12- Orzechowski and Walker, Tax Burden on Tobacco","POL","450POL","450CGS"
"AK","Alaska","1973","OW","The Tax Burden on Tobacco","Cigarette Sales","3,274,000","$","Dollars","POINT (-147.722059036 64.845079957001)","Table 12- Orzechowski and Walker, Tax Burden on Tobacco","POL","450POL","450CGS"
"AZ","Arizona","1973","OW","The Tax Burden on Tobacco","Cigarette Sales","24,963,408","$","Dollars","POINT (-111.763811277 34.86597028)","Table 12- Orzechowski and Walker, Tax Burden on Tobacco","POL","450POL","450CGS"
"AR","Arkansas","1973","OW","The Tax Burden on Tobacco","Cigarette Sales","37,917,550","$","Dollars","POINT (-92.274490743 34.748650124)","Table 12- Orzechowski and Walker, Tax Burden on Tobacco","POL","450POL","450CGS"
"CA","California","1973","OW","The Tax Burden on Tobacco","Cigarette Sales","254,630,000","$","Dollars","POINT (-120.999999538 37.638640123)","Table 12- Orzechowski and Walker, Tax Burden on Tobacco","POL","450POL","450CGS"
"CO","Colorado","1973","OW","The Tax Burden on Tobacco","Cigarette Sales","16,255,000","$","Dollars","POINT (-106.133610921 38.843840757)","Table 12- Orzechowski and Walker, Tax Burden on Tobacco","POL","450POL","450CGS"
"CT","Connecticut","1973","OW","The Tax Burden on Tobacco","Cigarette Sales","70,720,000","$","Dollars","POINT (-72.649840952 41.56266102)","Table 12- Orzechowski and Walker, Tax Burden on Tobacco","POL","450POL","450CGS"
"DE","Delaware","1973","OW","The Tax Burden on Tobacco","Cigarette Sales","12,236,000","$","Dollars","POINT (-75.577741168 39.008830667)","Table 12- Orzechowski and Walker, Tax Burden on Tobacco","POL","450POL","450CGS"
"DC","District of Columbia","1973","OW","The Tax Burden on Tobacco","Cigarette Sales","8,022,000","$","Dollars","POINT (-77.031961127 38.890371385)","Table 12- Orzechowski and Walker, Tax Burden on Tobacco","POL","450POL","450CGS"
"FL","Florida","1973","OW","The Tax Burden on Tobacco","Cigarette Sales","163,632,000","$","Dollars","POINT (-81.928960539 28.932040377)","Table 12- Orzechowski and Walker, Tax Burden on Tobacco","POL","450POL","450CGS"
"GA","Georgia","1973","OW","The Tax Burden on Tobacco","Cigarette Sales","67,860,659","$","Dollars","POINT (-83.627580346 32.839681093)","Table 12- Orzechowski and Walker, Tax Burden on Tobacco","POL","450POL","450CGS"
"HI","Hawaii","1973","OW","The Tax Burden on Tobacco","Cigarette Sales","6,406,178","$","Dollars","POINT (-157.857749403 21.304850435)","Table 12- Orzechowski and Walker, Tax Burden on Tobacco","POL","450POL","450CGS"
"ID","Idaho","1973","OW","The Tax Burden on Tobacco","Cigarette Sales","8,492,314","$","Dollars","POINT (-114.363730042 43.682630005)","Table 12- Orzechowski and Walker, Tax Burden on Tobacco","POL","450POL","450CGS"
"IL","Illinois","1973","OW","The Tax Burden on Tobacco","Cigarette Sales","167,279,000","$","Dollars","POINT (-88.997710178 40.485010283)","Table 12- Orzechowski and Walker, Tax Burden on Tobacco","POL","450POL","450CGS"
"IN","Indiana","1973","OW","The Tax Burden on Tobacco","Cigarette Sales","49,554,000","$","Dollars","POINT (-86.149960194 39.766910452)","Table 12- Orzechowski and Walker, Tax Burden on Tobacco","POL","450POL","450CGS"
"IA","Iowa","1973","OW","The Tax Burden on Tobacco","Cigarette Sales","41,441,346","$","Dollars","POINT (-93.816490556 42.469400913)","Table 12- Orzechowski and Walker, Tax Burden on Tobacco","POL","450POL","450CGS"
"KS","Kansas","1973","OW","The Tax Burden on Tobacco","Cigarette Sales","28,610,492","$","Dollars","POINT (-98.200781227 38.3477403)","Table 12- Orzechowski and Walker, Tax Burden on Tobacco","POL","450POL","450CGS"
"KY","Kentucky","1973","OW","The Tax Burden on Tobacco","Cigarette Sales","19,983,000","$","Dollars","POINT (-84.774971048 37.645970271)","Table 12- Orzechowski and Walker, Tax Burden on Tobacco","POL","450POL","450CGS"
"LA","Louisiana","1973","OW","The Tax Burden on Tobacco","Cigarette Sales","51,867,876","$","Dollars","POINT (-92.445680071 31.312660644)","Table 12- Orzechowski and Walker, Tax Burden on Tobacco","POL","450POL","450CGS"
"ME","Maine","1973","OW","The Tax Burden on Tobacco","Cigarette Sales","19,885,000","$","Dollars","POINT (-68.985031336 45.254228894001)","Table 12- Orzechowski and Walker, Tax Burden on Tobacco","POL","450POL","450CGS"
"MD","Maryland","1973","OW","The Tax Burden on Tobacco","Cigarette Sales","33,419,000","$","Dollars","POINT (-76.609260111 39.290580964)","Table 12- Orzechowski and Walker, Tax Burden on Tobacco","POL","450POL","450CGS"
"MA","Massachusetts","1973","OW","The Tax Burden on Tobacco","Cigarette Sales","112,178,000","$","Dollars","POINT (-72.082690675 42.27687047)","Table 12- Orzechowski and Walker, Tax Burden on Tobacco","POL","450POL","450CGS"
"MI","Michigan","1973","OW","The Tax Burden on Tobacco","Cigarette Sales","133,604,000","$","Dollars","POINT (-84.71439027 44.661319543001)","Table 12- Orzechowski and Walker, Tax Burden on Tobacco","POL","450POL","450CGS"
"MN","Minnesota","1973","OW","The Tax Burden on Tobacco","Cigarette Sales","74,855,664","$","Dollars","POINT (-94.794200503 46.355648736)","Table 12- Orzechowski and Walker, Tax Burden on Tobacco","POL","450POL","450CGS"
"MS","Mississippi","1973","OW","The Tax Burden on Tobacco","Cigarette Sales","23,431,124","$","Dollars","POINT (-89.538030825 32.745510099)","Table 12- Orzechowski and Walker, Tax Burden on Tobacco","POL","450POL","450CGS"
"MO","Missouri","1973","OW","The Tax Burden on Tobacco","Cigarette Sales","56,509,000","$","Dollars","POINT (-92.566300053 38.635790776)","Table 12- Orzechowski and Walker, Tax Burden on Tobacco","POL","450POL","450CGS"
"MT","Montana","1973","OW","The Tax Burden on Tobacco","Cigarette Sales","10,343,716","$","Dollars","POINT (-109.424420645 47.066528972)","Table 12- Orzechowski and Walker, Tax Burden on Tobacco","POL","450POL","450CGS"
"NE","Nebraska","1973","OW","The Tax Burden on Tobacco","Cigarette Sales","21,119,000","$","Dollars","POINT (-99.365720623 41.641040988001)","Table 12- Orzechowski and Walker, Tax Burden on Tobacco","POL","450POL","450CGS"
"NV","Nevada","1973","OW","The Tax Burden on Tobacco","Cigarette Sales","10,546,000","$","Dollars","POINT (-117.071840564 39.49324039)","Table 12- Orzechowski and Walker, Tax Burden on Tobacco","POL","450POL","450CGS"
"NH","New Hampshire","1973","OW","The Tax Burden on Tobacco","Cigarette Sales","23,666,198","$","Dollars","POINT (-71.50036092 43.655950113)","Table 12- Orzechowski and Walker, Tax Burden on Tobacco","POL","450POL","450CGS"
"NJ","New Jersey","1973","OW","The Tax Burden on Tobacco","Cigarette Sales","168,261,000","$","Dollars","POINT (-74.273691288 40.130570048)","Table 12- Orzechowski and Walker, Tax Burden on Tobacco","POL","450POL","450CGS"
"NM","New Mexico","1973","OW","The Tax Burden on Tobacco","Cigarette Sales","12,574,000","$","Dollars","POINT (-106.240580985 34.520880952)","Table 12- Orzechowski and Walker, Tax Burden on Tobacco","POL","450POL","450CGS"
"NY","New York","1973","OW","The Tax Burden on Tobacco","Cigarette Sales","327,192,000","$","Dollars","POINT (-75.543970427 42.827001032)","Table 12- Orzechowski and Walker, Tax Burden on Tobacco","POL","450POL","450CGS"
"NC","North Carolina","1973","OW","The Tax Burden on Tobacco","Cigarette Sales","23,623,000","$","Dollars","POINT (-79.159250463 35.466220975)","Table 12- Orzechowski and Walker, Tax Burden on Tobacco","POL","450POL","450CGS"
"ND","North Dakota","1973","OW","The Tax Burden on Tobacco","Cigarette Sales","7,599,262","$","Dollars","POINT (-100.118421049 47.475319779)","Table 12- Orzechowski and Walker, Tax Burden on Tobacco","POL","450POL","450CGS"
"OH","Ohio","1973","OW","The Tax Burden on Tobacco","Cigarette Sales","194,891,000","$","Dollars","POINT (-82.404260056 40.060210141)","Table 12- Orzechowski and Walker, Tax Burden on Tobacco","POL","450POL","450CGS"
"OK","Oklahoma","1973","OW","The Tax Burden on Tobacco","Cigarette Sales","42,488,076","$","Dollars","POINT (-97.521070214 35.472031356)","Table 12- Orzechowski and Walker, Tax Burden on Tobacco","POL","450POL","450CGS"
"OR","Oregon","1973","OW","The Tax Burden on Tobacco","Cigarette Sales","30,495,000","$","Dollars","POINT (-120.155031326 44.567449424)","Table 12- Orzechowski and Walker, Tax Burden on Tobacco","POL","450POL","450CGS"
"PA","Pennsylvania","1973","OW","The Tax Burden on Tobacco","Cigarette Sales","237,602,000","$","Dollars","POINT (-77.860700294 40.793730152)","Table 12- Orzechowski and Walker, Tax Burden on Tobacco","POL","450POL","450CGS"
"RI","Rhode Island","1973","OW","The Tax Burden on Tobacco","Cigarette Sales","17,872,822","$","Dollars","POINT (-71.522470314 41.708280193)","Table 12- Orzechowski and Walker, Tax Burden on Tobacco","POL","450POL","450CGS"
"SC","South Carolina","1973","OW","The Tax Burden on Tobacco","Cigarette Sales","20,383,460","$","Dollars","POINT (-81.045371207 33.998821303)","Table 12- Orzechowski and Walker, Tax Burden on Tobacco","POL","450POL","450CGS"
"SD","South Dakota","1973","OW","The Tax Burden on Tobacco","Cigarette Sales","8,438,000","$","Dollars","POINT (-100.373530637 44.353130053)","Table 12- Orzechowski and Walker, Tax Burden on Tobacco","POL","450POL","450CGS"
"TN","Tennessee","1973","OW","The Tax Burden on Tobacco","Cigarette Sales","57,504,328","$","Dollars","POINT (-85.774490914 35.68094058)","Table 12- Orzechowski and Walker, Tax Burden on Tobacco","POL","450POL","450CGS"
"TX","Texas","1973","OW","The Tax Burden on Tobacco","Cigarette Sales","236,280,843","$","Dollars","POINT (-99.426770206 31.827240407)","Table 12- Orzechowski and Walker, Tax Burden on Tobacco","POL","450POL","450CGS"
"UT","Utah","1973","OW","The Tax Burden on Tobacco","Cigarette Sales","6,534,971","$","Dollars","POINT (-111.587130635 39.360700171)","Table 12- Orzechowski and Walker, Tax Burden on Tobacco","POL","450POL","450CGS"
"VT","Vermont","1973","OW","The Tax Burden on Tobacco","Cigarette Sales","8,136,202","$","Dollars","POINT (-72.517640791 43.625381239)","Table 12- Orzechowski and Walker, Tax Burden on Tobacco","POL","450POL","450CGS"
"VA","Virginia","1973","OW","The Tax Burden on Tobacco","Cigarette Sales","17,043,000","$","Dollars","POINT (-78.457890463 37.542680674)","Table 12- Orzechowski and Walker, Tax Burden on Tobacco","POL","450POL","450CGS"
"WA","Washington","1973","OW","The Tax Burden on Tobacco","Cigarette Sales","50,113,233","$","Dollars","POINT (-120.47001079 47.522278629)","Table 12- Orzechowski and Walker, Tax Burden on Tobacco","POL","450POL","450CGS"
"WV","West Virginia","1973","OW","The Tax Burden on Tobacco","Cigarette Sales","24,924,000","$","Dollars","POINT (-80.712640135 38.665510202)","Table 12- Orzechowski and Walker, Tax Burden on Tobacco","POL","450POL","450CGS"
"WI","Wisconsin","1973","OW","The Tax Burden on Tobacco","Cigarette Sales","79,207,000","$","Dollars","POINT (-89.816370742 44.393191174)","Table 12- Orzechowski and Walker, Tax Burden on Tobacco","POL","450POL","450CGS"
"WY","Wyoming","1973","OW","The Tax Burden on Tobacco","Cigarette Sales","3,894,000","$","Dollars","POINT (-108.109830353 43.235541343)","Table 12- Orzechowski and Walker, Tax Burden on Tobacco","POL","450POL","450CGS"
"AL","Alabama","1972","OW","The Tax Burden on Tobacco","Cigarette Sales","42,198,422","$","Dollars","POINT (-86.631860762 32.840571122)","Table 12- Orzechowski and Walker, Tax Burden on Tobacco","POL","450POL","450CGS"
"AK","Alaska","1972","OW","The Tax Burden on Tobacco","Cigarette Sales","3,255,000","$","Dollars","POINT (-147.722059036 64.845079957001)","Table 12- Orzechowski and Walker, Tax Burden on Tobacco","POL","450POL","450CGS"
"AZ","Arizona","1972","OW","The Tax Burden on Tobacco","Cigarette Sales","23,116,211","$","Dollars","POINT (-111.763811277 34.86597028)","Table 12- Orzechowski and Walker, Tax Burden on Tobacco","POL","450POL","450CGS"
"AR","Arkansas","1972","OW","The Tax Burden on Tobacco","Cigarette Sales","35,848,433","$","Dollars","POINT (-92.274490743 34.748650124)","Table 12- Orzechowski and Walker, Tax Burden on Tobacco","POL","450POL","450CGS"
"CA","California","1972","OW","The Tax Burden on Tobacco","Cigarette Sales","249,849,000","$","Dollars","POINT (-120.999999538 37.638640123)","Table 12- Orzechowski and Walker, Tax Burden on Tobacco","POL","450POL","450CGS"
"CO","Colorado","1972","OW","The Tax Burden on Tobacco","Cigarette Sales","15,328,000","$","Dollars","POINT (-106.133610921 38.843840757)","Table 12- Orzechowski and Walker, Tax Burden on Tobacco","POL","450POL","450CGS"
"CT","Connecticut","1972","OW","The Tax Burden on Tobacco","Cigarette Sales","69,983,000","$","Dollars","POINT (-72.649840952 41.56266102)","Table 12- Orzechowski and Walker, Tax Burden on Tobacco","POL","450POL","450CGS"
"DE","Delaware","1972","OW","The Tax Burden on Tobacco","Cigarette Sales","11,983,000","$","Dollars","POINT (-75.577741168 39.008830667)","Table 12- Orzechowski and Walker, Tax Burden on Tobacco","POL","450POL","450CGS"
"DC","District of Columbia","1972","OW","The Tax Burden on Tobacco","Cigarette Sales","6,532,000","$","Dollars","POINT (-77.031961127 38.890371385)","Table 12- Orzechowski and Walker, Tax Burden on Tobacco","POL","450POL","450CGS"
"FL","Florida","1972","OW","The Tax Burden on Tobacco","Cigarette Sales","151,859,000","$","Dollars","POINT (-81.928960539 28.932040377)","Table 12- Orzechowski and Walker, Tax Burden on Tobacco","POL","450POL","450CGS"
"GA","Georgia","1972","OW","The Tax Burden on Tobacco","Cigarette Sales","65,455,470","$","Dollars","POINT (-83.627580346 32.839681093)","Table 12- Orzechowski and Walker, Tax Burden on Tobacco","POL","450POL","450CGS"
"HI","Hawaii","1972","OW","The Tax Burden on Tobacco","Cigarette Sales","5,870,637","$","Dollars","POINT (-157.857749403 21.304850435)","Table 12- Orzechowski and Walker, Tax Burden on Tobacco","POL","450POL","450CGS"
"ID","Idaho","1972","OW","The Tax Burden on Tobacco","Cigarette Sales","6,459,000","$","Dollars","POINT (-114.363730042 43.682630005)","Table 12- Orzechowski and Walker, Tax Burden on Tobacco","POL","450POL","450CGS"
"IL","Illinois","1972","OW","The Tax Burden on Tobacco","Cigarette Sales","170,514,000","$","Dollars","POINT (-88.997710178 40.485010283)","Table 12- Orzechowski and Walker, Tax Burden on Tobacco","POL","450POL","450CGS"
"IN","Indiana","1972","OW","The Tax Burden on Tobacco","Cigarette Sales","47,223,000","$","Dollars","POINT (-86.149960194 39.766910452)","Table 12- Orzechowski and Walker, Tax Burden on Tobacco","POL","450POL","450CGS"
"IA","Iowa","1972","OW","The Tax Burden on Tobacco","Cigarette Sales","40,547,730","$","Dollars","POINT (-93.816490556 42.469400913)","Table 12- Orzechowski and Walker, Tax Burden on Tobacco","POL","450POL","450CGS"
"KS","Kansas","1972","OW","The Tax Burden on Tobacco","Cigarette Sales","27,567,000","$","Dollars","POINT (-98.200781227 38.3477403)","Table 12- Orzechowski and Walker, Tax Burden on Tobacco","POL","450POL","450CGS"
"KY","Kentucky","1972","OW","The Tax Burden on Tobacco","Cigarette Sales","17,662,000","$","Dollars","POINT (-84.774971048 37.645970271)","Table 12- Orzechowski and Walker, Tax Burden on Tobacco","POL","450POL","450CGS"
"LA","Louisiana","1972","OW","The Tax Burden on Tobacco","Cigarette Sales","50,729,579","$","Dollars","POINT (-92.445680071 31.312660644)","Table 12- Orzechowski and Walker, Tax Burden on Tobacco","POL","450POL","450CGS"
"ME","Maine","1972","OW","The Tax Burden on Tobacco","Cigarette Sales","19,165,000","$","Dollars","POINT (-68.985031336 45.254228894001)","Table 12- Orzechowski and Walker, Tax Burden on Tobacco","POL","450POL","450CGS"
"MD","Maryland","1972","OW","The Tax Burden on Tobacco","Cigarette Sales","31,975,000","$","Dollars","POINT (-76.609260111 39.290580964)","Table 12- Orzechowski and Walker, Tax Burden on Tobacco","POL","450POL","450CGS"
"MA","Massachusetts","1972","OW","The Tax Burden on Tobacco","Cigarette Sales","108,629,000","$","Dollars","POINT (-72.082690675 42.27687047)","Table 12- Orzechowski and Walker, Tax Burden on Tobacco","POL","450POL","450CGS"
"MI","Michigan","1972","OW","The Tax Burden on Tobacco","Cigarette Sales","130,016,000","$","Dollars","POINT (-84.71439027 44.661319543001)","Table 12- Orzechowski and Walker, Tax Burden on Tobacco","POL","450POL","450CGS"
"MN","Minnesota","1972","OW","The Tax Burden on Tobacco","Cigarette Sales","61,451,715","$","Dollars","POINT (-94.794200503 46.355648736)","Table 12- Orzechowski and Walker, Tax Burden on Tobacco","POL","450POL","450CGS"
"MS","Mississippi","1972","OW","The Tax Burden on Tobacco","Cigarette Sales","22,467,168","$","Dollars","POINT (-89.538030825 32.745510099)","Table 12- Orzechowski and Walker, Tax Burden on Tobacco","POL","450POL","450CGS"
"MO","Missouri","1972","OW","The Tax Burden on Tobacco","Cigarette Sales","55,576,000","$","Dollars","POINT (-92.566300053 38.635790776)","Table 12- Orzechowski and Walker, Tax Burden on Tobacco","POL","450POL","450CGS"
"MT","Montana","1972","OW","The Tax Burden on Tobacco","Cigarette Sales","10,379,102","$","Dollars","POINT (-109.424420645 47.066528972)","Table 12- Orzechowski and Walker, Tax Burden on Tobacco","POL","450POL","450CGS"
"NE","Nebraska","1972","OW","The Tax Burden on Tobacco","Cigarette Sales","20,623,000","$","Dollars","POINT (-99.365720623 41.641040988001)","Table 12- Orzechowski and Walker, Tax Burden on Tobacco","POL","450POL","450CGS"
"NV","Nevada","1972","OW","The Tax Burden on Tobacco","Cigarette Sales","10,039,000","$","Dollars","POINT (-117.071840564 39.49324039)","Table 12- Orzechowski and Walker, Tax Burden on Tobacco","POL","450POL","450CGS"
"NH","New Hampshire","1972","OW","The Tax Burden on Tobacco","Cigarette Sales","24,229,304","$","Dollars","POINT (-71.50036092 43.655950113)","Table 12- Orzechowski and Walker, Tax Burden on Tobacco","POL","450POL","450CGS"
"NJ","New Jersey","1972","OW","The Tax Burden on Tobacco","Cigarette Sales","137,924,000","$","Dollars","POINT (-74.273691288 40.130570048)","Table 12- Orzechowski and Walker, Tax Burden on Tobacco","POL","450POL","450CGS"
"NM","New Mexico","1972","OW","The Tax Burden on Tobacco","Cigarette Sales","12,233,000","$","Dollars","POINT (-106.240580985 34.520880952)","Table 12- Orzechowski and Walker, Tax Burden on Tobacco","POL","450POL","450CGS"
"NY","New York","1972","OW","The Tax Burden on Tobacco","Cigarette Sales","293,877,000","$","Dollars","POINT (-75.543970427 42.827001032)","Table 12- Orzechowski and Walker, Tax Burden on Tobacco","POL","450POL","450CGS"
"NC","North Carolina","1972","OW","The Tax Burden on Tobacco","Cigarette Sales","22,040,000","$","Dollars","POINT (-79.159250463 35.466220975)","Table 12- Orzechowski and Walker, Tax Burden on Tobacco","POL","450POL","450CGS"
"ND","North Dakota","1972","OW","The Tax Burden on Tobacco","Cigarette Sales","7,139,673","$","Dollars","POINT (-100.118421049 47.475319779)","Table 12- Orzechowski and Walker, Tax Burden on Tobacco","POL","450POL","450CGS"
"OH","Ohio","1972","OW","The Tax Burden on Tobacco","Cigarette Sales","172,266,000","$","Dollars","POINT (-82.404260056 40.060210141)","Table 12- Orzechowski and Walker, Tax Burden on Tobacco","POL","450POL","450CGS"
"OK","Oklahoma","1972","OW","The Tax Burden on Tobacco","Cigarette Sales","41,295,131","$","Dollars","POINT (-97.521070214 35.472031356)","Table 12- Orzechowski and Walker, Tax Burden on Tobacco","POL","450POL","450CGS"
"OR","Oregon","1972","OW","The Tax Burden on Tobacco","Cigarette Sales","19,540,000","$","Dollars","POINT (-120.155031326 44.567449424)","Table 12- Orzechowski and Walker, Tax Burden on Tobacco","POL","450POL","450CGS"
"PA","Pennsylvania","1972","OW","The Tax Burden on Tobacco","Cigarette Sales","230,952,000","$","Dollars","POINT (-77.860700294 40.793730152)","Table 12- Orzechowski and Walker, Tax Burden on Tobacco","POL","450POL","450CGS"
"RI","Rhode Island","1972","OW","The Tax Burden on Tobacco","Cigarette Sales","16,769,392","$","Dollars","POINT (-71.522470314 41.708280193)","Table 12- Orzechowski and Walker, Tax Burden on Tobacco","POL","450POL","450CGS"
"SC","South Carolina","1972","OW","The Tax Burden on Tobacco","Cigarette Sales","18,928,116","$","Dollars","POINT (-81.045371207 33.998821303)","Table 12- Orzechowski and Walker, Tax Burden on Tobacco","POL","450POL","450CGS"
"SD","South Dakota","1972","OW","The Tax Burden on Tobacco","Cigarette Sales","8,280,000","$","Dollars","POINT (-100.373530637 44.353130053)","Table 12- Orzechowski and Walker, Tax Burden on Tobacco","POL","450POL","450CGS"
"TN","Tennessee","1972","OW","The Tax Burden on Tobacco","Cigarette Sales","57,838,793","$","Dollars","POINT (-85.774490914 35.68094058)","Table 12- Orzechowski and Walker, Tax Burden on Tobacco","POL","450POL","450CGS"
"TX","Texas","1972","OW","The Tax Burden on Tobacco","Cigarette Sales","226,503,540","$","Dollars","POINT (-99.426770206 31.827240407)","Table 12- Orzechowski and Walker, Tax Burden on Tobacco","POL","450POL","450CGS"
"UT","Utah","1972","OW","The Tax Burden on Tobacco","Cigarette Sales","6,272,275","$","Dollars","POINT (-111.587130635 39.360700171)","Table 12- Orzechowski and Walker, Tax Burden on Tobacco","POL","450POL","450CGS"
"VT","Vermont","1972","OW","The Tax Burden on Tobacco","Cigarette Sales","7,586,268","$","Dollars","POINT (-72.517640791 43.625381239)","Table 12- Orzechowski and Walker, Tax Burden on Tobacco","POL","450POL","450CGS"
"VA","Virginia","1972","OW","The Tax Burden on Tobacco","Cigarette Sales","16,147,000","$","Dollars","POINT (-78.457890463 37.542680674)","Table 12- Orzechowski and Walker, Tax Burden on Tobacco","POL","450POL","450CGS"
"WA","Washington","1972","OW","The Tax Burden on Tobacco","Cigarette Sales","48,833,040","$","Dollars","POINT (-120.47001079 47.522278629)","Table 12- Orzechowski and Walker, Tax Burden on Tobacco","POL","450POL","450CGS"
"WV","West Virginia","1972","OW","The Tax Burden on Tobacco","Cigarette Sales","24,717,000","$","Dollars","POINT (-80.712640135 38.665510202)","Table 12- Orzechowski and Walker, Tax Burden on Tobacco","POL","450POL","450CGS"
"WI","Wisconsin","1972","OW","The Tax Burden on Tobacco","Cigarette Sales","73,981,000","$","Dollars","POINT (-89.816370742 44.393191174)","Table 12- Orzechowski and Walker, Tax Burden on Tobacco","POL","450POL","450CGS"
"WY","Wyoming","1972","OW","The Tax Burden on Tobacco","Cigarette Sales","3,806,000","$","Dollars","POINT (-108.109830353 43.235541343)","Table 12- Orzechowski and Walker, Tax Burden on Tobacco","POL","450POL","450CGS"
"AL","Alabama","1971","OW","The Tax Burden on Tobacco","Cigarette Sales","39,490,694","$","Dollars","POINT (-86.631860762 32.840571122)","Table 12- Orzechowski and Walker, Tax Burden on Tobacco","POL","450POL","450CGS"
"AK","Alaska","1971","OW","The Tax Burden on Tobacco","Cigarette Sales","2,996,000","$","Dollars","POINT (-147.722059036 64.845079957001)","Table 12- Orzechowski and Walker, Tax Burden on Tobacco","POL","450POL","450CGS"
"AZ","Arizona","1971","OW","The Tax Burden on Tobacco","Cigarette Sales","19,640,088","$","Dollars","POINT (-111.763811277 34.86597028)","Table 12- Orzechowski and Walker, Tax Burden on Tobacco","POL","450POL","450CGS"
"AR","Arkansas","1971","OW","The Tax Burden on Tobacco","Cigarette Sales","27,438,688","$","Dollars","POINT (-92.274490743 34.748650124)","Table 12- Orzechowski and Walker, Tax Burden on Tobacco","POL","450POL","450CGS"
"CA","California","1971","OW","The Tax Burden on Tobacco","Cigarette Sales","241,878,000","$","Dollars","POINT (-120.999999538 37.638640123)","Table 12- Orzechowski and Walker, Tax Burden on Tobacco","POL","450POL","450CGS"
"CO","Colorado","1971","OW","The Tax Burden on Tobacco","Cigarette Sales","13,967,000","$","Dollars","POINT (-106.133610921 38.843840757)","Table 12- Orzechowski and Walker, Tax Burden on Tobacco","POL","450POL","450CGS"
"CT","Connecticut","1971","OW","The Tax Burden on Tobacco","Cigarette Sales","57,202,000","$","Dollars","POINT (-72.649840952 41.56266102)","Table 12- Orzechowski and Walker, Tax Burden on Tobacco","POL","450POL","450CGS"
"DE","Delaware","1971","OW","The Tax Burden on Tobacco","Cigarette Sales","9,805,000","$","Dollars","POINT (-75.577741168 39.008830667)","Table 12- Orzechowski and Walker, Tax Burden on Tobacco","POL","450POL","450CGS"
"DC","District of Columbia","1971","OW","The Tax Burden on Tobacco","Cigarette Sales","6,416,000","$","Dollars","POINT (-77.031961127 38.890371385)","Table 12- Orzechowski and Walker, Tax Burden on Tobacco","POL","450POL","450CGS"
"FL","Florida","1971","OW","The Tax Burden on Tobacco","Cigarette Sales","126,319,000","$","Dollars","POINT (-81.928960539 28.932040377)","Table 12- Orzechowski and Walker, Tax Burden on Tobacco","POL","450POL","450CGS"
"GA","Georgia","1971","OW","The Tax Burden on Tobacco","Cigarette Sales","49,778,215","$","Dollars","POINT (-83.627580346 32.839681093)","Table 12- Orzechowski and Walker, Tax Burden on Tobacco","POL","450POL","450CGS"
"HI","Hawaii","1971","OW","The Tax Burden on Tobacco","Cigarette Sales","5,785,606","$","Dollars","POINT (-157.857749403 21.304850435)","Table 12- Orzechowski and Walker, Tax Burden on Tobacco","POL","450POL","450CGS"
"ID","Idaho","1971","OW","The Tax Burden on Tobacco","Cigarette Sales","5,446,000","$","Dollars","POINT (-114.363730042 43.682630005)","Table 12- Orzechowski and Walker, Tax Burden on Tobacco","POL","450POL","450CGS"
"IL","Illinois","1971","OW","The Tax Burden on Tobacco","Cigarette Sales","167,207,000","$","Dollars","POINT (-88.997710178 40.485010283)","Table 12- Orzechowski and Walker, Tax Burden on Tobacco","POL","450POL","450CGS"
"IN","Indiana","1971","OW","The Tax Burden on Tobacco","Cigarette Sales","43,543,000","$","Dollars","POINT (-86.149960194 39.766910452)","Table 12- Orzechowski and Walker, Tax Burden on Tobacco","POL","450POL","450CGS"
"IA","Iowa","1971","OW","The Tax Burden on Tobacco","Cigarette Sales","33,339,377","$","Dollars","POINT (-93.816490556 42.469400913)","Table 12- Orzechowski and Walker, Tax Burden on Tobacco","POL","450POL","450CGS"
"KS","Kansas","1971","OW","The Tax Burden on Tobacco","Cigarette Sales","25,020,000","$","Dollars","POINT (-98.200781227 38.3477403)","Table 12- Orzechowski and Walker, Tax Burden on Tobacco","POL","450POL","450CGS"
"KY","Kentucky","1971","OW","The Tax Burden on Tobacco","Cigarette Sales","15,938,000","$","Dollars","POINT (-84.774971048 37.645970271)","Table 12- Orzechowski and Walker, Tax Burden on Tobacco","POL","450POL","450CGS"
"LA","Louisiana","1971","OW","The Tax Burden on Tobacco","Cigarette Sales","47,468,305","$","Dollars","POINT (-92.445680071 31.312660644)","Table 12- Orzechowski and Walker, Tax Burden on Tobacco","POL","450POL","450CGS"
"ME","Maine","1971","OW","The Tax Burden on Tobacco","Cigarette Sales","15,898,000","$","Dollars","POINT (-68.985031336 45.254228894001)","Table 12- Orzechowski and Walker, Tax Burden on Tobacco","POL","450POL","450CGS"
"MD","Maryland","1971","OW","The Tax Burden on Tobacco","Cigarette Sales","29,936,000","$","Dollars","POINT (-76.609260111 39.290580964)","Table 12- Orzechowski and Walker, Tax Burden on Tobacco","POL","450POL","450CGS"
"MA","Massachusetts","1971","OW","The Tax Burden on Tobacco","Cigarette Sales","88,880,000","$","Dollars","POINT (-72.082690675 42.27687047)","Table 12- Orzechowski and Walker, Tax Burden on Tobacco","POL","450POL","450CGS"
"MI","Michigan","1971","OW","The Tax Burden on Tobacco","Cigarette Sales","123,495,000","$","Dollars","POINT (-84.71439027 44.661319543001)","Table 12- Orzechowski and Walker, Tax Burden on Tobacco","POL","450POL","450CGS"
"MN","Minnesota","1971","OW","The Tax Burden on Tobacco","Cigarette Sales","57,865,633","$","Dollars","POINT (-94.794200503 46.355648736)","Table 12- Orzechowski and Walker, Tax Burden on Tobacco","POL","450POL","450CGS"
"MS","Mississippi","1971","OW","The Tax Burden on Tobacco","Cigarette Sales","21,021,142","$","Dollars","POINT (-89.538030825 32.745510099)","Table 12- Orzechowski and Walker, Tax Burden on Tobacco","POL","450POL","450CGS"
"MO","Missouri","1971","OW","The Tax Burden on Tobacco","Cigarette Sales","54,050,000","$","Dollars","POINT (-92.566300053 38.635790776)","Table 12- Orzechowski and Walker, Tax Burden on Tobacco","POL","450POL","450CGS"
"MT","Montana","1971","OW","The Tax Burden on Tobacco","Cigarette Sales","6,995,643","$","Dollars","POINT (-109.424420645 47.066528972)","Table 12- Orzechowski and Walker, Tax Burden on Tobacco","POL","450POL","450CGS"
"NE","Nebraska","1971","OW","The Tax Burden on Tobacco","Cigarette Sales","14,171,000","$","Dollars","POINT (-99.365720623 41.641040988001)","Table 12- Orzechowski and Walker, Tax Burden on Tobacco","POL","450POL","450CGS"
"NV","Nevada","1971","OW","The Tax Burden on Tobacco","Cigarette Sales","9,366,000","$","Dollars","POINT (-117.071840564 39.49324039)","Table 12- Orzechowski and Walker, Tax Burden on Tobacco","POL","450POL","450CGS"
"NH","New Hampshire","1971","OW","The Tax Burden on Tobacco","Cigarette Sales","17,820,597","$","Dollars","POINT (-71.50036092 43.655950113)","Table 12- Orzechowski and Walker, Tax Burden on Tobacco","POL","450POL","450CGS"
"NJ","New Jersey","1971","OW","The Tax Burden on Tobacco","Cigarette Sales","125,984,000","$","Dollars","POINT (-74.273691288 40.130570048)","Table 12- Orzechowski and Walker, Tax Burden on Tobacco","POL","450POL","450CGS"
"NM","New Mexico","1971","OW","The Tax Burden on Tobacco","Cigarette Sales","11,258,000","$","Dollars","POINT (-106.240580985 34.520880952)","Table 12- Orzechowski and Walker, Tax Burden on Tobacco","POL","450POL","450CGS"
"NY","New York","1971","OW","The Tax Burden on Tobacco","Cigarette Sales","270,069,000","$","Dollars","POINT (-75.543970427 42.827001032)","Table 12- Orzechowski and Walker, Tax Burden on Tobacco","POL","450POL","450CGS"
"NC","North Carolina","1971","OW","The Tax Burden on Tobacco","Cigarette Sales","19,098,000","$","Dollars","POINT (-79.159250463 35.466220975)","Table 12- Orzechowski and Walker, Tax Burden on Tobacco","POL","450POL","450CGS"
"ND","North Dakota","1971","OW","The Tax Burden on Tobacco","Cigarette Sales","6,695,694","$","Dollars","POINT (-100.118421049 47.475319779)","Table 12- Orzechowski and Walker, Tax Burden on Tobacco","POL","450POL","450CGS"
"OH","Ohio","1971","OW","The Tax Burden on Tobacco","Cigarette Sales","133,146,000","$","Dollars","POINT (-82.404260056 40.060210141)","Table 12- Orzechowski and Walker, Tax Burden on Tobacco","POL","450POL","450CGS"
"OK","Oklahoma","1971","OW","The Tax Burden on Tobacco","Cigarette Sales","38,577,881","$","Dollars","POINT (-97.521070214 35.472031356)","Table 12- Orzechowski and Walker, Tax Burden on Tobacco","POL","450POL","450CGS"
"OR","Oregon","1971","OW","The Tax Burden on Tobacco","Cigarette Sales","13,280,000","$","Dollars","POINT (-120.155031326 44.567449424)","Table 12- Orzechowski and Walker, Tax Burden on Tobacco","POL","450POL","450CGS"
"PA","Pennsylvania","1971","OW","The Tax Burden on Tobacco","Cigarette Sales","226,203,000","$","Dollars","POINT (-77.860700294 40.793730152)","Table 12- Orzechowski and Walker, Tax Burden on Tobacco","POL","450POL","450CGS"
"RI","Rhode Island","1971","OW","The Tax Burden on Tobacco","Cigarette Sales","15,231,385","$","Dollars","POINT (-71.522470314 41.708280193)","Table 12- Orzechowski and Walker, Tax Burden on Tobacco","POL","450POL","450CGS"
"SC","South Carolina","1971","OW","The Tax Burden on Tobacco","Cigarette Sales","17,911,044","$","Dollars","POINT (-81.045371207 33.998821303)","Table 12- Orzechowski and Walker, Tax Burden on Tobacco","POL","450POL","450CGS"
"SD","South Dakota","1971","OW","The Tax Burden on Tobacco","Cigarette Sales","7,730,000","$","Dollars","POINT (-100.373530637 44.353130053)","Table 12- Orzechowski and Walker, Tax Burden on Tobacco","POL","450POL","450CGS"
"TN","Tennessee","1971","OW","The Tax Burden on Tobacco","Cigarette Sales","54,324,788","$","Dollars","POINT (-85.774490914 35.68094058)","Table 12- Orzechowski and Walker, Tax Burden on Tobacco","POL","450POL","450CGS"
"TX","Texas","1971","OW","The Tax Burden on Tobacco","Cigarette Sales","189,942,675","$","Dollars","POINT (-99.426770206 31.827240407)","Table 12- Orzechowski and Walker, Tax Burden on Tobacco","POL","450POL","450CGS"
"UT","Utah","1971","OW","The Tax Burden on Tobacco","Cigarette Sales","5,794,213","$","Dollars","POINT (-111.587130635 39.360700171)","Table 12- Orzechowski and Walker, Tax Burden on Tobacco","POL","450POL","450CGS"
"VT","Vermont","1971","OW","The Tax Burden on Tobacco","Cigarette Sales","6,674,580","$","Dollars","POINT (-72.517640791 43.625381239)","Table 12- Orzechowski and Walker, Tax Burden on Tobacco","POL","450POL","450CGS"
"VA","Virginia","1971","OW","The Tax Burden on Tobacco","Cigarette Sales","14,934,000","$","Dollars","POINT (-78.457890463 37.542680674)","Table 12- Orzechowski and Walker, Tax Burden on Tobacco","POL","450POL","450CGS"
"WA","Washington","1971","OW","The Tax Burden on Tobacco","Cigarette Sales","37,667,627","$","Dollars","POINT (-120.47001079 47.522278629)","Table 12- Orzechowski and Walker, Tax Burden on Tobacco","POL","450POL","450CGS"
"WV","West Virginia","1971","OW","The Tax Burden on Tobacco","Cigarette Sales","23,472,000","$","Dollars","POINT (-80.712640135 38.665510202)","Table 12- Orzechowski and Walker, Tax Burden on Tobacco","POL","450POL","450CGS"
"WI","Wisconsin","1971","OW","The Tax Burden on Tobacco","Cigarette Sales","65,437,000","$","Dollars","POINT (-89.816370742 44.393191174)","Table 12- Orzechowski and Walker, Tax Burden on Tobacco","POL","450POL","450CGS"
"WY","Wyoming","1971","OW","The Tax Burden on Tobacco","Cigarette Sales","3,517,000","$","Dollars","POINT (-108.109830353 43.235541343)","Table 12- Orzechowski and Walker, Tax Burden on Tobacco","POL","450POL","450CGS"
"AL","Alabama","1970","OW","The Tax Burden on Tobacco","Cigarette Sales","36,739,131","$","Dollars","POINT (-86.631860762 32.840571122)","Table 12- Orzechowski and Walker, Tax Burden on Tobacco","POL","450POL","450CGS"
"AK","Alaska","1970","OW","The Tax Burden on Tobacco","Cigarette Sales","2,737,000","$","Dollars","POINT (-147.722059036 64.845079957001)","Table 12- Orzechowski and Walker, Tax Burden on Tobacco","POL","450POL","450CGS"
"AZ","Arizona","1970","OW","The Tax Burden on Tobacco","Cigarette Sales","19,510,371","$","Dollars","POINT (-111.763811277 34.86597028)","Table 12- Orzechowski and Walker, Tax Burden on Tobacco","POL","450POL","450CGS"
"AR","Arkansas","1970","OW","The Tax Burden on Tobacco","Cigarette Sales","24,493,875","$","Dollars","POINT (-92.274490743 34.748650124)","Table 12- Orzechowski and Walker, Tax Burden on Tobacco","POL","450POL","450CGS"
"CA","California","1970","OW","The Tax Burden on Tobacco","Cigarette Sales","239,111,000","$","Dollars","POINT (-120.999999538 37.638640123)","Table 12- Orzechowski and Walker, Tax Burden on Tobacco","POL","450POL","450CGS"
"CO","Colorado","1970","OW","The Tax Burden on Tobacco","Cigarette Sales","13,101,000","$","Dollars","POINT (-106.133610921 38.843840757)","Table 12- Orzechowski and Walker, Tax Burden on Tobacco","POL","450POL","450CGS"
"CT","Connecticut","1970","OW","The Tax Burden on Tobacco","Cigarette Sales","57,913,000","$","Dollars","POINT (-72.649840952 41.56266102)","Table 12- Orzechowski and Walker, Tax Burden on Tobacco","POL","450POL","450CGS"
"DE","Delaware","1970","OW","The Tax Burden on Tobacco","Cigarette Sales","9,328,000","$","Dollars","POINT (-75.577741168 39.008830667)","Table 12- Orzechowski and Walker, Tax Burden on Tobacco","POL","450POL","450CGS"
"DC","District of Columbia","1970","OW","The Tax Burden on Tobacco","Cigarette Sales","5,801,000","$","Dollars","POINT (-77.031961127 38.890371385)","Table 12- Orzechowski and Walker, Tax Burden on Tobacco","POL","450POL","450CGS"
"FL","Florida","1970","OW","The Tax Burden on Tobacco","Cigarette Sales","117,819,000","$","Dollars","POINT (-81.928960539 28.932040377)","Table 12- Orzechowski and Walker, Tax Burden on Tobacco","POL","450POL","450CGS"
"GA","Georgia","1970","OW","The Tax Burden on Tobacco","Cigarette Sales","40,789,310","$","Dollars","POINT (-83.627580346 32.839681093)","Table 12- Orzechowski and Walker, Tax Burden on Tobacco","POL","450POL","450CGS"
"HI","Hawaii","1970","OW","The Tax Burden on Tobacco","Cigarette Sales","5,219,278","$","Dollars","POINT (-157.857749403 21.304850435)","Table 12- Orzechowski and Walker, Tax Burden on Tobacco","POL","450POL","450CGS"
"ID","Idaho","1970","OW","The Tax Burden on Tobacco","Cigarette Sales","5,142,000","$","Dollars","POINT (-114.363730042 43.682630005)","Table 12- Orzechowski and Walker, Tax Burden on Tobacco","POL","450POL","450CGS"
"IL","Illinois","1970","OW","The Tax Burden on Tobacco","Cigarette Sales","159,536,073","$","Dollars","POINT (-88.997710178 40.485010283)","Table 12- Orzechowski and Walker, Tax Burden on Tobacco","POL","450POL","450CGS"
"IN","Indiana","1970","OW","The Tax Burden on Tobacco","Cigarette Sales","41,334,000","$","Dollars","POINT (-86.149960194 39.766910452)","Table 12- Orzechowski and Walker, Tax Burden on Tobacco","POL","450POL","450CGS"
"IA","Iowa","1970","OW","The Tax Burden on Tobacco","Cigarette Sales","30,155,675","$","Dollars","POINT (-93.816490556 42.469400913)","Table 12- Orzechowski and Walker, Tax Burden on Tobacco","POL","450POL","450CGS"
"KS","Kansas","1970","OW","The Tax Burden on Tobacco","Cigarette Sales","21,175,000","$","Dollars","POINT (-98.200781227 38.3477403)","Table 12- Orzechowski and Walker, Tax Burden on Tobacco","POL","450POL","450CGS"
"KY","Kentucky","1970","OW","The Tax Burden on Tobacco","Cigarette Sales","12,587,000","$","Dollars","POINT (-84.774971048 37.645970271)","Table 12- Orzechowski and Walker, Tax Burden on Tobacco","POL","450POL","450CGS"
"LA","Louisiana","1970","OW","The Tax Burden on Tobacco","Cigarette Sales","34,727,292","$","Dollars","POINT (-92.445680071 31.312660644)","Table 12- Orzechowski and Walker, Tax Burden on Tobacco","POL","450POL","450CGS"
"ME","Maine","1970","OW","The Tax Burden on Tobacco","Cigarette Sales","15,081,000","$","Dollars","POINT (-68.985031336 45.254228894001)","Table 12- Orzechowski and Walker, Tax Burden on Tobacco","POL","450POL","450CGS"
"MD","Maryland","1970","OW","The Tax Burden on Tobacco","Cigarette Sales","27,906,000","$","Dollars","POINT (-76.609260111 39.290580964)","Table 12- Orzechowski and Walker, Tax Burden on Tobacco","POL","450POL","450CGS"
"MA","Massachusetts","1970","OW","The Tax Burden on Tobacco","Cigarette Sales","81,570,000","$","Dollars","POINT (-72.082690675 42.27687047)","Table 12- Orzechowski and Walker, Tax Burden on Tobacco","POL","450POL","450CGS"
"MI","Michigan","1970","OW","The Tax Burden on Tobacco","Cigarette Sales","85,396,000","$","Dollars","POINT (-84.71439027 44.661319543001)","Table 12- Orzechowski and Walker, Tax Burden on Tobacco","POL","450POL","450CGS"
"MN","Minnesota","1970","OW","The Tax Burden on Tobacco","Cigarette Sales","50,168,632","$","Dollars","POINT (-94.794200503 46.355648736)","Table 12- Orzechowski and Walker, Tax Burden on Tobacco","POL","450POL","450CGS"
"MS","Mississippi","1970","OW","The Tax Burden on Tobacco","Cigarette Sales","19,844,033","$","Dollars","POINT (-89.538030825 32.745510099)","Table 12- Orzechowski and Walker, Tax Burden on Tobacco","POL","450POL","450CGS"
"MO","Missouri","1970","OW","The Tax Burden on Tobacco","Cigarette Sales","50,999,000","$","Dollars","POINT (-92.566300053 38.635790776)","Table 12- Orzechowski and Walker, Tax Burden on Tobacco","POL","450POL","450CGS"
"MT","Montana","1970","OW","The Tax Burden on Tobacco","Cigarette Sales","6,166,869","$","Dollars","POINT (-109.424420645 47.066528972)","Table 12- Orzechowski and Walker, Tax Burden on Tobacco","POL","450POL","450CGS"
"NE","Nebraska","1970","OW","The Tax Burden on Tobacco","Cigarette Sales","12,529,000","$","Dollars","POINT (-99.365720623 41.641040988001)","Table 12- Orzechowski and Walker, Tax Burden on Tobacco","POL","450POL","450CGS"
"NV","Nevada","1970","OW","The Tax Burden on Tobacco","Cigarette Sales","8,729,000","$","Dollars","POINT (-117.071840564 39.49324039)","Table 12- Orzechowski and Walker, Tax Burden on Tobacco","POL","450POL","450CGS"
"NH","New Hampshire","1970","OW","The Tax Burden on Tobacco","Cigarette Sales","13,331,935","$","Dollars","POINT (-71.50036092 43.655950113)","Table 12- Orzechowski and Walker, Tax Burden on Tobacco","POL","450POL","450CGS"
"NJ","New Jersey","1970","OW","The Tax Burden on Tobacco","Cigarette Sales","120,808,000","$","Dollars","POINT (-74.273691288 40.130570048)","Table 12- Orzechowski and Walker, Tax Burden on Tobacco","POL","450POL","450CGS"
"NM","New Mexico","1970","OW","The Tax Burden on Tobacco","Cigarette Sales","10,731,000","$","Dollars","POINT (-106.240580985 34.520880952)","Table 12- Orzechowski and Walker, Tax Burden on Tobacco","POL","450POL","450CGS"
"NY","New York","1970","OW","The Tax Burden on Tobacco","Cigarette Sales","261,698,000","$","Dollars","POINT (-75.543970427 42.827001032)","Table 12- Orzechowski and Walker, Tax Burden on Tobacco","POL","450POL","450CGS"
"NC","North Carolina","1970","OW","The Tax Burden on Tobacco","Cigarette Sales","13,459,000","$","Dollars","POINT (-79.159250463 35.466220975)","Table 12- Orzechowski and Walker, Tax Burden on Tobacco","POL","450POL","450CGS"
"ND","North Dakota","1970","OW","The Tax Burden on Tobacco","Cigarette Sales","6,261,213","$","Dollars","POINT (-100.118421049 47.475319779)","Table 12- Orzechowski and Walker, Tax Burden on Tobacco","POL","450POL","450CGS"
"OH","Ohio","1970","OW","The Tax Burden on Tobacco","Cigarette Sales","127,544,000","$","Dollars","POINT (-82.404260056 40.060210141)","Table 12- Orzechowski and Walker, Tax Burden on Tobacco","POL","450POL","450CGS"
"OK","Oklahoma","1970","OW","The Tax Burden on Tobacco","Cigarette Sales","36,185,928","$","Dollars","POINT (-97.521070214 35.472031356)","Table 12- Orzechowski and Walker, Tax Burden on Tobacco","POL","450POL","450CGS"
"OR","Oregon","1970","OW","The Tax Burden on Tobacco","Cigarette Sales","12,760,000","$","Dollars","POINT (-120.155031326 44.567449424)","Table 12- Orzechowski and Walker, Tax Burden on Tobacco","POL","450POL","450CGS"
"PA","Pennsylvania","1970","OW","The Tax Burden on Tobacco","Cigarette Sales","194,682,000","$","Dollars","POINT (-77.860700294 40.793730152)","Table 12- Orzechowski and Walker, Tax Burden on Tobacco","POL","450POL","450CGS"
"RI","Rhode Island","1970","OW","The Tax Burden on Tobacco","Cigarette Sales","14,682,391","$","Dollars","POINT (-71.522470314 41.708280193)","Table 12- Orzechowski and Walker, Tax Burden on Tobacco","POL","450POL","450CGS"
"SC","South Carolina","1970","OW","The Tax Burden on Tobacco","Cigarette Sales","16,737,672","$","Dollars","POINT (-81.045371207 33.998821303)","Table 12- Orzechowski and Walker, Tax Burden on Tobacco","POL","450POL","450CGS"
"SD","South Dakota","1970","OW","The Tax Burden on Tobacco","Cigarette Sales","7,360,000","$","Dollars","POINT (-100.373530637 44.353130053)","Table 12- Orzechowski and Walker, Tax Burden on Tobacco","POL","450POL","450CGS"
"TN","Tennessee","1970","OW","The Tax Burden on Tobacco","Cigarette Sales","51,529,552","$","Dollars","POINT (-85.774490914 35.68094058)","Table 12- Orzechowski and Walker, Tax Burden on Tobacco","POL","450POL","450CGS"
"TX","Texas","1970","OW","The Tax Burden on Tobacco","Cigarette Sales","169,554,206","$","Dollars","POINT (-99.426770206 31.827240407)","Table 12- Orzechowski and Walker, Tax Burden on Tobacco","POL","450POL","450CGS"
"UT","Utah","1970","OW","The Tax Burden on Tobacco","Cigarette Sales","5,473,433","$","Dollars","POINT (-111.587130635 39.360700171)","Table 12- Orzechowski and Walker, Tax Burden on Tobacco","POL","450POL","450CGS"
"VT","Vermont","1970","OW","The Tax Burden on Tobacco","Cigarette Sales","6,458,913","$","Dollars","POINT (-72.517640791 43.625381239)","Table 12- Orzechowski and Walker, Tax Burden on Tobacco","POL","450POL","450CGS"
"VA","Virginia","1970","OW","The Tax Burden on Tobacco","Cigarette Sales","14,508,000","$","Dollars","POINT (-78.457890463 37.542680674)","Table 12- Orzechowski and Walker, Tax Burden on Tobacco","POL","450POL","450CGS"
"WA","Washington","1970","OW","The Tax Burden on Tobacco","Cigarette Sales","36,210,467","$","Dollars","POINT (-120.47001079 47.522278629)","Table 12- Orzechowski and Walker, Tax Burden on Tobacco","POL","450POL","450CGS"
"WV","West Virginia","1970","OW","The Tax Burden on Tobacco","Cigarette Sales","14,580,000","$","Dollars","POINT (-80.712640135 38.665510202)","Table 12- Orzechowski and Walker, Tax Burden on Tobacco","POL","450POL","450CGS"
"WI","Wisconsin","1970","OW","The Tax Burden on Tobacco","Cigarette Sales","59,274,000","$","Dollars","POINT (-89.816370742 44.393191174)","Table 12- Orzechowski and Walker, Tax Burden on Tobacco","POL","450POL","450CGS"
"WY","Wyoming","1970","OW","The Tax Burden on Tobacco","Cigarette Sales","3,381,000","$","Dollars","POINT (-108.109830353 43.235541343)","Table 12- Orzechowski and Walker, Tax Burden on Tobacco","POL","450POL","450CGS"
